id,text,tags,colors
-1,H,hotline;h logo;letter h;small icon;pixel art,red;black
1,Sin Grafix 2.5,sin grafix;icon set;fire;grunge;logo;banner,brown;red;gold
11,H,hotline;h logo;letter h;small icon;pixel art,red;black
127,Bad Moon Icons 5.0,bad moon icons;icon set;hammer and sickle;soviet;communist;dot matrix,gray;black;brown
128,Z,letter z;parchment;paper texture;beige;plain,brown;yellow;orange
129,i never went to highschool... arooah!,nwo;wrestling;face;mouth;man;quote;photo,white;gray;pink
130,,apple;mac;apple logo;traffic lights;aqua buttons;mac os x,white
131,,parchment;paper texture;symbol;beige;emblem,brown;gray
132,,mac os;finder;abstract;gradient;blurry,blue;gray
133,Marathon,marathon;bungie;game;video game;logo;gray,gray
134,,abstract;psychedelic;colorful;swirl;blurry,white;pink;orange;yellow
135,23 26' 19'',coordinates;noise;static;gray;abstract,white;gray
136,,snowman;santa claus;christmas;winter;holiday;face,white;gray
137,Be OS,beos;operating system;logo;be inc;computer,blue
138,,psychedelic;glitch;colorful;noise;abstract,gray;pink;green;yellow
139,MacLine,macline;letter m;logo;blue gradient;mac,blue;gray;black
140,,colorful;gradient;pastel;abstract;ball,cyan;white
141,,alien;alien head;eyes;gray;ufo;sci-fi,white;gray
142,,star trek;starfleet;badge;woman;sci-fi;photo,brown;red;gray
143,,spider;bug;leaves;nature;green,white;yellow;gray;gold
144,,rocket;spaceship;space;small icon;pixel art,black;white;gray
145,,battery;usb;cable;plug;computer;white,white
146,,rising sun;japan;japanese flag;red;small icon,red
147,,woman;face;eyes;black and white;photo,black;gray
148,I'm a User,user;face;man;silhouette;orange gradient,orange;brown;black
149,,cow;cow print;spots;black and white;animal,black;white;gray
150,,yoshi;nintendo;mario;dinosaur;small icon;pixel art,green;black;white
151,,toilet paper;roll;small icon;pixel art;white,gray;white
152,,volkswagen;vw;car;logo;glitch;noise,gray;black
153,,horse;dala horse;animal;red;small icon,red;black
154,,bull;animal;parchment;paper texture;beige,brown;gray
155,,face;sunglasses;man;cartoon;small icon;smiley,red;orange
156,,biohazard;ball;symbol;orange;small icon,black;yellow;red
157,Eyecons,eyecons;eye;icon set;green gradient;logo,green;white
158,,apple;mac;finder;rainbow;small icon,blue;black;gray
159,,keroppi;frog;sanrio;cute;cartoon;small icon,gray;gold;white
160,Canada,canada;canadian flag;flag;maple leaf;red,red;pink;white
161,,basketball;ball;sports;small icon;orange,black;red
162,Dutchie,netherlands;dutch flag;flag;holland;dutchie,pink;blue;white
163,,cube;box;3d;purple;small icon,white;purple;gray
164,,parchment;paper texture;symbol;beige;emblem,yellow;orange;brown
165,Stormtrooper,stormtrooper;star wars;helmet;sci-fi;gray gradient,gray;white
166,,heart;love;red;small icon;pixel art,red;black
167,,globe;earth;world;planet;small icon,blue;white;black;green
168,Bot,bot;robot;robot head;red gradient;chat bot,gray;red;white
169,,rocket;spaceship;space;small icon;pixel art,black;white
170,,ball;sphere;green;texture;small icon,green;black
171,,mac os;finder;finder face;apple;mac;small icon,blue;black;white
172,,star trek;starfleet;badge;communicator;sci-fi;small icon,black;white
173,,sandwich;sub;food;hoagie;small icon,black;gold;red;orange
174,,cat;sylvester;looney tunes;cartoon;small icon,black;white
175,i,info;information;letter i;blue;small icon,blue;black
176,,planet;ring;space;saturn;small icon,blue;red;orange;yellow
177,,cd;disc;ring;gear;small icon,cyan;black;white
178,,circle;logo;black and white;symbol;small icon,black;white
179,,bean;coffee bean;jelly bean;brown;small icon,red;black
180,,ham;meat;food;small icon;pink,black;red;pink;white
181,,rocket;spaceship;space;red;small icon,black;red;white
182,,hand;palm;wave;stop;small icon,orange;black;yellow
183,,camel;animal;silhouette;black;small icon,black
184,,spy;man;hat;silhouette;small icon,black
185,,monster;creature;cartoon;brown;small icon,black;brown;red;orange
186,,smiley;sad face;frown;yellow;emoticon;small icon,yellow;gray;black
187,,ghost;monster;creature;cyan;cartoon;small icon,cyan;gray;blue
188,,peace sign;peace;sky;clouds;hippie,gray
189,,music note;music;note;black;small icon,black;gray
190,,person;user;figure;green;small icon,green;black;gray
191,,person;user;figure;gray;small icon,gray;black
192,,person;user;figure;red;small icon,white;black
193,,person;user;figure;yellow;small icon,black;yellow;orange;gray
194,,person;user;figure;blue;small icon,black;blue;purple
195,,person;user;figure;rainbow;apple;small icon,white;black
196,,user;person;admin;document;small icon,blue;black;gray
197,,faces;two faces;users;people;small icon,brown;orange;black
198,,gear;cog;settings;gray;small icon,gray
199,,diamond;gem;purple;shape;small icon,blue;black
200,,people;group;users;crowd;small icon,black;red;gray
201,,camera;webcam;eye;small icon,gray;blue;black;cyan
202,,square;frame;box;red;small icon,black
203,,picture;image;chart;stamp;small icon,black;orange;red
204,,kirby;nintendo;cute;pink;video game;face,white
205,,refresh;reload;arrow;circular arrow;small icon,black
206,,face;speech bubble;alert;exclamation;hotline;small icon,black;white;orange
207,,warning;caution;triangle;exclamation;small icon,yellow;black
208,,palette;paint;art;colors;small icon,white;black
209,,glasses;eyeglasses;spectacles;small icon,blue;black
210,,document;download;arrow;file;small icon,white;black
211,,document;upload;arrow;file;small icon,white;black
212,,trash;trash can;delete;garbage;small icon,gray;black;white
213,,stop;stop sign;hand;red;small icon,black;orange;red
214,,cd;disc;paint;brush;small icon,black;yellow
215,,info;information;letter i;black;small icon,black;white
216,,traffic light;green light;light;small icon,green;black;gray
217,,magnifying glass;search;document;find;small icon,white;black
218,,arrow;up arrow;black;small icon,black
219,,arrow;right arrow;black;small icon,black
220,,face;document;message;speech;small icon,black;orange;white
221,,box;toolbox;arrow;brown;small icon,black;red;orange
222,,document;pin;note;file;small icon,white;black
223,,pencil;write;edit;small icon,black;gold
224,,arrow;up arrow;black;small icon,black
225,,arrow;down arrow;black;small icon,black
226,,face;crossed out;no;prohibited;small icon,black;red;orange
227,,faces;crossed out;no;prohibited;small icon,orange;red;black
230,,door;exit;logout;arrow;small icon,blue;black
231,,box;toolbox;brown;small icon,black;orange
232,,network;nodes;triangle;connection;small icon,gray;black;blue
233,,globe;earth;world;planet;small icon,blue;green;black
234,,person;user;add user;plus;small icon,black;yellow;gray;orange
235,,documents;files;pages;small icon,black;blue;white;gray
236,,newspaper;news;small icon,white;gray;black
237,,faces;two faces;users;people;small icon,orange;black
238,,face;speech bubble;message;hotline;small icon,black;white;orange
239,,face;speech bubble;alert;exclamation;hotline;small icon,black;white;orange
240,,arrow;triangle;right;disclosure;small icon,blue;gray
241,,arrow;triangle;down;disclosure;small icon,blue;gray
242,,faces;two faces;users;people;small icon,orange;black
243,,people;group;users;crowd;small icon,black;red;gray
244,$,dollar sign;money;green;small icon,black;green
245,,film;movie;video;filmstrip;small icon,white;black
246,,document;file;arrow;small icon,white;black;gray
247,,document;text file;arrow;small icon,white;black;gray
250,,person;user;figure;green;small icon,white;green;gray;black
251,,person;user;figure;gray;small icon,white;gray;black
252,,person;user;figure;red;small icon,white;black;gray
253,,person;user;figure;yellow;small icon,white;gray;black;yellow
276,,books;stack;library;small icon,black;orange;gray;blue
277,,book;open book;reading;red;small icon,black;white;red
278,,flag;red flag;small icon,white;black;red
333,,java;duke;mascot;cartoon;small icon,white;gray
400,,document;blank page;file;plain;small icon,white;black
401,,folder;file folder;small icon,blue;black
402,,document;file;page;small icon,white;gray;black
403,,document;file;letter g;small icon,black;white;blue
404,,document;text file;page;small icon,white;black
405,,window;application;app;small icon,black;white;gray
406,,document;image file;shapes;small icon,white;black
407,,document;image;diamond;small icon,black;white
408,H,document;hotline;h logo;file;small icon,white;black;red
409,,document;image file;picture;small icon,black;white;blue
410,H,hotline;h logo;parchment;paper texture;beige,brown;orange
411,,arrows;swap;exchange;green;blue;small icon,black;green;blue
412,,no;prohibited;ban;forbidden;circle;small icon,black
413,,newspaper;news;small icon,white;gray;black
414,,face;head;user;small icon,orange;black
415,,faces;two faces;users;people;small icon,orange;black
416,,arrows;four arrows;move;green;small icon,black;green;blue
417,,person;user;figure;yellow;small icon,black;yellow;orange;gray
418,,person;user;add user;plus;small icon,black;yellow;gray;orange
419,,list;radio buttons;options;small icon,black;gray
420,,book;open book;reading;small icon,black;gray;white
421,,folder;download;arrow;small icon,blue;black
422,?,document;question mark;unknown file;small icon,white;black;gray
423,,document;floppy disk;save;small icon,black;white;gray
424,,document;music note;audio file;small icon,black;white
425,,document;film;movie file;video;small icon,black;white
426,,document;arrow;file;small icon,black;white
427,,document;cd;disc;small icon,white;gray;black
500,HX,hx;hotline;parchment;paper texture;beige,brown;orange;yellow
666,,pentagram;star;satanic;parchment;paper texture,brown;orange
706,,demon;monster;red eyes;dark;pixel art;horror,gray;black
824,HX,hx;hotline;green;small icon;logo,black;green;gray
1000,,stop;stop sign;hand;octagon;red,red;orange;brown
1001,,face;speech bubble;message;chat;hotline,black;white;orange;gray
1002,,warning;caution;triangle;exclamation;yellow,yellow;black;gray
1003,?,face;speech bubble;question mark;help;hotline,black;white;orange;gray
1004,Red,red series;purple;glow;pink;abstract,pink;purple
1005,Red,red series;eye;woman;face;photo,gray;brown;black
1006,Red,red series;pixel art;yellow;figures;black,black;gold
1007,Red,red series;blue;texture;dark;abstract,black;blue
1008,Red UNIX,red series;unix;operating system;computer;green,black;green
1009,"Red Where there is a shell, there is a way.",red series;unix;shell;terminal;quote;computer,black;green
1010,Red,red series;purple;logo;eye;abstract,black;red
1011,Red think,red series;think;light bulb;gray;idea,gray
1012,Red Venom,red series;venom;spider-man;marvel;comics;villain,black;red
1013,Red blow me.,red series;rude;crude;humor;black,black;gold;yellow
1014,Red,red series;pyramid;triangle;gold;black,black;gold
1015,Red Call of Duty,red series;call of duty;video game;fps;military;logo,black;gray;white
1016,Red MW3,red series;call of duty;modern warfare 3;mw3;video game;military,green;black
1017,Red Ghost Recon,red series;ghost recon;tom clancy;video game;military;skull,black;gray
1018,Red,red series;portal;valve;video game;white,white;gray
1019,Red,red series;portal 2;valve;video game;blue,black;blue
1020,Red Powered by Linux,red series;linux;operating system;powered by;computer,black;blue
1021,,fallout;vault boy;video game;cartoon;red;dark,black;red;gray
1022,"""Don't let what other people think stop you from doing the things you love""",quote;hammer and sickle;soviet;communist;inspirational,black;gray
1023,"""Don't let what other people think stop you from doing the things you love""",quote;face;man;photo;inspirational,gray;black
1024,UNIX,unix;hammer and sickle;soviet;operating system;computer,black;green
1025,Venom,venom;spider-man;marvel;hammer and sickle;soviet;comics,black
1026,Ghost Recon,ghost recon;tom clancy;video game;hammer and sickle;soviet;military,black;gray
1027,"Where there is a shell, there is a way.",unix;shell;terminal;quote;hammer and sickle;soviet,black;green
1130,,person;user;figure;rainbow;apple;small icon,black;red;green;gray
1250,,skull;crossbones;skull and crossbones;pirate;danger;small icon,gray;yellow
1251,,clock;time;watch;small icon,white;black;gray
1968,,hat;top hat;blue;gradient;abstract,blue;white
1969,,dog;cartoon;face;small icon,black;white;orange
2000,,globe;earth;world;planet;small icon,blue;black;green
2001,,skull;gray;death;small icon,gray;white;black
2002,,gears;ball bearings;machine;metal;mechanical,gray;white
2003,,fish;blue;animal;small icon,black;blue
2004,CodeWarrior,codewarrior;metrowerks;programming;bug;ide;caution stripes,white;gold;gray
2006,420,420;marijuana;weed;cannabis;pot leaf;stoner,black;green
2007,,molecule;atoms;balls;purple;small icon,purple;gray
2008,,spiral;swirl;green;ball;small icon,green;black
2009,,donut;doughnut;ring;blue;small icon,blue;cyan;green
2010,,eye;eyeball;red;green;small icon,green;black;gray;pink
2011,,flower;pink;abstract;soft;blurry,white;pink
2012,j00 w4n7 70 s3xx0r my 1337 ic0n?,leet;1337;hacker;star;humor;text,white;gray
2013,,tux;linux;penguin;mascot;small icon,gray;black;white
2014,,smiley;smiley face;happy;yellow;emoticon;small icon,yellow;black;gray
2015,,mouse;cartoon;creature;blue;small icon,blue;black
2016,,computer;monitor;pc;small icon,gray;black
2017,,bug;ladybug;beetle;rainbow;apple;small icon,black;red
2018,,eyes;googly eyes;blue;small icon,black;white;gray;blue
2019,,squirrel;animal;brown;small icon,orange;black
2020,,mario;super mario;nintendo;video game;pixel art;small icon,black;red;blue;pink
2021,,footprints;feet;black;small icon,black
2022,,martini;cocktail;drink;glass;small icon,blue;white;gray
2023,,bird;cartoon;flying;orange;small icon,black;yellow;red
2024,,crosshair;target;compass;small icon,black
2025,@!#?@,cursing;swearing;symbols;grawlix;profanity,black
2026,Don't Message,do not message;dont message;warning;red text;small icon,red;pink
2027,,imac;computer;mac;apple;small icon,gray;white;blue
2028,,anime;face;eyes;man;small icon,black;red;gray
2029,,footprints;paw prints;black;small icon,black
2030,,copyright;letter c;circle;blue;small icon,black;blue;white
2031,,eye;eyeball;orange;small icon,orange;black
2032,,roadrunner;looney tunes;bird;cartoon;small icon,gray;blue;cyan;white
2033,,chip;microchip;cpu;computer;small icon,gray;black
2034,,dog;snoopy;cartoon;white;small icon,white;gray
2035,,radiation;radioactive;nuclear;hazard;yellow;small icon,yellow;gold;black
2036,,high voltage;lightning;warning;electric;small icon,yellow;black;gold
2037,,warning;caution;triangle;exclamation;small icon,yellow;black;gold
2038,,landscape;nature;photo;sky;small icon,blue
2040,,smiley;smiley face;happy;yellow;orange;gradient,orange;yellow
2041,,bomb;black;explosive;small icon,black
2042,,apple;apple logo;rainbow;mac;small icon,white;blue
2043,,keyboard;document;computer;small icon,white;black;gray
2044,,tornado;twister;storm;weather;small icon,blue;gray
2045,,spider;bug;insect;black;small icon,gray;white;black;brown
2046,,cuba;cuban flag;flag;che guevara;revolution,blue;white
2047,,star trek;starfleet;badge;sci-fi;photo,brown;red;gray
2048,,arrow;right arrow;blue;green;small icon,blue;green
2049,,kirby;nintendo;cute;white;small icon,white;black;blue
2050,,lips;kiss;mouth;red;small icon,red;pink
2051,,grateful dead;steal your face;band;lightning bolt;skull;small icon,red;blue;white
2052,,bmw;car;logo;brand;small icon,gray;black;white
2053,,spy;man;hat;silhouette;black;small icon,black
2054,,muffin;cupcake;food;small icon,red;orange;black;yellow
2055,,lightning;lightning bolt;flash;red;small icon,black;white;red;gray
2056,H,hotline;h logo;letter h;gray;small icon,gray;black
2057,,face;cartoon;man;head;small icon,black;orange;brown
2058,,sword;blade;dagger;weapon;small icon,gray;black
2059,,alien;alien head;black;small icon,black;white;gray
2060,,coffee pot;coffee;carafe;small icon,black;gray;red
2061,"JAVA money, sex, and java",java;coffee;coffee cup;humor;programming,white;gray
2062,,fortune cookie;cookie;food;small icon,orange;black;yellow;brown
2063,,taco;food;mexican food;small icon,black;yellow;brown
2064,,pizza;pizza slice;food;small icon,orange;black;red
2065,,hamburger;burger;food;small icon,orange;black
2066,,hot dog;food;small icon,black;orange
2067,,popsicle;ice cream;dessert;pink;small icon,pink;black
2070,,face;cartoon;man;blond;small icon,orange;black
2071,,scooby-doo;dog;cartoon;hanna-barbera;small icon,brown;black
2072,,face;cartoon;bald;grin;small icon,orange;black
2073,,felix the cat;cat;cartoon;black and white;small icon,gray;white;black
2075,,cartoon;man;striped shirt;character;small icon,brown;red;gray;black
2079,,cartoon;character;black and white;small icon,gray;white;black
2098,,snoopy;peanuts;dog;cartoon;small icon,gray;white
2100,,gear;spiky;emblem;dark red;small icon,black;gray;brown
2101,,emblem;badge;round;green;small icon,green;yellow;gray;gold
2102,,leaf;maple leaf;autumn;orange;small icon,yellow;red;orange
2103,,globe;emblem;round;green;small icon,green;gray
2104,,shield;crest;badge;blue;small icon,blue;cyan;green
2105,,emblem;seal;badge;round;small icon,gray;white;blue
2106,,emblem;badge;round;face;small icon,yellow;gray;white;black
2107,,emblem;badge;horse;round;small icon,yellow;black
2108,,emblem;dinosaur;red circle;badge;small icon,red;black
2109,,emblem;badge;round;landscape;small icon,yellow;gray
2110,,emblem;symbol;red circle;badge;small icon,red;black
2112,,emblem;bird;badge;green;small icon,green;cyan;black
2113,,emblem;sun;badge;red;small icon,red;orange
2115,,cartoon;face;man;big nose;small icon,gray;black;red;yellow
2116,,cartoon;face;black and white;sketch;small icon,white;gray
2117,,cartoon;face;man;red cap;small icon,orange;gray;white
2118,,cartoon;dog;animal;brown;small icon,orange;black;brown
2119,,cartoon;face;man;glasses;small icon,orange;black;green
2120,,cartoon;bear;animal;brown;small icon,orange;black
2121,,cartoon;beaver;animal;brown;small icon,orange;black
2122,,cartoon;face;man;glasses;photo;eyes,blue;white;gray
2123,,cartoon;hippo;animal;blue;small icon,cyan;gray
2124,,cartoon;animal;dog;brown;small icon,orange;black
2125,,cartoon;animal;beaver;orange;small icon,orange;black;gray
2126,,cartoon;face;man;small icon,gray;pink;orange
2222,SoSueMe Server,sosueme;server;hotline server;logo;small icon,blue;gray;black
2223,LOG,log;female symbol;venus;logo;small icon,white;gray;blue
2400,Canada,canada;canadian flag;flag;maple leaf;orange gradient,pink;orange
2401,,fire;flame;comet;fireball;small icon,red;orange
2402,,frog;cartoon;green;eyes;small icon,white;green;black
2403,,cartoon;face;red hat;small icon,red;orange;black
2404,,cartoon;face;green;yellow;small icon,black;green;yellow
2500,Ziggy,ziggy;logo;text;black;small icon,black;gray;white
2501,,south park;chef;cartoon;face;small icon,black;white;red
2502,,south park;kenny;cartoon;orange hood;small icon,orange;black
2503,,south park;kyle;cartoon;green hat;small icon,black;orange;green
2504,,south park;stan;cartoon;small icon,orange;black;purple
2505,,south park;cartman;cartoon;small icon,orange;black
2506,,koala;animal;cartoon;gray;small icon,gray
2507,,cat;cartoon;animal;white;small icon,gray;white
2528,,dog;cartoon;animal;white;small icon,white;black;gray
2529,,mouse;cartoon;pink ears;blue;small icon,black;red;white;cyan
2530,,turtle;cartoon;animal;green;small icon,gold;black;green
2531,,frog;cartoon;animal;green;small icon,green;black;yellow
2532,,cartoon;creature;white;small icon,white;black;gray
2533,,cartoon;creature;blue;monster;small icon,cyan;black
2534,clone mutate radiate mutilate reflect,snail;cartoon;blue;gradient;mutation,blue;cyan
2535,,cartoon;face;glasses;brown;small icon,orange;black
2536,,cartoon;animal;mouse;small icon,white;black;gray;red
2537,,daffy duck;looney tunes;duck;cartoon;small icon,red;black
2538,,sylvester;looney tunes;cat;cartoon;small icon,white;black;gray
2539,,yosemite sam;looney tunes;cartoon;mustache;small icon,gray;black
2540,,speed lines;logo;blue;italic;small icon,purple;gray
2541,,dog;cartoon;terrier;white;small icon,gray;white
2542,,dog;cartoon;running;white;small icon,gray;white
2543,,cartoon;animal;chipmunk;brown;small icon,gray
2544,,beaver;cartoon;buck teeth;animal;small icon,orange;gray
2545,,cartoon;weasel;animal;orange;small icon,orange;gray;red;yellow
2546,,cartoon;face;green;grin;small icon,green;black;yellow;gray
2547,,cartoon;face;yellow;evil grin;teeth;small icon,yellow;black;white
2548,,cartoon;face;pink;bald;small icon,orange;black
2549,,israel;israeli flag;flag;star of david;clouds,blue;purple
2550,,hungary;hungarian flag;flag;small icon,black;red;white;green
2551,,poland;polish flag;flag;clouds,pink;white;red
2552,,mexico;mexican flag;flag;clouds,green;gray;purple
2553,USA!,usa;american flag;flag;united states;stars;america,gray;pink;blue
2554,,netherlands;dutch flag;flag;holland;clouds,gray;purple;pink
2555,Canada,canada;canadian flag;flag;maple leaf;orange gradient,pink;orange
2556,,australia;australian flag;flag;small icon,black;white;red
2557,,norway;norwegian flag;flag;small icon,red;white;black
2558,,finland;finnish flag;flag;small icon,white;black;blue
2559,,flag;black and white;cross;small icon,black;white
2560,,spain;spanish flag;flag;small icon,red;yellow
2561,,sweden;swedish flag;flag;small icon,blue;yellow
2562,,belgium;belgian flag;flag;clouds,brown;gold
2563,,italy;italian flag;flag;clouds,green;gray;cyan
2564,,germany;german flag;flag;small icon,black;red;yellow;white
2565,,united kingdom;uk;union jack;british flag;flag;clouds,pink;purple
2566,,france;french flag;flag;clouds,blue
2567,,japan;japanese flag;flag;clouds,pink;red;orange
2568,,switzerland;swiss flag;flag;small icon,red;white
2569,,switzerland;swiss flag;germany;german flag;flag;small icon,red;white
2570,,cartoon;monkey;face;small icon,yellow;orange;red
2571,,penguin;bird;black and white;small icon,gray;black;white
2572,,fire extinguisher;firecracker;red;small icon,red;black;gray
2573,,cartoon;dog;yellow;small icon,yellow;black;gray
2574,,cartoon;character;yellow;small icon,yellow;black;orange
2575,,cartoon;face;man;small icon,orange;black
2576,,cartoon;face;red;blue nose;small icon,black;red;white
2577,,stimpy;ren and stimpy;cat;cartoon;small icon,black;red;orange;blue
2578,,cartoon;face;red eyes;brown;small icon,orange;pink;black
2579,,cartoon;face;blue;big nose;small icon,blue;black
2580,,coca-cola;coke;soda can;drink;red;small icon,red;black;gray
2581,,pepsi;soda can;drink;small icon,black;white;red;gray
2582,Coca-Cola,coca-cola;coke;soda;drink;logo;brand,red;white
2583,,ronald mcdonald;mcdonalds;clown;face;small icon,red;gray;white
2584,Star Wars,star wars;logo;movie;sci-fi;small icon,gray;black;white
2585,,cartoon;bird;flying;small icon,black;yellow;red
2586,,guitar;electric guitar;music;red;small icon,black;red;white;gray
2587,,flags;flag;waving;small icon,blue;black;red;white
2588,Advisory,parental advisory;explicit content;warning label;music;gray,gray
2589,,windows;windows xp;microsoft;logo;operating system,white
2590,,mario;super mario;nintendo;video game;pixel art;small icon,brown;blue;pink;black
2591,,mario;super mario;nintendo;face;pixel art;small icon,black;red;orange
2592,,goomba;super mario;nintendo;video game;pixel art;small icon,black;red;orange
2593,,mushroom;super mushroom;super mario;nintendo;pixel art;small icon,black;white;red
2594,,mushroom;super mushroom;super mario;nintendo;pixel art;small icon,white;red;black
2595,,mushroom;pink;super mario;nintendo;pixel art;small icon,pink;white;black
2596,,creature;blue;nintendo;pixel art;small icon,black;white;blue
2597,,cheep cheep;fish;super mario;nintendo;pixel art;small icon,black;red
2598,,cartoon;creature;colorful;small icon,gray
2599,,cartoon;face;sketch;black and white;small icon,gray;white;blue
2600,Warning,warning;hammer and sickle;soviet;parchment;paper texture,brown;yellow
2601,,wolf;animal;photo;gray;small icon,gray;white;brown
2602,,wolf;animal;photo;brown;small icon,white;brown;orange
2603,,cow skull;skull;horns;longhorn;black and white;small icon,white;gray
2604,,tribal;ornament;pattern;brown;small icon,black;orange;brown
2605,,cmyk;color squares;cyan;magenta;yellow;printing,blue;pink;black;yellow
2606,,cartoon;face;man;cap;small icon,orange;white;blue;black
2607,,cartoon;face;red hood;small icon,red;orange;white;black
2608,,dog;cartoon;white;face;small icon,white;black;gray
2609,,cartoon;face;man;glasses;small icon,red;white;black
2610,,sonic;sonic the hedgehog;sega;video game;small icon,white;purple;blue;black
2611,,mario;super mario;nintendo;face;small icon,orange;black;white;red
2612,,mushroom;toadstool;red;small icon,white;red;gold
2613,,frog;cartoon;green;eyes;small icon,white;green;black
2614,,cartoon;character;small icon,white
2615,Mountain Dew,mountain dew;soda;drink;logo;brand;green,green;white;red
2616,,cartoon;man;big hair;tall;character,white;gray;brown
2617,evil inside,evil inside;intel inside parody;intel;parody;logo,white;black;blue;gray
2618,Lazer Orca,lazer orca;logo;sun;yellow;small icon,yellow;black
2619,P,superman;shield;letter p;emblem;small icon,white;red
2620,,flammable;fire;hazard;warning;yellow;small icon,yellow;gold;black
2621,,toxic;poison;skull and crossbones;hazard;yellow;small icon,gold;yellow;black
2622,,biohazard;warning;triangle;hazard;small icon,white;black;gray
2623,,alien;alien head;black;small icon,black;white;gray
2624,,x-files;letter x;green;black;sci-fi;small icon,black;gray
2625,,ghost;robot;white;small icon,white;gray
2626,,anarchy;symbol;black;circle;small icon,white;black;gray
2627,,cartoon;face;skull;blond;small icon,yellow;black;white
2628,,diamond;gem;crystal;orange;small icon,white;red
2629,,hooded figure;emperor;star wars;dark;face;small icon,gray;black;white
2630,,hooded figure;jawa;star wars;orange;small icon,white;orange
2631,,robot;red;box;small icon,white;red;gray
2632,,face;mask;dark;small icon,black;white
2633,,fish;bird;blue;cartoon;small icon,white;black;blue
2634,,face;old man;photo;gray;small icon,gray;black;white
2635,,globe;earth;ball;green;small icon,white;cyan;black;green
2636,,footprints;feet;black;small icon,white;black
2637,,cloud;storm;gray;weather;small icon,white;black;gray;blue
2638,,spy;man;hat;red eye;silhouette;small icon,black;white
2639,,batman;dc comics;superhero;mask;small icon,white;black;orange
2640,,marijuana;weed;cannabis;pot leaf;green;small icon,white;green
2641,,mario;super mario;nintendo;pixel art;small icon,white;black
2642,,goomba;super mario;nintendo;pixel art;small icon,white;black
2643,,mushroom;super mushroom;super mario;nintendo;pixel art;small icon,white;black;red
2644,,fire extinguisher;red;small icon,white;red;black
2645,,mac os;finder;cracked;broken;small icon,blue;black
2646,,smiley;smiley face;green;happy;emoticon;small icon,green;black;white
2647,,cartoon;creature;black and white;eye;small icon,white;black
2648,,x;red x;close;cross;small icon,red;white
2649,,lightning;lightning bolt;flash;small icon,white;black
2650,,palm tree;tree;plant;pot;small icon,white;black;green
2651,,cartoon;creature;blue;round;small icon,white;black;blue
2652,,moogle;final fantasy;cute;white;small icon,white;black
2653,,gargoyle;statue;monster;gray;small icon,black;cyan;white
2654,,kirby;nintendo;cute;white;small icon,white;black
2655,,tombstone;gravestone;gray;small icon,white;black;gray
2656,,robot;helmet;gray;small icon,white;black
2657,,bomb;black;explosive;small icon,black;white
2658,,mouse;cartoon;blue;small icon,white;blue;black
2659,,bird;cartoon;red;small icon,red;white;black;yellow
2660,,cartoon;face;man;blond;small icon,orange;black;white
2661,,scooby-doo;dog;cartoon;hanna-barbera;small icon,brown;black;white
2662,,recycle;recycling;arrows;green;small icon,white;black;green
2663,,spy;man;hat;silhouette;red;small icon,red;white
2664,,cartoon;character;dark;small icon,black;white
2665,,spy;man;hat;silhouette;black;small icon,black;white
2666,,camel;animal;silhouette;black;small icon,white;black
2667,,mushroom;super mushroom;super mario;nintendo;pixel art;small icon,white;red;gray
2668,NEW,new;badge;starburst;red;label;small icon,red;white
2669,,ufo;flying saucer;spaceship;sci-fi;small icon,white;black;gray
2670,,spikes;cones;gray;metal;small icon,white;gray;black
2671,,rocket;spaceship;space;red;small icon,white;black;red
2672,,cartoon;face;sketch;black and white;small icon,white;black
2673,,cat;cartoon;white;face;small icon,white;gray
2674,,jack-o-lantern;pumpkin;halloween;orange;small icon,orange;white;yellow
2675,Linux,linux;operating system;text;black;small icon,white;black
2676,,portrait;man;face;pixel art;video game character;small icon,orange;white;yellow;red
2677,,portrait;man;face;pixel art;video game character;small icon,white;orange;red
2678,,portrait;man;face;sunglasses;pixel art;small icon,black;orange;white;brown
2679,,portrait;man;face;blond;pixel art;small icon,yellow;orange;white
2680,,portrait;man;face;sunglasses;pixel art;small icon,orange;yellow;white
2681,,portrait;man;face;pixel art;video game character;small icon,orange;white;yellow;black
2682,,portrait;man;face;hat;pixel art;small icon,black;orange;white
2683,,portrait;monster;face;creepy;pixel art;small icon,black;yellow;white;red
2684,,portrait;monster;face;horror;pixel art;small icon,black;yellow;gray;white
2685,,portrait;monster;face;horror;pixel art;small icon,white;gray;black;brown
2686,,portrait;creature;face;blue;pixel art;small icon,blue;white;gray
2687,,portrait;face;blue;alien;pixel art;small icon,blue;black
2688,,cartoon;creature;gray;eyes;small icon,white;gray;black
2689,,smiley;smiley face;watchmen;blood;yellow;small icon,yellow;white
2690,,horse;animal;yellow;small icon,white;yellow;orange
2691,BK,robot;monster;red eyes;dark;face;small icon,white;gray;black
2692,,wand;magic;staff;small icon,white;gray
2693,,santa hat;gnome;christmas;cartoon;small icon,white;gray
2694,,mask;face;glowing eyes;dark;small icon,black;white;gray
2695,,mask;face;glowing eyes;dark;small icon,white;black;gray
2696,,hooded figure;cloak;wizard;blue;small icon,white;blue
2697,,hooded figure;cloak;silhouette;black;small icon,black;white
2698,,kirby;nintendo;cute;white;small icon,white
2699,,portrait;face;monster;horror;pixel art;small icon,black;white;gray
2700,,cartoon;face;yellow;small icon,white;yellow;orange
2701,,cartoon;creature;scared;small icon,white;cyan;black
2702,,cartoon;face;red nose;small icon,white;black;red
2703,,anime;woman;face;girl;brunette;small icon,black;orange;red;white
2704,,anime;woman;face;girl;green eyes;small icon,red;black;brown;white
2705,,anime;face;spiky hair;blond;small icon,orange;red;white;black
2706,,anime;face;brown hair;small icon,black;red;gray;brown
2707,,anime;face;headband;small icon,white;orange;black;brown
2708,,hello kitty;sanrio;cat;cute;small icon,white;gray
2709,,bear;teddy bear;cute;cartoon;orange;small icon,white;orange
2710,,cartoon;looney tunes;face;small icon,white;gold;black
2711,,sylvester;looney tunes;cat;cartoon;small icon,white;black;gray
2712,,speedy gonzales;looney tunes;mouse;cartoon;small icon,brown;white;black;yellow
2713,,cartoon;creature;dark;small icon,black;white;blue
2714,,cartoon;duck;bird;yellow;small icon,white;orange;black
2715,,daffy duck;looney tunes;duck;cartoon;small icon,white;black
2716,,cartoon;face;man;big nose;small icon,orange;white
2717,,cartoon;face;man;black hair;small icon,orange;white;black
2718,,cartoon;face;man;sailor;small icon,white;orange;black
2719,,cartoon;face;man;mustache;small icon,orange;white;black
2720,,cartoon;face;bald;small icon,white;orange
2721,,cartoon;face;green hat;small icon,orange;white;green
2722,,bugs bunny;looney tunes;rabbit;cartoon;small icon,white;gray
2723,,porky pig;looney tunes;pig;cartoon;small icon,orange;white;brown
2724,,bugs bunny;looney tunes;rabbit;cartoon;small icon,white;black;gray
2725,,cartoon;face;man;small icon,orange;white
2726,Hotline X,hotline;hotline x;logo;red;small icon,white;red;black
2727,,face;green eyes;evil;dark;red;small icon,black
2728,,cartoon;face;man;monocle;small icon,orange;black;white;gray
2729,,cartoon;face;man;small icon,orange;black;gray;white
2730,,cartoon;face;villain;small icon,black;red;white
2731,,cartoon;face;black hair;small icon,black;white;red
2732,,anime;face;glasses;small icon,orange;black;white;blue
2733,HA,ha;logo;trademark;letters;small icon,white;black
2734,eXo,exo;logo;gray;letters;small icon,white;gray
2735,,alien;alien head;gray;grey alien;small icon,white;gray
2736,,garfield;cat;cartoon;orange;small icon,red;black
2737,,piccolo;dragon ball z;anime;green;small icon,white;green
2738,,super saiyan;dragon ball z;anime;blond;small icon,white;orange;gray
2739,,majin buu;dragon ball z;anime;pink;small icon,white;orange
2740,,cartoon;face;spiky hair;flames;small icon,white;orange;yellow;gray
2741,Lakers,los angeles lakers;lakers;basketball;nba;sports;logo,white;pink;orange
2742,Chicago Bulls,chicago bulls;bulls;basketball;nba;sports;logo,white;gray
2743,,cobra;g.i. joe;cobra logo;snake;red;small icon,red;white
2744,,logo;letters;blue;yellow;small icon,black;gray
2745,hell inside,hell inside;intel inside parody;intel;parody;logo,white;gray;black
2746,Surge,surge;soda;drink;logo;brand;green,red;black;green
2747,,leaf;star;orange;small icon,white;orange;black
2748,,smiley;green;face;eyes;small icon,white;black;green
2749,ding!,ding;bell;sound;text;alert,white;gray;black
2750,,fire;flames;flame;hot;pixel art,white
2751,,fire;flames;flame;hot;pixel art,white;gold
2752,,fire;flames;flame;hot;pixel art,white
2753,,fire;flames;flame;hot;pixel art,white;gold
2754,,skull;face;red eyes;black and white;evil;small icon,black;white;gray
2755,,skull;face;black and white;small icon,black;white;gray
2756,,skeletons;skulls;bones;horror;small icon,white;yellow;green;gray
2757,,skeleton;bones;horror;small icon,white;gray;black
2758,,animal;photo;opossum;rat;small icon,black;white;gray
2759,,radiation;radioactive;nuclear;hazard;yellow;small icon,gold;yellow;black;white
2760,,sketch;doodle;black and white;small icon,white;gray
2761,,silhouette;creature;black;small icon,black;white;gray
2762,,cartoon;face;red hood;small icon,black;white;red
2763,,fish;bird;blue;cartoon;small icon,white;black;blue
2764,,cartoon;face;sunglasses;small icon,black;white
2765,NIN,nine inch nails;nin;band;music;logo;industrial,gray;black;white
2766,,devil;demon;horns;red;evil;small icon,red;white;black
2771,NetEX,netex;fedex parody;parody;logo;small icon,white;black
2772,,worm;creature;pink;cartoon;small icon,pink;white;red;black
2773,,eye;dark;gray;small icon,gray;black
2774,,dragon;monster;green;small icon,green;white;gray
2775,,cursor;mouse pointer;arrow;black;small icon,white;black
2776,,face;creature;monster;dark;small icon,white;gray;black
2777,,star;spiky;black and white;small icon,white;gray;black
2778,Danger,danger;warning;sign;red;small icon,black;red
2779,,x-files;letter x;green;black;sci-fi;small icon,black;green
2780,CIA,cia;government;agency;spy;black;small icon,black;white;gray
2781,FBI,fbi;government;agency;police;black;small icon,black;white;gray
2782,ATF,atf;government;agency;black;small icon,black;white;gray
2783,NSA,nsa;government;agency;spy;black;small icon,black;white;gray
2784,DEA,dea;government;agency;drugs;black;small icon,black;gray;white
2785,Coca-Cola,coca-cola;coke;soda;drink;logo;small icon,red;white
2786,,elmo;sesame street;muppet;red;small icon,red;white
2787,,cartoon;face;black and white;small icon,white;black
2788,,cookie monster;sesame street;muppet;blue;small icon,blue;white
2789,,big bird;sesame street;muppet;yellow;small icon,yellow;gold
2790,,cartoon;face;blue;small icon,blue;yellow;gray;white
2791,,woman;face;photo;black hair;small icon,red;black;orange
2792,,cartoon;pirate;hat;black;small icon,black;white
2793,,cartoon;creature;red;waving;small icon,white;red;black
2794,,frankenstein;monster;face;horror;small icon,black;white;gray
2795,,face;woman;red;black;small icon,black;white;red
2796,,jessica rabbit;who framed roger rabbit;woman;red hair;cartoon;small icon,red;orange;white;black
2797,,face;gray;black and white;small icon,gray;black;white
2798,,anime;face;black and white;small icon,black;white;gray
2799,,face;white;pixel art;small icon,white;black
2800,,skull;monster;red eyes;teeth;horror;small icon,gray;white;black
2801,NIN,nine inch nails;nin;band;music;logo;industrial,white;black;gray
2802,,eyes;staring;gray;creepy;small icon,gray;white
2803,,cat;face;green eyes;whiskers;small icon,white;gray
2804,,face;eye;creepy;gray;small icon,white;gray
2805,,face;eye;gray;photo;small icon,gray;white
2806,,face;man;black and white;photo;small icon,gray;black;white
2807,,mac os;finder;cracked;broken;small icon,blue;black
2808,,yin yang;taoism;symbol;black and white;small icon,black;white
2809,,star trek;starfleet;badge;communicator;sci-fi;small icon,white;black
2810,,cartoon;creature;blue;round;small icon,white;black;blue
2811,,glasses;eyes;black and white;small icon,white;black;gray
2812,,gear;cog;settings;gray;small icon,gray;white
2813,,fish;bird;blue;cartoon;small icon,white;black;blue
2814,,cartoon;face;sunglasses;small icon,black;white
2815,,alien;alien head;black;small icon,black;white;gray
2816,,face;mask;black and white;small icon,white;black
2817,,cube;box;black;3d;small icon,gray;black;white
2818,,cartoon;face;sketch;black and white;small icon,gray;white;blue
2819,,batman;dc comics;superhero;mask;small icon,black;white;orange
2820,,smiley;smiley face;green;happy;emoticon;small icon,green;black;white
2821,,x;red x;close;cross;small icon,red;white
2822,,lightning;lightning bolt;flash;small icon,white;black
2823,,eye of horus;eye;egypt;symbol;small icon,white;gray;black
2824,,mushroom;pink;super mario;nintendo;pixel art;small icon,white;pink;gray
2825,,mouse;cartoon;creature;blue;small icon,white;blue;black
2826,,middle finger;hand;rude;gesture;small icon,white;orange;black
2827,,sun;sunny;weather;yellow;small icon,white;yellow;gray
2828,,contrast;half circle;black and white;small icon,white;black;gray
2829,,bug;beetle;rainbow;apple;small icon,white;black
2830,,gem;jewel;capsule;blue;small icon,blue;black;white
2831,,gem;jewel;crystal;red;small icon,red;black;white;gray
2832,,cartoon;face;sunglasses;crown;small icon,white;orange;black;gray
2833,,planet;ring;space;saturn;small icon,blue;white
2834,,sun;star;spiky;orange;small icon,white;gray
2835,,bmw;car;logo;brand;small icon,gray;white;black
2836,,grateful dead;steal your face;band;lightning bolt;small icon,white;red;blue
2837,,footprints;paw prints;black;small icon,white;black
2838,,sketch;creature;black and white;small icon,white;black
2839,,face;coin;circle;black and white;small icon,white;gray;black
2840,,ghost;monster;green;small icon,black;green
2841,,bullet;battery;yellow;small icon,white;black;yellow
2842,,pig;cartoon;pink;animal;small icon,pink;white;black
2843,,wolf;cartoon;gray;animal;small icon,gray;white;black
2844,,skull;death;dark;gray;horror,gray;black
2845,,mouth;teeth;grin;black and white;small icon,white;black;gray
2846,,hamburger;burger;food;small icon,orange;black;white;brown
2847,,pig nose;snout;pink;small icon,pink;white
2849,,cartoon;face;yellow;small icon,white;yellow;black
2850,,cartoon;face;man;small icon,white;orange;black
2851,,cheshire cat;alice in wonderland;grin;pink;cartoon;small icon,pink;black;white
2852,,winnie the pooh;pooh;bear;disney;cartoon;small icon,orange;yellow;white;black
2853,,hobbes;calvin and hobbes;tiger;cartoon;small icon,white;black
2854,m,m&m;green m&m;candy;mascot;small icon,white;green;black
2855,,dog;cartoon;brown;face;small icon,orange;white;black
2856,,duck;cartoon;white;small icon,white;black;orange
2857,,ghostbusters;ghost;no ghost;logo;movie;small icon,white;red
2858,,cartoon;face;pink;small icon,white;orange;black
2859,,gun;pistol;handgun;weapon;small icon,white;gray;black
2860,,cartoon;character;yellow;small icon,black;white;yellow
2861,,cartoon;character;yellow;small icon,white;yellow;black
2862,,cartoon;character;flexing;yellow;small icon,white;yellow;black
2863,,cartoon;character;red;helmet;small icon,white;gray;red
2864,,cartoon;face;small icon,white;black
2865,,fire;swirl;flame;small icon,black;white
2866,,cartoon;man;character;small icon,white;black;orange
2867,,squares;frame;concentric;black and white;small icon,black;gray;white
2868,,face;moon;circle;gray;small icon,white;gray;black
2869,,ghost;monster;green;small icon,black;green
2870,,toilet;bathroom;white;small icon,black;white;gray
2871,,yin yang;taoism;symbol;black and white;small icon,black;white
2872,,red cross;plus;medical;first aid;small icon,white;red;black
2873,Danger,danger;warning;sign;red;small icon,black;red;white
2874,Fender,fender;guitar;music;logo;brand;small icon,white;gray;black
2875,,mac os;finder;cracked;broken;small icon,blue;black
2876,,yin yang;taoism;symbol;black and white;small icon,black;white
2877,,cartoon;woman;red hair;face;small icon,orange;red;gray
2878,,cartoon;woman;red hair;face;small icon,orange;red;gray
2879,,red cross;plus;medical;first aid;small icon,white;red;black
2880,,nsfw;butt;skin;photo;close-up;small icon,orange;red
2881,,star trek;starfleet;badge;communicator;sci-fi;small icon,white;black
2882,,cartoon;creature;fire;yellow;small icon,white;yellow
2883,,devil;cartoon;horns;face;small icon,white;black;gray;orange
2884,,face;scream;horror;black and white;small icon,white;black;gray
2885,,cigarette;smoking;joint;small icon,gray;white;black
2886,,cartoon;woman;blonde;face;small icon,orange;yellow;gray
2887,Peavey,peavey;guitar;music;amplifier;logo;brand,black;gray;white
2888,,globe;earth;world;planet;small icon,blue;white;green;black
2889,,gun;fork;gray;small icon,black;white;gray
2890,,circle;green;symbol;small icon,green;black;white;gray
2891,,eye;blue eye;photo;small icon,gray;black;orange
2892,,lips;mouth;photo;small icon,gray;black;orange
2893,,lips;kiss;mouth;red;small icon,red;white
2894,,mario;super mario;nintendo;pixel art;small icon,white;blue;brown
2895,intel inside,intel inside;intel;logo;computer;brand,white;gray;black
2896,elvis inside,elvis inside;elvis;intel inside parody;parody;logo,white;gray;black
2897,,smiley;smiley face;happy;yellow;emoticon;small icon,yellow;gray;black;white
2898,,baby;person;sitting;small icon,white;orange;gray;black
2899,,garfield;cat;cartoon;orange;small icon,black;white;orange
2900,Bad Moon Collection,bad moon;icon set;hammer and sickle;soviet;dot matrix,gray;gold;brown;black
2901,,bad moon;hammer and sickle;monster;face;horror;red eyes,blue;gray
2902,,bad moon;hammer and sickle;mummy;face;horror,brown;gray
2903,,bad moon;hammer and sickle;fire;orange;dark,black;red
2904,,bad moon;hammer and sickle;face;eyes;dark,black;brown;red
2905,,bad moon;hammer and sickle;woman;face;eyes,gray
2906,,bad moon;hammer and sickle;monster;blue;face,white;blue
2907,,bad moon;hammer and sickle;robot;eyes;cartoon;green,green;gray
2908,,bad moon;hammer and sickle;gorilla;ape;face;dark,gray;black
2909,,bad moon;hammer and sickle;monster;creature;horror,white;gray;black
2910,,bad moon;hammer and sickle;monster;teeth;purple;horror,pink;gray
2911,,bad moon;hammer and sickle;demon;eyes;fire;horror,red;black;brown;orange
2912,,bad moon;hammer and sickle;orange;abstract;gradient,brown;orange
2913,,bad moon;hammer and sickle;mouth;monster;face,brown;red;gray
2914,,bad moon;hammer and sickle;eye;creature;green,green;brown;gray
2915,,bad moon;hammer and sickle;woman;face;eyes closed,gold;yellow;brown
2916,,bad moon;hammer and sickle;zombie;face;horror,gray
2917,,bad moon;hammer and sickle;monster;bloodshot eyes;cartoon;blue,blue
2918,,bad moon;hammer and sickle;cartoon;angry face;yellow,yellow;orange
2919,,bad moon;hammer and sickle;mouth;screaming;tongue,white;red
2920,,bad moon;hammer and sickle;fly;insect;eyes,gray
2921,,bad moon;hammer and sickle;cartoon;face;blue,blue;red
2922,,bad moon;hammer and sickle;cyborg;face;eye;horror,red;brown;gray;black
2923,,bad moon;hammer and sickle;skull;monster;horror,red;gray;brown
2924,,bad moon;hammer and sickle;monster;face;dark,gray;brown
2925,,bad moon;hammer and sickle;glitch;gray;abstract,gray;white
2926,,bad moon;hammer and sickle;face;angry;red,red
2927,,bad moon;hammer and sickle;robot;orange;cartoon,brown;gray;orange
2928,,bad moon;hammer and sickle;rabbit;bunny;red eyes;evil,gray
2929,,bad moon;hammer and sickle;woman;eyes;makeup;face,white;brown;gray
2930,,bad moon;hammer and sickle;skull;face;purple,gray;blue;brown
2931,,bad moon;hammer and sickle;green;streak;dark,gray;black
2932,,bad moon;hammer and sickle;cartoon;face;man,gold;yellow;brown
2933,,bad moon;hammer and sickle;dog;bulldog;face,yellow;black
2934,,bad moon;hammer and sickle;monster;teeth;horror,green
2935,,bad moon;hammer and sickle;monster;glowing eyes;dark,gray
2936,,bad moon;hammer and sickle;ghost;face;dark;horror,cyan;gray;black
2937,,bad moon;hammer and sickle;face;brown;grunge,brown
2938,,bad moon;hammer and sickle;monster;face;orange;horror,orange;brown;gray
2939,,bad moon;hammer and sickle;mask;face;mouth,brown;gray
2940,,bad moon;hammer and sickle;teeth;grin;dark,gray;brown
2941,,bad moon;hammer and sickle;demon;eyes;face;horror,gray;brown
2942,,bad moon;hammer and sickle;gray;metal;abstract,gray;white
2943,,bad moon;hammer and sickle;skull;purple;face,blue;white
2944,,bad moon;hammer and sickle;face;gray;eyes closed,gray
2945,,bad moon;hammer and sickle;monster;gorilla;face;dark,gray
2946,,bad moon;hammer and sickle;eyeball;tentacles;monster;face,blue;gray
2947,,bad moon;hammer and sickle;clown;face;horror,red;brown;black
2948,,bad moon;hammer and sickle;monster;teeth;horror,gray;black
2949,,bad moon;hammer and sickle;goggles;face;cartoon,white;orange
2950,,bad moon;crescent moon;zombie;face;red;horror,brown;gray;black;red
2951,,bad moon;crescent moon;mouth;lips;dark,black;brown;gray
2952,,bad moon;crescent moon;monster;teeth;blue;horror,brown;blue
2953,,bad moon;crescent moon;parchment;paper texture;beige,yellow
2954,,bad moon;crescent moon;frog;eyes;red eyes;green,green
2955,,bad moon;crescent moon;face;eyes;black and white,black;gray
2956,,bad moon;crescent moon;man;face;eyes;creepy,blue;black
2957,,bad moon;crescent moon;skull;face;horror,gray
2958,,bad moon;crescent moon;man;face;eyes,blue;brown
2959,,bad moon;crescent moon;monster;eye;green,gold;yellow;black
2960,,bad moon;crescent moon;bandana;face;orange,red;brown
2961,,bad moon;crescent moon;man;face;blue eyes,white;brown;gray
2962,,bad moon;crescent moon;glowing eyes;blue;dark,blue;black
2963,,bad moon;crescent moon;robot;goggles;face,yellow;gray;white
2964,,bad moon;crescent moon;monster;orange eyes;green;jungle,green;gray
2965,,bad moon;crescent moon;sunglasses;cyborg;face;yellow,gold;black
2966,,bad moon;crescent moon;zombie;face;red eyes;horror,brown;red;orange
2967,,bad moon;crescent moon;cartoon;face;purple,purple;blue
2968,HHE,bad moon;crescent moon;monster;eyes;orange;creature,gray;black
2969,,bad moon;crescent moon;cartoon;eyes;blue,blue;white;gray
2970,,bad moon;crescent moon;sunglasses;face;man,gray;black
2971,,bad moon;crescent moon;goggles;face;sky,blue
2972,,bad moon;crescent moon;monster;horns;red;orange,red;black
2973,,bad moon;crescent moon;face;eyes;creepy,blue;gray;black;cyan
2974,,bad moon;crescent moon;demon;eyes;red;horror,brown
2975,,bad moon;crescent moon;man;face;eyes,brown
2976,,bad moon;crescent moon;monster;face;gray,gray
2977,,bad moon;crescent moon;zombie;mouth;teeth;horror,brown;orange
2978,,bad moon;crescent moon;man;glasses;face;green,green;brown
2979,,bad moon;crescent moon;face;yellow;grunge,orange;brown
2980,,bad moon;crescent moon;man;face;eyes;brown,brown
2981,,bad moon;crescent moon;face;old man;blue,blue;gray;white
2982,,bad moon;crescent moon;robot;white;sci-fi,white;gray
2983,,bad moon;crescent moon;parchment;paper texture;beige,yellow;brown;orange
2984,,bad moon;crescent moon;monster;red eyes;dark;horror,gray
2985,,bad moon;crescent moon;monster;creature;eye;brown,orange;gold;brown
2986,,bad moon;crescent moon;face;eyes;red;orange,red;orange
2987,,bad moon;crescent moon;checkerboard;face;surreal,gray;gold
2988,,bad moon;crescent moon;black and white;sketch;surreal,gray
2989,,bad moon;crescent moon;face;brown;grunge,orange;brown;black
2990,,bad moon;crescent moon;face;eyes;old;creepy,gray;white;black
2991,,bad moon;crescent moon;woman;face;eyes closed,brown;gray
2992,,bad moon;crescent moon;zombie;skulls;blue;horror,blue;gray;black
2993,,bad moon;crescent moon;monster;face;horror,red;brown;gray;black
2994,,bad moon;crescent moon;insect;monster;teeth,gray;red
2995,,bad moon;crescent moon;face;man;grotesque,orange;brown;black
2996,,bad moon;crescent moon;cartoon;face;pink;yellow,yellow;red
2997,,bad moon;crescent moon;hair;purple;brown,brown;gray
2998,,bad moon;crescent moon;skull;skeleton;horror,brown;gray
2999,,bad moon;crescent moon;glowing eyes;demon;dark,brown;orange;black
3000,Arts & Abstracts,bad moon;hammer and sickle;arts and abstracts;icon set;dot matrix,gray;black;brown
3001,,eyes;teeth;face;surreal;pink;blue eyes,red;pink
3002,,surreal;painting;people;flowers;green;art,gold;brown;red
3003,,marijuana;weed;cannabis;leaves;green,green
3004,,collage;abstract;art;blue;red,gray;red;blue
3005,,flesh;meat;red;abstract;organic,red
3006,,surreal;creature;face;pink;art,gray;brown;red
3007,,landscape;desert;hills;painting;beige,yellow;orange
3008,,black and white;silhouette;figure;gray;abstract,gray;white
3009,,woman;face;retro;pattern;green;art,green;gray
3010,,pattern;geometric;maze;gold;abstract,gray;yellow;white
3011,Kultur-Terror,kultur terror;collage;black and white;grunge;art,gray;white
3012,,monster;mouth;screaming;red;yellow;art,orange;yellow;red;brown
3013,,surreal;creatures;pattern;colorful;art,pink;red;gray
3014,Museum Iroiger,museum;faces;skull;black and white;art,gray;black
3015,,abstract;red;orange;purple;gradient,red;pink;brown
3016,,sparkles;stars;orange;abstract,orange;brown
3017,,black and white;grunge;noise;abstract,black;gray
3018,,eye;gray;abstract;surreal,gray
3019,Ribs ロッコツ Spleen ヒゾウ,anatomy;ribs;spleen;japanese;body;organs,white;orange;red;yellow
3020,,abstract;yellow;paper;plain,yellow;orange
3021,,collage;guitar;japanese;vintage;art,brown;red;orange
3022,,abstract;bird;colorful;cyan;art,blue
3023,,abstract;yellow;green;gradient;3d,gold;green
3024,,grunge;collage;dark;green;abstract,gray;gold
3025,,black and white;halftone;gray;abstract,white;gray
3026,Handicap,handicap;wheelchair;disability;accessibility;sign;navy,blue
3027,,green;texture;hole;grunge;abstract,yellow;gray
3028,,aphex twin;logo;music;electronic;red,white;brown;red;orange
3029,,glitch;noise;black and white;pixel;abstract,white
3030,,paper;beige;text;vintage;plain,yellow;brown
3031,,hands;face;blue;dark;photo,blue;black
3032,,butterfly;skull;black and white;sketch,white;gray
3033,,collage;vintage;illustration;colorful;art,brown;gray;yellow;orange
3034,,psychedelic;colorful;pattern;abstract;art,brown;gray;yellow
3035,,bones;crossbones;black and white;engraving;vintage,white;gray
3036,,face;green;hands;eyes;dark,black;green
3037,,gray;blurry;photo;abstract,gray;white
3038,,collage;vintage;illustration;red;art,gray;brown;white;red
3039,,globe;world;map;blue;dark,blue
3040,,tank;military;army;shield;green,gray
3041,,engraving;man;face;vintage;black and white,gray;brown
3042,,cartoon;faces;blood;yellow;art,orange
3043,They're happy because they eat lard,lard;vintage ad;faces;humor;retro,yellow
3044,,black;plain;blank;solid,black
3045,,logo;letter b;hair;orange;yellow,orange;gold;brown
3046,,collage;union jack;vintage;sepia;art,gray;brown
3047,,propaganda;star;soviet;orange;face;art,red;brown;orange
3048,Coon Chicken,coon chicken inn;racist;vintage sign;restaurant;green,green;red;gray
3049,,dark red;gradient;plain;abstract,red
3050,,collage;ornate;colorful;art;abstract,gray;brown
3051,,american flag;politician;man;face;photo;usa,red;brown;orange
3052,,texture;pink;speckled;abstract,red;pink
3053,,photo;gray;vintage;blurry,gray
3054,,collage;vintage;illustration;gray;art,gray
3055,,dark red;painting;abstract;art,brown;black
3056,,monster;eye;yellow;surreal;art,orange;gray;brown
3057,,collage;vintage;sketch;beige;art,gray;yellow
3058,,sword;blade;weapon;orange;dark,brown;orange;yellow;red
3059,,cross;propaganda;orange;collage;art,orange;black
3060,,collage;flags;vintage;dark;art,gray;brown;black;white
3061,,text;graffiti;red;collage;vintage,brown;gray;yellow;red
3062,N.A.T.O. = Imperialismo Via,nato;imperialism;political;graffiti;protest,gray;green
3063,,texture;grunge;green;beige;abstract,gold;yellow;gray
3064,,dark blue;grunge;texture;abstract,black;gray;blue
3065,,painting;art;collage;dark;texture,gray;brown;green
3066,Ignis.,map;antique;engraving;globe;old world;latin,white;gray;yellow
3067,+ = tea,tampon;blood;tea cup;joke;gross humor;equation,white
3068,,grunge;texture;abstract;gray;faded,gray;white
3069,Assume Power Focus,lightning bolt;power;industrial;grunge;photo;slogan,gray
3070,,art;painting;creature;fantasy;dark;glowing,brown;gold;gray;black
3071,,texture;gray;metal;plain;abstract,gray
3072,,plain;green;olive;texture;abstract,green
3073,,camouflage;texture;grunge;abstract;military,gold;black;yellow;gray
3074,,grunge;splatter;abstract;texture;red,red;white
3075,,collage;art;texture;rust;grunge,orange;brown;gray
3076,,gradient;blue;aqua;abstract;glossy,blue
3077,,demon;horror;dark art;monster;texture;red,red;brown
3078,,woman;face;lips;photo;sensual,pink;black;red;gray
3079,Absinthe J. Edouard Pernot,absinthe;vintage poster;liquor;ad;art nouveau;alcohol,orange;pink
3080,,parchment;sketch;vintage;da vinci;drawing;dragonfly,yellow;orange;brown
3081,,rock;stone;texture;gray;grunge,gray
3082,,art;painting;face;surreal;arrow,brown;gray;orange
3083,,art;surreal;painting;pale;abstract,gray
3084,,cartoon;monster;eyes;cute;purple;creature,pink;gray
3085,,art;painting;creature;monster;surreal;dark,gray;black;brown
3086,Mors,art;face;skull;death;surreal;painting,gray;brown;orange
3087,,pattern;hexagons;black and white;abstract;geometric,gray;white;black
3088,,art;painting;surreal;dark;creature,gray;black
3089,,art;painting;woman;flowers;asian;surreal,green;black;brown
3090,,no symbol;black;abstract;graphic;minimal,black;white
3091,,art;robot;mechanical;surreal;arrow;painting,gray;brown;red;black
3092,,art;painting;dark;creature;surreal,gray;brown
3093,,shark;art;surreal;painting;teeth,gray;brown
3094,,collage;art;vintage;skeleton;surreal,brown;orange;gray
3095,,abstract;color blocks;paint;squares;art,orange;yellow;red
3096,,art;monster;surreal;dark;painting;face,gray;brown
3097,,art;mechanical;surreal;painting;biomechanical,gray;white
3098,,art;monster;teeth;horror;surreal;painting,brown
3099,,art;monster;teeth;horror;dark;painting,gray;brown
3100,Animae & Cartoon,hammer and sickle;anime;cartoon;soviet;communism,gray;black;brown;gold
3101,MAD,mad magazine;face;eyes;humor;comic,orange;gold;yellow
3102,,art;dark;surreal;painting;figure,gray
3103,,logo;blue;abstract;graphic;circle,blue
3104,,art;painting;surreal;figures;pink,pink;red
3105,,robots;mecha;anime;super robot;cartoon,gray
3106,,painting;art;texture;vintage;sepia,brown
3107,Jihad Joe,comic;cartoon;parody;beard;man,blue;white;gray
3108,Crime,comic;crime comics;vintage comic;masked man;pulp,red
3109,Xenophile,comic;woman;gothic;cartoon;dark,blue;gray;red
3110,Grossouts,comic;monster;zombie;eyeballs;gross;horror,red
3111,Bizarre Sex,comic;underground comix;nsfw;cartoon;vintage comic,orange;green;gray
3112,Samurai Jack,samurai jack;cartoon network;cartoon;samurai;animation,gray;pink
3113,Casper,casper;friendly ghost;ghost;cartoon;eyes,white
3114,Dragon Ball Z,dragon ball z;dbz;anime;manga;goku,gold;brown
3115,,cartoon;woman;flower;comic;green,green
3116,,batman;bat;dc comics;superhero;comic,orange;black
3117,,woman;eyes;green eyes;comic;face,brown;gray;blue
3118,,spider-man;spiderman;marvel;superhero;comic;mask,gray;red
3119,,green lantern;dc comics;superhero;comic;logo,green
3120,,superman;dc comics;superhero;comic;logo,red;blue;orange
3121,,pixel art;cartoon;characters;speech bubble;comic,green;yellow
3122,,comic;superhero;art;painting;marvel,white;brown;red;orange
3123,,devil;demon;red face;comic;horror;eyes,red;gray;black
3124,,cartoon;doodle;sketch;faces;black and white,white;gray
3125,,comic;cartoon;face;halftone;red,white;gray
3126,,comic;dark;glowing eyes;villain;face,black;brown
3127,,bugs bunny;looney tunes;rabbit;cartoon;warner bros,orange;white;gray
3128,Vertigo,vertigo comics;dc comics;woman;comic;logo,gray;purple;pink
3129,,woman;face;comic;painting;art,purple;red;brown;black
3130,Eerie,eerie magazine;horror comic;vintage comic;monster;horror,red;brown
3131,,comic;cartoon;hood;fist;superhero,black
3132,Freak Brothers,fabulous furry freak brothers;underground comix;comic;hippie;cartoon,blue;red;gray
3133,Fat Freddy's Cat,fat freddys cat;freak brothers;underground comix;cat;comic,yellow;gold;red;brown
3134,,comic;art;dark;gun;villain,red;gray;black
3135,,cartoon;eye;blue;comic;character,blue
3136,Marvel,marvel;marvel comics;comic;logo;monster,gray;red;white
3137,,comic;man;gun;dark;noir,black;gray
3138,,comic;cyborg;woman;face;art,gray;red;white
3139,Mr. Potato Head,mr potato head;toy;hasbro;cartoon;ears,blue;pink
3140,,sega;japanese;video game;pixel art;japan,orange;blue;red;yellow
3141,Popstar Bob,cartoon;girl;boy;comic;animation,gray;blue
3142,Maxx,the maxx;sam kieth;comic;cartoon;purple,black;gold;brown;blue
3143,,ren and stimpy;stimpy;cartoon;nickelodeon;pig,blue
3144,Marvin the Martian,marvin the martian;looney tunes;warner bros;cartoon;alien,white;yellow;gray
3145,The Simpsons,the simpsons;homer;bart;marge;cartoon;tv show,purple
3146,Aeon Flux,aeon flux;mtv;animation;cartoon;sci-fi,gray;black;brown;purple
3147,Comics,comics;cartoon;character;comic;blue,blue
3148,,anime;girl;eyes;manga;face,white;black;gray
3149,,mustache;face;man;black and white;comic,black;white;gray
3150,Computing,hammer and sickle;soviet;communism;computers,gray;black
3151,ThinkGeek,thinkgeek;geek;logo;brain;store,white;gray;orange
3152,Titanium PowerBook G4,apple;powerbook;mac;laptop;logo,white
3153,Alias|wavefront,alias wavefront;3d software;maya;logo;software,red
3154,REALcrap,realplayer;parody;poop;software;joke,black;brown
3155,,circuit;electronics;led;tech;pixel,gray;blue;cyan
3156,Axel,axel;logo;software;3d;tech,black;gray
3157,debian,debian;linux;operating system;logo;open source,purple;white;gray
3158,reverse engineer,reverse engineer;mirrored text;hacking;tech,gray
3159,Reason,propellerhead reason;music software;synth;audio;logo,gray;white
3160,iBook,apple;ibook;mac;laptop;computer,white;gray
3161,,quicktime;apple;logo;software;media player,white;blue
3162,Sun,sun microsystems;logo;tech;computer;company,blue;white
3163,Porn HL,windows;hotline;parody;window;nsfw,white;gray
3164,sgi,sgi;silicon graphics;keyboard;computer;logo,gray;blue;white
3165,,crossbones;bones;skull;gray;tech,gray;white
3166,,audio equipment;stereo;green screen;display;mixer;panel,gray;green
3167,whitecap,whitecap;music visualizer;software;waves;blue,blue
3168,Unix Live Free or Die,unix;license plate;new hampshire;slogan;operating system,white;green;gray
3169,frogblast,frog;frogblast;cartoon;sun;software,white;orange
3170,Microsoft Internet Explorer,internet explorer;microsoft;browser;logo;ie,blue
3171,iTunes,itunes;apple;music;cd;logo,white;blue
3172,OpenGL,opengl;graphics;3d;logo;tech,black;gray
3173,Cinema 4D,cinema 4d;maxon;3d software;wireframe;hand,black;gray;blue
3174,palm,palm;pda;palm pilot;logo;tech,white;gray
3175,CodeWarrior,codewarrior;metrowerks;programming;software;logo,gray;black
3176,Adobe Photoshop 7,photoshop;adobe;eye;software;logo,white;blue
3177,Sony,sony;logo;electronics;brand,blue
3178,,apple;apple logo;mac;white;logo,white
3179,intel,intel;pentium;cpu;logo;tech,blue
3180,iMac,imac;apple;mac;computer;lamp,white;gray
3181,Audion,audion;panic;mp3 player;music;software,blue;gray
3182,Maya,maya;3d software;alias wavefront;face;eye,gray;black
3183,OpenBSD,openbsd;puffy;pufferfish;unix;operating system,blue;gray
3184,Alienware,alienware;alien;gaming pc;computer;logo,white;gray
3185,,dark;gradient;small figure;plain;black,gray;white
3186,VAX,vax;dec;computer;vintage computer;mainframe,white;gray
3187,napster,napster;kitty;headphones;logo;music,white;gray;blue
3188,,mac os x;window buttons;traffic lights;aqua;interface,white
3189,[cip] error 404 not found,404;error;web;not found;geek,gray;black
3190,hxd,hxd;hotline;software;logo;blue,blue
3191,Final Cut Pro 3,final cut pro;apple;video editing;eye;clapperboard,black;gray
3192,BSD,bsd;beastie;daemon;unix;operating system,white;gray;brown
3193,Power Mac G4,power mac;apple;mac;computer;tower,white;gray
3194,Atari,atari;logo;video games;retro;brand,black;gray
3195,propellerhead software,propellerhead;music software;logo;star;reason,yellow;gold;black
3196,iPod,ipod;apple;mp3 player;music;device,white
3197,Google,google;logo;search engine;web,white
3198,G-Force,g-force;music visualizer;software;abstract;blue,blue;black
3199,SilverWing,silverwing;hotline;software;logo;chrome,white;gray
3200,Games,hammer and sickle;soviet;communism;video games,gray;black
3201,Gran Turismo 3,gran turismo;playstation;racing;video game;cars,gray
3202,MX 2002,motocross;dirt bike;video game;racing;mx,gray;white
3203,Max Payne,max payne;video game;shooter;guns;action,gray;brown;black;red
3204,SSX,ssx;snowboarding;video game;ea sports;snow,blue;gray;white
3205,,video game;bungie;sci-fi;armor;soldier,blue
3206,Red Faction,red faction;video game;mars;shooter;red,red
3207,Wolfenstein,wolfenstein;return to castle wolfenstein;video game;id software;shooter;nazi,blue;cyan;gray
3208,,video game;sky;jumping;character;blue,blue;white
3209,Black & White,black and white;lionhead;video game;god game;creature,orange;brown;red
3210,Unreal Tournament,unreal tournament;video game;shooter;epic games;guns,brown;black
3211,Avara,avara;mac game;video game;ambrosia;3d,blue;gray
3212,Lineage,lineage;mmorpg;video game;fantasy;dragon,brown;gray;black;red
3213,,ferrari;car;sports car;racing;logo,gray;black;red
3214,Baldur's Gate,baldurs gate;dungeons and dragons;rpg;video game;fantasy,yellow;gray
3215,Monopoly,monopoly;board game;rich uncle pennybags;hasbro;game,white;red;gray
3216,State of Emergency,state of emergency;video game;riot;rockstar;action,orange;gray;brown
3217,,mortal kombat;sub-zero;ninja;fighting game;video game,red
3218,Descent 3,descent;video game;space;shooter;sci-fi,blue
3219,Splatter Bonus!,carmageddon;video game;racing;gore;car,brown
3220,id,quake;id software;video game;shooter;logo,brown;gray;black
3221,Meat Pak Badmeat,badmeat;meat;parody;food;game,yellow;red;orange
3222,Dreamcast,dreamcast;sega;console;video games;swirl,white
3223,Larry,leisure suit larry;sierra;adventure game;video game;cartoon,red;orange
3224,Circus Maximus,circus maximus;chariot racing;video game;rome;gladiator,brown;orange
3225,Halo,halo;master chief;xbox;bungie;video game;shooter,black;white;gray
3226,Xbox,xbox;microsoft;console;video games;logo,gray;green;black
3227,PlayStation 2,playstation 2;ps2;sony;console;video games;logo,gray;black
3228,NFL Blitz 20-02,nfl blitz;football;video game;midway;sports,gray;red;white
3229,,video game;cartoon;warrior;orange;fantasy,orange;brown
3230,GameCube,gamecube;nintendo;console;video games;logo,white;gray
3231,,video game;creature;eye;monster;dark,gray;black;green
3232,,monster;gorilla;creature;video game;orange,orange;blue;black
3233,Hexen II,hexen;hexen 2;video game;fantasy;raven software;spider,gray
3234,GameSpot,gamespot;video games;website;logo;purple,purple;blue
3235,,van;car;vintage;photo;beige,brown
3236,blind,blind skateboards;skateboarding;skate;brand;cartoon,yellow;gray
3237,toy machine,toy machine;skateboarding;skate;brand;monster,yellow;gray
3238,Thrasher,thrasher;skateboard;skateboarding;magazine;skate,gray;brown;red
3239,Zero Thomas,zero skateboards;jamie thomas;skull;skateboarding;skate,black;gray
3240,Beer City,beer city;skateboarding;iron cross;skate;brand,brown
3241,Independent,independent trucks;skateboarding;iron cross;skate;brand,black;gray
3242,,skateboarding;cartoon;face;art;skate,brown;orange;gray
3243,Bones,bones;powell peralta;skull;skateboarding;skate,white;gray;black
3244,Chocolate,chocolate skateboards;skateboarding;skate;brand;black,black;gray
3245,,cartoon;face;skateboarding;brand;dark,black;gray;brown
3246,AWS Alien Workshop,alien workshop;alien;skateboarding;skate;brand,white;gray;black
3247,birdhouse skateboards,birdhouse;tony hawk;skateboarding;skate;brand,white;gray
3248,Hook-Ups,hook-ups;anime;girl;skateboarding;skate,green;orange;red
3249,World Industries,world industries;skateboarding;flameboy;devil;skate,red
3250,Media,hammer and sickle;soviet;communism;media,gray;black
3251,Barry Adamson,barry adamson;musician;music;album;man,pink;purple;black
3252,Pootie Tang,pootie tang;movie;comedy;chris rock;film,blue;red
3253,Download,download;butterflies;orange;art,orange;brown
3254,Beef Knot Wreckords Destroy Whitey,destroy whitey;record label;music;face;skull,gray;brown;black
3255,Mike Ness,mike ness;social distortion;punk;musician;music,blue;black;yellow
3256,Der Blutharsch,der blutharsch;band;music;industrial;iron cross,black;gray
3257,Krispy Kreme Doughnuts,krispy kreme;donut;doughnut;food;logo,white;green
3258,,photo;faces;black and white;collage;green,gray;green;white
3259,Black Death,skull;death;black death;horror;band,gray
3260,Amelie,amelie;movie;film;woman;french,black;yellow;gold
3261,Naked Lunch,naked lunch;william burroughs;movie;book;film,white;black
3262,Slipknot,slipknot;band;metal;music;masks,gray;black;brown
3263,,money;dollar bills;capitol building;politics;collage,gray;black;white
3264,Black Hawk Down,black hawk down;movie;war;military;film,gray
3265,Asmorod,photo;figure;sepia;vintage;art,gray
3266,Zig-Zag,zig-zag;rolling papers;smoking;logo;brand,orange
3267,Hustler,hustler;magazine;nsfw;woman;nude;adult,gray;brown;red
3268,coil,coil;band;industrial;music;experimental,gray;red;black;brown
3269,,einsturzende neubauten;band;industrial;music;logo,gray;black
3270,High Times,high times;marijuana;cannabis;weed;magazine;pot leaf,green
3271,Brotherhood of the Wolf,brotherhood of the wolf;movie;film;french;warrior,black;blue;gray
3272,Night of the Zombies,night of the zombies;zombie;horror movie;skull;horror,black;gray
3273,Bauhaus,bauhaus;band;goth;post-punk;music,black;gray
3274,crass destroy power not people,crass;anarchy;punk;band;anarcho-punk,gray
3275,Danish Film Institute,danish film institute;film;denmark;logo;movies,white;gray;black
3276,Industrial Records Ltd. Industrial Music for Industrial People,industrial records;throbbing gristle;industrial music;record label;music,black;gray
3277,Trojan Magnum Larger Condoms,trojan;condoms;magnum;spartan helmet;brand,brown;gray
3278,No Remorse,crosshair;target;no remorse;red;violence,red;brown
3279,Misfits,misfits;crimson ghost;skull;punk;band,black;gray
3280,,fight club;soap;movie;film;pink,brown;black;gray
3281,,12 monkeys;monkey;movie;eye;film,red;white;brown;green
3282,Tampax,tampax;tampon;brand;logo;parody,blue
3283,nurse with wound,nurse with wound;band;experimental;industrial;music,gray;white;black
3284,Pinback,pinback;band;indie rock;music;cartoon,blue;gray
3285,Cannibal Holocaust,cannibal holocaust;horror movie;gore;horror;film,brown;gray;red;white
3286,The Doors,the doors;jim morrison;band;psychedelic;rock,pink
3287,Texas Chainsaw Massacre,texas chainsaw massacre;leatherface;horror movie;texas flag;horror,brown;black;red
3288,snatch,snatch;movie;guy ritchie;film;yellow,orange;brown;yellow
3289,Take Me to Your Dealer,alien;drugs;psychedelic;cartoon;humor,blue
3290,The Legendary Pink Dots,legendary pink dots;band;music;psychedelic;experimental,red;brown
3291,Forbidden Planet,forbidden planet;sci-fi movie;flying saucer;retro;film,white;gray;black
3292,3000 Miles to Graceland,3000 miles to graceland;movie;elvis;sunglasses;film,yellow;gray;white
3293,Jaws,jaws;shark;movie;spielberg;ocean,blue;cyan
3294,J.R.R. Tolkien,tolkien;lord of the rings;fantasy;dragon;art,orange;brown
3295,loads of acid,acid;lsd;drugs;psychedelic;vinyl record,gray;pink;black
3296,Grateful Dead,grateful dead;band;psychedelic;jam band;rock,brown;gray;blue;purple
3297,Animal House,animal house;movie;comedy;john belushi;film,white;gray
3298,TG,throbbing gristle;band;industrial;lightning bolt;music,gray;gold
3299,modest mouse,modest mouse;band;indie rock;sky;music,blue
3300,Judas Priest,judas priest;band;heavy metal;music;metal,black;red;brown
3301,Foetus,foetus;jg thirlwell;band;industrial;china flag,orange;red
3302,,splatter;red;black;abstract;blood,red;white;black
3303,Chicken Run,chicken run;aardman;claymation;movie;chickens,blue
3304,schwa,schwa;alien;alien head;logo;black,black
3305,Acid 666 Twenty 420,money;dollar bill;420;marijuana;parody;666,green
3306,Combustible Edison,combustible edison;band;lounge;cocktail;martini glass,purple;black
3307,Bloodsucking Freaks They want to have you for dinner!,bloodsucking freaks;horror movie;cult film;horror;b-movie,black;gray
3308,Adult Swim,adult swim;cartoon network;tv;animation;pink,gray;pink;blue
3309,NIN,nine inch nails;nin;band;industrial;trent reznor,gray
3310,Front Line Assembly,front line assembly;band;industrial;ebm;music,gray;black
3311,Death in June,death in june;band;neofolk;skull;music,pink;gray;black;red
3312,Reservoir Dweebs,reservoir dogs;parody;nerds;movie;humor,white;gray
3313,Deadlier than Dracula! Blacula,blacula;blaxploitation;vampire;horror movie;dracula,gray;black
3314,jackass johnny knoxville,jackass;johnny knoxville;mtv;tv show;stunts,brown;gray
3315,the tear garden,the tear garden;band;industrial;psychedelic;music,black;gray
3316,,black and white;faces;art;collage;sketch,white;gray
3317,Einsturzende Neubauten,einsturzende neubauten;band;industrial;music;eagle,black;gray
3318,non long live death,non;boyd rice;band;industrial;noise,white
3319,Nothing short of total war,public enemy;lightning bolt;war;military;photo,gray;white
3320,Electric Latin Love,sombrero;latin;music;mexican;red,red
3321,autechre,autechre;electronic music;idm;warp records;band,white;gray
3322,ELVIS Lives,elvis;elvis presley;king;rock and roll;man,pink
3323,,dark;texture;abstract;art;belt,black;gray
3324,,pale;abstract;arrow;graphic;faded,brown;white;orange
3325,Anterior Research Station clock DVA,clock dva;band;industrial;electronic;music,gray
3326,Delicatessen,delicatessen;movie;jeunet;french film;film,black;pink;brown;red
3327,godspeed you black emperor,godspeed you black emperor;band;post-rock;music,yellow;gray;red
3328,Soul Black Caesar,black caesar;blaxploitation;movie;film;70s,red;brown;black;orange
3329,Dogtown and Z-Boys,dogtown;z-boys;skateboarding;documentary;movie,cyan;blue
3330,Friday,friday;ice cube;chris tucker;movie;comedy,white;orange
3331,,homer simpson;the simpsons;3d;grid;wireframe,green;gray
3332,,comic;villains;faces;dark;art,black;gray;brown;red
3333,(zilch),zilch;band;psychedelic;purple;music,purple;blue
3334,The City of Lost Children,city of lost children;movie;jeunet;french film;film,black;brown
3335,They Might Be Giants,they might be giants;tmbg;band;music;yellow,yellow;gold
3336,Mulholland Dr.,mulholland drive;david lynch;movie;film;woman,black;gray;red
3337,,dark;figures;blue;night;silhouette,black;blue;gray
3338,Krishna,krishna;hindu;religion;india;god,red;black;pink
3339,Black Sabbath,black sabbath;band;heavy metal;ozzy;music,black;gray
3340,Porn Star The Legend of Ron Jeremy,ron jeremy;porn star;documentary;mustache;nsfw,white;gray
3341,Same Planet. New Scum.,men in black;mib;movie;aliens;sci-fi,blue;black
3342,Minority Report,minority report;movie;tom cruise;spielberg;eye,gray;blue
3343,Hellraiser: Inferno,hellraiser;pinhead;horror movie;horror;film,black;brown
3344,Batman Forever,batman forever;batman;movie;dc comics;riddler,black;gray;blue
3345,Ghost World,ghost world;movie;thora birch;scarlett johansson;film,gray;red;brown
3346,"Strong violence, language, some drug content and brief sexuality Restricted",mpaa rating;rated r;movie rating;restricted;parody,gray
3347,,woman;eyes;face;photo;blue,blue;gray;pink;black
3348,Lucifer Rising,lucifer rising;kenneth anger;occult;film;face,pink;purple
3349,KMFDM,kmfdm;band;industrial;music;art,black;gray;white
3350,Misc. Collections,hammer and sickle;soviet;communism;collections,gray;brown;black
3351,,face;black and white;photo;dark;creepy,gray;black
3352,,face;black and white;photo;dark;creepy,gray;black
3353,,face;hands;black and white;photo;creepy,gray;black
3354,,face;black and white;dark;creepy;art,gray;black
3355,,face;black and white;dark;creepy;engraving,gray;black
3356,,russian;soviet;cyrillic;grunge;poster,white;gray;brown
3357,,soviet;grunge;gray;texture;poster,gray;white
3358,,soviet;poster;propaganda;art;brown,red;brown;gray
3359,,soviet;poster;propaganda;art;collage,brown
3360,,soviet;poster;art;collage;colorful,gray;brown
3361,,monster;creature;horror;dark art;face,gray;black
3362,,monster;creature;horror;dark art;faces,gray;black;brown
3363,,monster;creature;horror;dark art;tentacles,gray;brown;black
3364,,monster;creature;horror;dark art;faces,gray;brown;black
3365,,monster;creature;horror;dark art;faces,gray;black;brown
3366,white devil,666;route 666;sign;insult;black,black;gray
3367,corporate scumbag,666;route 666;sign;insult;black,black;gray
3368,terrorist asshole,666;route 666;sign;insult;black,black;gray
3369,angry black man,666;route 666;sign;insult;black,black;gray
3370,stupid whore,666;route 666;sign;insult;black,black;gray
3371,,abstract;pattern;symbols;black and white;circles,gray;black;white
3372,,abstract;pattern;symbols;black and white;circles,gray;black;white
3373,,abstract;pattern;symbols;black and white;circles,black;gray
3374,,abstract;pattern;symbols;black and white;circles,black;white;gray
3375,,abstract;pattern;symbols;black and white;circles,black;gray;white
3376,,sushi;japanese;food;kanji;photo,gray;red
3377,,sushi;japanese;food;kanji;salmon,red;pink
3378,,sushi;japanese;food;kanji;knife,gray;white;green
3379,,sushi;japanese;food;kanji;roll,brown;gray;black;orange
3380,,sushi;japanese;food;kanji;roe,red;gray;pink
3381,,abstract;blur;colorful;gradient;green,green;yellow
3382,,abstract;blur;gradient;blue;smooth,cyan
3383,,abstract;blur;gradient;orange;smooth,pink;red
3384,,abstract;blur;gradient;yellow;smooth,orange;yellow;brown
3385,,abstract;blur;gradient;pink;smooth,pink;white
3386,,sci-fi;interface;purple;tech;grid;futuristic,black;blue
3387,,sci-fi;interface;purple;tech;futuristic,black;blue
3388,,sci-fi;interface;purple;tech;grid;futuristic,black;blue
3389,,sci-fi;interface;purple;tech;futuristic,black;blue;gray
3390,,sci-fi;interface;purple;eye;futuristic,black;blue
3391,,grunge;texture;collage;brown;abstract,brown;gray
3392,,grunge;texture;collage;brown;abstract,gray;brown
3393,,grunge;texture;collage;brown;abstract,gray;brown
3394,,grunge;texture;collage;brown;abstract,brown;gray
3395,,grunge;texture;collage;rust;abstract,brown;red
3396,Creepy #45,creepy magazine;horror comic;vintage comic;face;horror,black;brown
3397,Creepy #53,creepy magazine;horror comic;vintage comic;horror,brown;gray;gold
3398,Creepy #41,creepy magazine;horror comic;vintage comic;eye;monster,black;brown;red;gray
3399,Creepy #96,creepy magazine;horror comic;red eyes;demon;horror,gray;red;brown
3400,Creepy #64,creepy magazine;horror comic;woman;eye;horror,black
3401,,vintage;diagram;collage;engraving;anatomy,gray;yellow
3402,,vintage;diagram;collage;clock;engraving,yellow;gray;gold
3403,,vintage;diagram;collage;engraving;parchment,yellow;gray;brown
3404,,vintage;map;compass;collage;diagram,gray;white
3405,,vintage;diagram;collage;engraving;parchment,yellow;gray
3406,,grunge;gray;texture;dark;industrial,gray
3407,,grunge;gray;texture;dark;industrial,gray
3408,,grunge;gray;mechanical;dark;industrial,gray;black
3409,,grunge;gray;texture;dark;industrial,gray;black
3410,,grunge;gray;texture;dark;blue,gray;black;blue
3411,,collage;faces;comic;vintage;space,pink;blue;orange;red
3412,,collage;comic;vintage;psychedelic;art,yellow;brown;gray
3413,,collage;comic;vintage;psychedelic;art,gray;yellow;brown
3414,,collage;comic;vintage;psychedelic;art,brown;gray;orange;red
3415,,collage;comic;vintage;figures;art,gray;orange
3416,,face;dark art;painting;brown;moody,brown;black
3417,,dark art;painting;moon;gray;moody,gray
3418,,demon;glowing eyes;face;dark art;painting,brown
3419,,face;lips;dark art;painting;pale,gray
3420,,dark art;painting;brown;moody;texture,brown
3421,,marijuana;cannabis;weed;plant;leaves,green;gray;brown
3422,,marijuana;cannabis;weed;plant;leaves,green
3423,,marijuana;cannabis;weed;plant;buds,green
3424,,marijuana;cannabis;weed;plant;leaves,green;gray
3425,,marijuana;cannabis;weed;plant;purple,gray;blue
3426,,cartoon;monster;green;flat art;retro,orange;green;purple
3427,,cartoon;skull;moon;flat art;retro,blue
3428,,cartoon;devil;flat art;retro;red,red
3429,,cartoon;monster;teeth;flat art;retro,green;orange;black
3430,,cartoon;characters;sunglasses;flat art;retro,blue
3431,,dark art;monster;creature;painting;medical cross,gray;black
3432,,dark art;monster;creature;painting;gray,gray;black
3433,,dark art;monster;zombie;painting;face,gray;brown;black
3434,,dark art;monster;zombie;painting;face,gray;red;brown
3435,,dark art;monster;zombie;painting;face,gray;black;brown
3436,,flag;australia;australian flag;waving flag,blue;white;gray;pink
3437,,flag;united kingdom;uk;union jack;britain;waving flag,red;white;gray
3438,,flag;canada;canadian flag;maple leaf;waving flag,white;pink;red;gray
3439,,flag;china;chinese flag;stars;waving flag,pink;red
3440,,flag;white and red;waving flag;red,red;white;gray
3441,,flag;france;french flag;tricolor;waving flag,white;red;gray
3442,,flag;germany;german flag;waving flag,red;pink;gray
3443,,flag;india;indian flag;waving flag,gray;white
3444,,flag;italy;italian flag;tricolor;waving flag,white;red;gray
3445,,flag;japan;japanese flag;rising sun;waving flag,white;red;gray
3446,,flag;russia;russian flag;waving flag,white;red;gray
3447,,flag;south africa;south african flag;waving flag,red;gray;white;green
3448,,flag;turkey;turkish flag;crescent;star;waving flag,red;pink
3449,,flag;usa;american flag;stars and stripes;united states;waving flag,white;gray;red
3450,Servers,hammer and sickle;soviet;communism;servers,gray;black
3451,Bring Back the Circus Maximus,hammer and sickle;soviet;circus maximus;rome;slogan,black;gray
3452,Blackhole,blackhole;hotline server;people;pixel art;logo,yellow;white;pink
3453,VivaHX!,vivahx;hotline;people;pixel art;logo,green
3454,catalyst software,catalyst software;logo;software;company,white;gray
3455,Factory 100,factory;pixel font;logo;tech;gray,gray;white
3456,chaosdesign,chaosdesign;sketch;design;logo;gray,gray;white
3457,Tattsons Stardust,tattsons;eye;fire;stardust;orange,gray;orange;yellow
3458,TheMox.net Compiling the Macintosh Community,themox;mac;macintosh;website;community,white
3459,burn baby burn,fire;house;man;face;burn,black;red
3460,12.02 CAN,can;beer;pixel art;blue;yellow,blue
3461,Europe a Nation OswaldMosley.com,oswald mosley;british union of fascists;fascism;politics;lightning bolt,gray
3462,Natural Wonders,marijuana;pot leaf;weed;natural wonders;cannabis,gray;white
3463,illegal (X),illegal;x;black and white;graphic;logo,black;white
3464,Pimp Shack,pimp shack;quake;man;humor;orange,brown;gray;orange;black
3465,Access Denied Chalanporan,access denied;hacker;warning;gray;tech,white;gray
3466,Een's House,tools;hammer;wrench;house;website,gray;white
3467,broken|pipe,broken pipe;website;logo;unix;tech,black;gray;white
3468,Inverted Reality,inverted reality;grunge;mirrored text;collage;black and white,gray;black;white
3469,versiontracker.com,versiontracker;software downloads;website;mac;logo,white
3470,ilovebacon.com,bacon;ilovebacon;website;humor;cartoon,green
3471,,black and white;photo;grunge;man;collage,black;gray;white
3472,FuckedCompany,fuckedcompany;dot com;website;humor;boom,black;brown
3473,habitat,habitat;website;logo;green;gradient,green;white
3474,The37.com,37;website;logo;green;gradient,green;gray
3475,Raided!@,pentagram;raided;hacker;black;logo,black;gray
3476,e-Mog's | D N' B,drum and bass;dnb;dj;man;music,black;brown;orange
3477,La Luz de Jesus Gallery,la luz de jesus;art gallery;sacred heart;lowbrow art;los angeles,blue
3478,thehun.net,thehun;website;cartoon;nsfw;adult links,yellow
3479,The Vaults of Erowid,erowid;drugs;psychedelics;website;information,brown;black
3480,hail satan! diaboli.com,satan;pentagram;satanism;website;dark,black;green
3481,Smothered Hope,smothered hope;skinny puppy;industrial;band;song,blue;gray;white
3482,chemicons,chemicons;icons;skull;mac;website,green;white
3483,MacAddict.com,macaddict;mac;magazine;website;cartoon,red;gray;black;brown
3484,Anorak,anorak;website;logo;orange;gradient,brown;orange
3485,doubleplay.xcool.net,doubleplay;website;logo;dnx;white,white;blue
3486,[cip] error 404 not found,404;error;web;not found;geek,gray;black
3487,Artificial Cheese,cheese;artificial cheese;food;humor;logo,yellow;gray
3488,Sam & Ella's Chicken Hut,chicken;salmonella;humor;restaurant;parody,green;gold;yellow
3489,hempfiles.com,hemp;marijuana;cannabis;website;plants,green;gold;black
3490,skaters paradise,skateboarding;skate;skater;photo;black and white,white;gray
3491,Get Linux Linux.com,linux;linux.com;operating system;open source;website,white;gray
3492,FuckTheMainstream.com,nsfw;nude;body;skin;website,pink;gray;brown
3493,Philadelphia State Hospital,philadelphia state hospital;asylum;building;photo;black and white,gray;white
3494,explodingdog,explodingdog;stick figure;webcomic;face;art,green
3495,greenfetus.com genocide through sound,greenfetus;gas mask;soldier;military;music,white;gray
3496,Terror Organ,terror;flame;fire;logo;band,brown
3497,xclan.com,xclan;gaming clan;face;screaming;website,orange;black;gray;brown
3498,curry MUNCHER clan,gaming clan;curry;chili pepper;humor;clan,black;yellow;brown;gold
3499,www.twistedlens.com,twisted lens;face;sunglasses;photo;red,red;brown
3500,Signatures,hammer and sickle;soviet;communism;signatures,gray;black;brown
3501,cold,cold;band;noose;rock;music,yellow
3502,,graffiti;hammer and sickle;monster;demon;art,yellow;black
3503,VX1,vx1;logo;tech;black and white;graphic,gray;black
3504,What can I do? Diesel,diesel;clothing brand;hammer and sickle;logo;fashion,cyan;blue;gray;white
3505,MadMax,mad max;gun;dark;user banner;green text,gray;black;green
3506,Black Knight,black knight;hammer and sickle;dark;helmet;user banner,gray;black
3507,,moon;crescent;face;man;white,white
3508,mp,monster;teeth;mouth;horror;orange,orange;black
3509,,abstract;blue;tech;grid;graphic,blue;cyan
3510,Kaos,kaos;chaos;cartoon;pixel art;graffiti,white;gray;pink;black
3511,r3d,quake 3;quake;face;eyes;video game,yellow;red;orange
3512,Love LordKnow1 Pain,love;pain;user banner;black;text,black
3513,charisma,moon;crescent;black;user banner;graphic,black;gray;white
3514,Burger King,burger king;whopper;hamburger;fast food;logo,red;pink;white
3515,Quaker,quaker oats;quake;parody;logo;cereal,blue
3516,,face;glasses;man;blue;photo,blue;red;brown
3517,Smiley Rex,jurassic park;parody;t-rex;dinosaur;logo,gray;brown;red
3518,Collect Them All,eyes;woman;face;collect them all;yellow,white;yellow
3519,,eye;blue;close-up;photo;dark,blue;black
3520,,anime;eyes;green eyes;face;manga,black;brown
3521,,texture;brown;abstract;grunge;faded,brown;orange
3522,Haxored,haxored;hacker;mirrored text;bears;white,white;gray
3523,Tripp,tripp;woman;cartoon;lying down;comic,white;blue;gray
3524,dojoFemme,woman;martial arts;dojo;red;art,red
3525,,man;face;eyes;photo;yellow,orange;red;brown
3526,Knot Online,knot online;logo;gray;graphic;web,gray;white
3527,,cartoon;bear;autumn;trees;orange,brown;orange
3528,tilt looking@you,eyes;woman;face;looking;black and white,gray;white
3529,Silky,union jack;uk flag;britain;eyes;user banner,black;blue;gold
3530,Acid,acid;blue;gradient;logo;software,blue;gray
3531,Karc,karc;purple;black;user banner;graphic,black;pink;gray
3532,Thomas Anderson,the matrix;neo;keanu reeves;movie;sci-fi,white;gray
3533,Jester of Sanity,jester;moon;crescent;user banner;orange,red;gray;pink
3534,,stars;sparkle;white;faded;abstract,white;gray
3535,,man;smoking;smoke;cigarette;photo,gray;black
3536,Sprocket,sprocket;gears;mechanical;dark;industrial,gray;black
3537,ringmaster,ringmaster;dark;user banner;blue;graphic,black;blue
3538,,gold;abstract;texture;graphic;shiny,gray;yellow;brown
3539,[B] Eat. Sleep. Design. The [Box],design;the box;blue;graphic;slogan,blue;white
3540,Project X,project x;pixel art;character;dark;video game,black
3541,,woman;face;anime;art;pale,white;blue;red
3542,,bread;food;dark;pixel art;graphic,gray;black
3543,Incubus Dubbstylee,incubus;play button;purple;music;dj,purple;gray
3544,EX,ex;pale;abstract;pink;graphic,cyan;white
3545,,cartoon;faces;comic;screaming;orange,yellow;orange;brown
3546,Reiptor,apple;logo;user banner;letters;creature,gray;black;white
3547,BOB,bob;cartoon;figures;red;blue,red;blue
3548,persephone,persephone;woman;art;dark;user banner,gray;brown
3549,Free Fall,red hot chili peppers;asterisk;sky;ice;blue,blue;cyan;white
3550,Sinx,sinx;blue;abstract;user banner;graphic,blue
3551,,japanese;kanji;katakana;digital doctor;text,white;gray
3552,ZEF,zef;red;tribal;pattern;user banner,red;gray
3553,Senorita,senorita;woman;red;dark;user banner,black;red
3554,TOC,apple;logo;chrome;metal;user banner,gray;white
3555,,anime;face;warrior;art;blue,blue;cyan;gray
3556,vertigo,vertigo;person;silhouette;purple;user banner,blue
3557,utterer,unreal;video game;face;green;user banner,green;gray;black
3558,[FunBoy],funboy;user banner;yellow;abstract;graphic,yellow;gray;orange;brown
3559,Animanga.nu,anime;manga;face;eyes;website,brown;gray
3560,The Void,the void;face;blue;dark;user banner,black;blue
3561,Komrade,hammer and sickle;soviet;communism;komrade;user banner,gold;yellow
3562,,green lines;stripes;black;red ball;abstract,black;green
3563,Mucho Stylez,crown;king;mucho;user banner;black and white,gray;white
3564,ian_burger. yum.,face;man;photo;green;user banner,gray
3565,,fire;explosion;gradient;orange;abstract,orange;white;yellow;green
3566,,tribal;pattern;purple;abstract;graphic,gray;pink
3567,ZeroCritical,binary;numbers;holes;gray;tech,gray
3568,,astro boy;anime;manga;cartoon;osamu tezuka,white
3569,unicef,unicef;logo;charity;blue;children,blue;white;gray
3570,Dr Pepper,dr pepper;soda;logo;blue;drink,blue
3571,ricky the retard,wheelchair symbol;offensive;man;face;insult,gray
3572,Lego Rock Raiders,lego;rock raiders;video game;toys;minifigures,black;gray
3573,Z,z;black;face;cartoon;logo,black
3574,snappy,snappy;olive;interface;graphic;user banner,gray;gold
3575,Yorb,yorb;alien;green;gray;user banner,gray;white;green
3576,,hindi;devanagari;eye;sky;india,blue;gray
3577,NLF,red star;nlf;black and white;logo;graphic,white;gray
3578,,graffiti;black and white;red;abstract;logo,white;red;black;gray
3579,Cyberbob,cyberbob;yellow;olive;user banner;graphic,gold;brown;orange
3580,Tool,tool;band;sigma;rock;music,black;white;gray
3581,st kilda pro,st kilda;fire;orange;user banner;graphic,red;orange
3582,luk,sunglasses;face;blue;user banner;graphic,blue;black
3583,,plain;teal;gradient;blank,cyan;green
3584,Section9:PSB,ghost in the shell;section 9;anime;hammer and sickle;sci-fi,brown;gray
3585,bbx,cube;gray;plain;minimal;user banner,gray
3586,m@cToshen,mactoshen;blue;mac;user banner;plain,blue
3587,iNk,ink;black and white;circle;minimal;user banner,black;white
3588,,masala chai;japanese;katakana;heart;woman,gray;blue
3589,princess,princess;crown;pink;stars;girly,pink
3590,,dark;red;black;art;user banner,black;gray;red
3591,,face;eyes;black and white;photo;dark,gray;black
3592,Medusaeve,medusa;art;ornate;orange;user banner,black;brown
3593,Tire,hammer and sickle;soviet;tire;stripes;user banner,blue
3594,Kid A two colours in my head Radiohead,radiohead;kid a;band;album art;mountains,gray
3595,@ avatar,avatar;lightning bolt;gray;minimal;user banner,gray
3596,,eyes;woman;face;comic;man,white;brown
3597,SON,son;orange;gradient;logo;user banner,orange;red
3598,,anime;mecha;boy;robot;manga,gray
3599,Jasikiloptikus,abstract;gray;user banner;graphic;chrome,gray;white
3600,InfernoBox,infernobox;gradient;black and white;user banner;graphic,gray;white
3601,K,buddha;face;statue;asian art;orange,orange;brown
3602,Xx,green;gradient;abstract;user banner;graphic,green;yellow;gold
3603,Green Beans,green beans;engraving;vintage;user banner;black and white,gray;white
3604,inane,inane;blue;grid;gradient;user banner,blue
3605,,apple;apple logo;mac;powerbook;laptop,white;gray
3606,Zebra,zebra;stripes;animal;black and white;user banner,gray;black;white
3607,,demon;mask;heart;black and white;graphic,white;gray;black
3608,M4,m4;red;graphic;user banner;bold,red
3609,Squ88,squ88;black;dark;user banner;graphic,black;gray
3610,,face;lips;kiss;photo;close-up,red;orange;white
3611,Everest,everest;blue;gradient;mountain;user banner,blue
3612,,static;noise;black and white;abstract;texture,gray;white
3613,ice age coming,radiohead;ice age coming;lyrics;blue;band,blue
3614,nominal,nominal;person;gradient;minimal;user banner,black;white;gray
3615,Crim,crim;glow;black;cyan;user banner,black
3616,,hammer and sickle;soviet;face;painting;art,gray;brown;orange
3617,,sun tzu;art of war;chinese;kanji;face,gray;brown
3618,Johnny The Homicidal Maniac,johnny the homicidal maniac;jhonen vasquez;comic;jthm;gray,gray;white
3619,Goatboy (tm),goatboy;face;glasses;cartoon;user banner,white;gray
3620,,painting;figures;flying;classical art;cloth,orange;white;gray;brown
3621,blob blob Chant Down Blobbylon,rasta;reggae;babylon;man;parody,black;gold
3622,dj.boom.bap,dj;hip hop;boom bap;vintage;hands,yellow;gray
3623,WB @WardsBack,wardsback;wb;red;user banner;graphic,gray;white;red;black
3624,"cr3ation,-",creation;green;lime;user banner;graphic,green
3625,cyborg,biohazard;cyborg;robot;orange;sci-fi,orange;gray;brown
3626,Jakerz,grateful dead;steal your face;skull;space;user banner,blue;black;gray
3627,,crowd;people;silhouettes;conformity;logo,white;gray
3628,Blackbelt Jones,black belt jones;blaxploitation;man;eyes;movie,gray;black
3629,"American Red Cross Together, we can save a life.",red cross;american red cross;charity;logo;cross,white;gray
3630,N,demon;red eyes;art;horror;collage,gray;blue;black
3631,M,cartoon;eye;yellow;character;user banner,gold;gray;white
3632,dj E Mass,dj;music;blue;green text;user banner,blue;gray;green
3633,,skull;cat;mask;cartoon;gradient,gray;black;blue
3634,,anime;girl;eyes;blue;headphones,blue
3635,,cartoon;face;ear;yellow;warning sign,yellow;orange
3636,Vegemite Dillbert,vegemite;qantas;kangaroo;australia;dilbert;parody,white;red;gray
3637,Pope,pope;green text;graph;user banner;graphic,gray;white;blue;green
3638,Banzai,banzai;yellow;plain;user banner;red text,yellow
3639,,graffiti;black and white;headphones;cartoon;user banner,black;gray;white
3640,Hellfire,hellfire;red;fire;user banner;graphic,red
3641,wr3kt Karaalicious,green;matrix;tech;user banner;graphic,green;black
3642,,static;noise;black and white;abstract;grunge,gray;white
3643,got bud?,got milk parody;marijuana;weed;got bud;green,black;green
3644,,graffiti;skateboarding;blue;action;user banner,blue;gray
3645,Don't Do Drugs,drugs;anti-drug;man;face;humor,blue;cyan
3646,,skull;pattern;swirls;gray;graphic,gray;white
3647,SET,interface;buttons;knobs;gray;audio,gray
3648,AP a teardrop for every day,woman;face;sad;tears;emo,gray;white
3649,,anime;girl;red hair;pentagram;eyes,black;red
3650,Bluetorch,bluetorch;blue;tech;interface;graphic,blue;white
3651,BrainWashed,brainwashed;eye;pink;faded;graphic,white;pink
3652,Bloozban,blue;abstract;user banner;graphic;swirl,blue
3653,Fresh & Clean,fresh and clean;gray;purple;user banner;graphic,white;gray;blue
3654,,flames;hot rod;fire;crescent moon;orange,orange;black;red
3655,Indie Poster,indie;collage;art;colorful;poster,blue;orange;gray
3656,Fr0n Ster,moon phases;face;dark;user banner;gray,gray;black;white
3657,Raoul,tiger;cartoon;speech bubble;teal;user banner,cyan;white;red
3658,Telus,telus;telecom;canada;logo;purple,blue
3659,,elmo;sesame street;star;eyes;muppet,blue;black
3660,Subliminal Messages,subliminal messages;face;pink;faded;graphic,gray;blue;black
3661,Hydra,hydra;apple;apple logo;blue;mac,blue
3662,Nyah.,nyah;green;pattern;user banner;graphic,green
3663,,texture;brown;olive;dark;abstract,gray;gold
3664,,creature;monster;art;brown;dark,brown;yellow;black
3665,MiG,mig;fighter jet;jet;red star;military;radar,black;green;gray
3666,Agent79,hammer and sickle;soviet;moon;gray;user banner,gray;blue
4000,,spaceship;star wars;millennium falcon;sci-fi;small icon,gray;white
4001,,boy;red cap;pixel art;face;small icon,red;white;gray
4002,,planet;mars;space;small icon,gray;orange;white;red
4003,,planet;space;orange;small icon,orange;white;brown
4004,,cat;black cat;animal;small icon,black;white;blue;gray
4005,,spaceship;star wars;sci-fi;gray;small icon,gray;white
4006,,death star;star wars;space station;black and white;small icon,black;gray;white
4007,,headband;fighter;street fighter;ryu;face;small icon,gray;white;red;pink
4008,,furry face;creature;animal;orange;small icon,gray;brown;white;orange
4009,,face;pink;pig;small icon,red;pink;white;gray
4010,,saturn;planet;rings;space;small icon,white;orange
4011,,star destroyer;star wars;spaceship;sci-fi;small icon,gray;white
4012,,fox;cartoon;animal;orange;small icon,white;gray;orange
4013,,tie fighter;star wars;spaceship;sci-fi;small icon,white;gray
4014,,computer;monitor;box;gray;small icon,gray;white;blue
4015,,hal 9000;2001 a space odyssey;red eye;sun;space;sci-fi,black;gray;red
4016,,blob;brain;teal;creature;small icon,green;cyan;white;gray
4017,,face;man;pink;small icon,red;white;pink;gray
4018,,moon;planet;space;small icon,white;yellow;black;gray
4019,,apple;apple logo;sky;clouds;mac,gray;blue
4020,,copyright;c symbol;circle;letter c;small icon,gray;white;cyan
4021,,stormtrooper;star wars;helmet;black and white;small icon,white;gray
4022,,joystick;atari;video games;retro;small icon,white;gray;black
4023,,gold;robot;c-3po;star wars;small icon,yellow;gray;gold;white
4024,,gold;face;robot;c-3po;star wars;small icon,yellow;gray;white;gold
4025,,gold;robot;yellow;small icon,white;gray;yellow;gold
4026,,alarm clock;clock;red;small icon,white;red;gray
4027,,man;face;glasses;bald;small icon,gray;orange
4028,,alien;creature;black and white;small icon,gray;white
4029,,spaceship;sci-fi;gray;small icon,white;gray
4030,,bird;blue;wings;creature;small icon,white;gray;blue;cyan
4031,,boy;cap;pokemon;ash ketchum;anime;small icon,white;red;gray
4032,,laptop;keyboard;computer;black;small icon,white;gray
4033,,trophy;gold;statue;small icon,white;brown
4034,,cartoon;kid;blonde;yellow hair;small icon,yellow;white
4035,,cartoon;face;orange;character;small icon,white;gold;yellow;brown
4036,,batman;bat signal;batman logo;dc comics;small icon,white;yellow
4037,,cartoon;kid;purple;face;small icon,black;white;pink;red
4038,,batman;dc comics;superhero;cowl;small icon,black;orange;white;gray
4039,,batman;dc comics;superhero;purple;small icon,white;gray;black;blue
4040,,machine;orange;vehicle;small icon,gray;white;black
4041,,chewbacca;star wars;wookiee;furry;small icon,brown;white;gray
4042,,binoculars;black;small icon,white;gray;black
4043,,green;pixel art;shape;small icon,green;white
4044,,computer;monitor;blue;small icon,white;blue;gray
4045,,pokemon;blastoise;turtle;blue;small icon,blue;gray;white;yellow
4046,,disk drive;computer;black;small icon,white;gray
4047,,pokemon;venusaur;creature;green;small icon,green;cyan;white
4048,,bulldozer;construction;orange;vehicle;small icon,white;orange;gray
4049,,pokemon;psyduck;duck;yellow;small icon,white;yellow;gold;gray
4050,,pokemon;creature;blue;bug;small icon,white;gray;blue
4051,,candy cane;christmas;candy;striped;small icon,white;gray;black
4052,,green;creature;small icon,white;green
4053,,masked man;mask;face;hero;small icon,white;black;orange;gray
4054,,pokemon;pink;creature;cute;small icon,pink;white;red;gray
4055,,pokemon;pink;creature;cute;small icon,white;pink;gray
4056,,pokemon;charizard;dragon;orange;small icon,brown;white;orange;gray
4057,,pokemon;charmeleon;lizard;orange;small icon,orange;white;brown;gray
4058,,pokemon;red;dragon;creature;small icon,red;white;gray
4059,,hamburger;burger;food;small icon,white;brown;orange
4060,,printer;computer;gray;small icon,gray;white
4061,,laptop;computer;black and white;small icon,white;gray;black
4062,,pokemon;clefairy;pink;cute;small icon,pink;gray;red;white
4063,,pokemon;clefairy;pink;cute;small icon,pink;white;gray;red
4064,,remote control;black;device;small icon,white;gray
4065,,pokemon;cubone;skull;small icon,gray;white
4066,,zombie;face;monster;green;small icon,white;yellow;gray
4067,,pokemon;brown;creature;small icon,white;gray;orange
4068,,pokemon;farfetchd;duck;bird;small icon,white;gray
4069,,pokemon;shell;brown;creature;small icon,white;black;red;gray
4070,,pokemon;orange;creature;small icon,white;orange;gray
4071,,pokemon;orange;creature;small icon,white;orange;gray
4072,,pokemon;blue;creature;small icon,white;gray;blue
4073,,pokemon;yellow;creature;small icon,orange;brown;gray
4074,,cat;black cat;animal;green eyes;pixel art,gray;black;white;blue
4075,,pokemon;purple;creature;mouth;small icon,blue;gray;white
4076,,pokemon;yellow;spiky;creature;small icon,orange;gray;white
4077,,pokemon;electrode;ball;face;small icon,white;gray;red
4078,,etch a sketch;toy;red;small icon,red;gray;white
4079,,pokemon;pink;creature;small icon,pink;white;gray
4080,,pokemon;exeggutor;palm tree;small icon,white;gray;green;orange
4081,,man;face;small icon,white;orange;red
4082,,creature;animal;brown;small icon,white;gray;yellow
4083,,super nintendo;snes;console;nintendo;small icon,white;gray
4084,,fish;goldfish;yellow;small icon,white;yellow;black
4085,,pokemon;red;creature;fire;small icon,red;white;yellow;brown
4086,,fry;futurama;cartoon;orange hair;small icon,orange;white;gray
4087,,black;yellow;object;small icon,white;gold;gray
4088,,pokemon;ghost;purple;small icon,white;pink;blue
4089,,pokemon;gengar;ghost;purple;small icon,purple;white;black;blue
4090,,pokemon;pink;creature;small icon,white;pink;gray
4091,,pokemon;blue;creature;small icon,white;blue;gray;cyan
4092,,pokemon;rock;gray;creature;small icon,yellow;gray;white
4093,,clover;shamrock;green;luck;small icon,green;white;black
4094,,man;face;sunglasses;small icon,gray;orange
4095,,pokemon;purple;creature;small icon,pink;purple;white;gray
4096,,pokemon;red;bird;fire;small icon,white;red
4097,,pokemon;yellow;creature;small icon,white;yellow;orange
4098,,pokemon;dragon;blue;creature;small icon,blue;gray;white
4099,,harley quinn;jester;batman;dc comics;small icon,white;red;gray
4100,,pokemon;venusaur;green;creature;small icon,green;red;white;cyan
4101,,pokemon;pink;monster;small icon,red;white
4102,,pokemon;hitmonchan;boxing gloves;fighter;small icon,gray;white;red
4103,,pokemon;bird;brown;small icon,white;orange;gray
4104,,homer simpson;the simpsons;cartoon;yellow;small icon,white;gold;yellow;gray
4105,,pokemon;squirtle;turtle;blue;small icon,blue;gray;cyan;white
4106,,hot dog;food;small icon,white;orange
4107,,ibook;apple;clamshell;blueberry;laptop;small icon,white;blue
4108,,ibook;apple;clamshell;blueberry;laptop;small icon,white;blue;cyan
4109,,ibook;apple;clamshell;tangerine;laptop;small icon,white;orange
4110,,ibook;apple;clamshell;tangerine;laptop;small icon,white;orange
4111,,imac;apple;computer;mac;small icon,gray;white;cyan
4112,,mouse;apple;computer mouse;small icon,white
4113,,cartoon;mouse;blue;itchy;small icon,white;blue;gray
4114,,pokemon;venusaur;green;creature;small icon,cyan;green;pink
4115,,man;face;small icon,white;orange
4116,,pokemon;yellow;creature;small icon,gray;white
4117,,pokemon;purple;creature;small icon,white;blue;gray
4118,,jack-o-lantern;pumpkin;halloween;small icon,orange;white;brown
4119,,pokemon;jigglypuff;pink;cute;small icon,pink;red;gray
4120,,alien;creature;sci-fi;small icon,white;gray;yellow
4121,,bender;futurama;robot;cartoon;small icon,white;gray;cyan
4122,,pumpkin;orange;halloween;small icon,orange;brown;white;gold
4123,,anime;girl;blue;small icon,white;gray;blue
4124,,anime;girl;brown hair;face;small icon,white;gray;pink
4125,,red;mask;face;small icon,red;white
4126,,black helmet;dark;darth vader;star wars;small icon,gray;black;white
4127,,sphere;gray;planet;space;small icon,gray;white;blue
4128,,monster;red;creature;small icon,red;brown;white;gray
4129,,spaceship;sci-fi;gray;small icon,gray;white
4130,,cartoon;face;clown;small icon,white;pink;red
4131,,robot;gray;small icon,gray;white
4132,,uss enterprise;star trek;starship;spaceship;small icon,gray;white
4133,,alien;teal;creature;small icon,cyan;white;gray
4134,,shark;jaws;teeth;small icon,white;black;blue;gray
4135,,creature;cartoon;small icon,white;red;yellow
4136,,armored figure;gun;orange;small icon,white;brown;orange
4137,,jupiter;planet;space;small icon,orange;gray;white
4138,,anime;blonde;face;small icon,orange;white;red
4139,,marge simpson;the simpsons;blue hair;cartoon;small icon,blue;white;black;gray
4140,,pokemon;yellow;spiky;bird;small icon,white;gray;yellow
4141,,woman;blonde;face;cartoon;small icon,yellow;orange;gray
4142,,monster;red eyes;creature;small icon,black;brown;red;orange
4143,,yellow;face;skull;small icon,white;gold;yellow;orange
4144,,pac-man;pacman;video game;retro;small icon,yellow;gold;white
4145,,pokemon;purple;creature;small icon,blue;white;gray
4146,,ketchup;mustard;bottles;condiments;small icon,white;red;gray
4147,,teal;creature;monster;small icon,cyan
4148,,gorilla;ape;face;gray;small icon,gray;black
4149,,purple;creature;monster;small icon,blue;white;gray
4150,,pokemon;crab;creature;small icon,gray;white;red
4151,,pokemon;lapras;blue;creature;small icon,white;blue;gray;yellow
4152,,briefcase;brown;box;small icon,white;brown;gray
4153,,leela;futurama;purple hair;cartoon;small icon,pink;white;gray
4154,,man;glasses;face;small icon,white;orange
4155,,woman;red hair;face;small icon,black;white;orange;red
4156,,tongue;pink;small icon,white;pink;red
4157,,lisa simpson;the simpsons;cartoon;yellow;small icon,yellow;white;gold;gray
4158,,laptop;computer;gray;small icon,gray;white
4159,,police hat;cartoon;officer;small icon,white;blue;gray
4160,,four leaf clover;clover;luck;green;small icon,green;black;gray
4161,,red;creature;cartoon;small icon,white;red;gray
4162,,robot;gray;machine;small icon,white;gray
4163,,brown;creature;animal;small icon,brown;black;gray
4164,,creature;beige;cartoon;small icon,white;orange;gray;yellow
4165,,creature;yellow;cartoon;small icon,yellow;gray;orange;white
4166,,car;race car;vehicle;red;small icon,white;gray
4167,,leaf;green;plant;small icon,green;white
4168,,pink;creature;cartoon;small icon,white;pink;gray
4169,,anime;girl;purple hair;face;small icon,blue;orange
4170,,gray;creature;cartoon;small icon,gray;white
4171,,cartoon;yellow;cap;the simpsons;small icon,white;orange;blue
4172,,anime;girl;orange hair;face;small icon,white;orange;gray;red
4173,,cartoon;yellow;the simpsons;face;small icon,white;yellow;gold
4174,,computer tower;black;box;small icon,gray;white;black
4175,,crescent moon;moon;banana;yellow;small icon,white;yellow;gray
4176,,face;man;dark;small icon,black;gold;gray
4177,,star;black star;red;small icon,white;black;gray
4178,,food;object;small icon,white;gray;orange
4179,,pokemon;purple;creature;small icon,white;pink;gray
4180,,red;creature;bug;small icon,white;black;gray;red
4181,,building;grid;olive;small icon,yellow;gold;gray;black
4182,,cartoon;yellow;face;small icon,brown;white;gold;yellow
4183,,man;face;black hair;small icon,gray;black;yellow;white
4184,,green;couch;object;small icon,green;white;gray
4185,,green;plant;tree;small icon,green;white
4186,,creature;lavender;small icon,white;gray;blue
4187,,creature;purple;small icon,white;pink;gray;blue
4188,,pokemon;oddish;plant;leaves;small icon,white;green;gray;blue
4189,,tv;television;retro;small icon,black;white;gray
4190,,face;cartoon;small icon,white;gray;yellow
4191,,cartoon;yellow;hat;the simpsons;small icon,yellow;black;gold
4192,,creature;colorful;small icon,white;gray;red
4193,,pyramid;gray;ufo;small icon,gray;white
4194,,pokemon;yellow;creature;small icon,white;yellow;orange;gray
4195,,red;bird;creature;small icon,white;gray;red
4196,,creature;cartoon;small icon,white;orange;gray
4197,,pokemon;yellow;creature;small icon,white;yellow;orange
4198,,red;fire;dragon;eye;small icon,red;black
4199,,man;military cap;officer;face;small icon,black;orange;white;gray
4200,,circuit board;computer chip;green;hardware;small icon,white;green;gray
4201,,the simpsons;cartoon;yellow;face;small icon,white;gold;yellow;gray
4202,,dark;helmet;gray;small icon,gray;white
4203,,creature;cartoon;small icon,white;gray
4204,,the simpsons;cartoon;yellow;face;small icon,yellow;gold;white
4205,,floppy disk;red;computer;small icon,white;gray;red
4206,,hot dog;food;small icon,white;brown
4207,,red;can;capsule;small icon,red;white
4208,,traffic cone;cone;orange;small icon,white;orange;red
4209,,man;sunglasses;face;small icon,orange;black;white;gray
4210,,gumball machine;candy;small icon,gray;white;black;blue
4211,,rubber duck;duck;yellow;toy;small icon,white;black;yellow
4212,,rubiks cube;puzzle;toy;cube;small icon,black;gray;white;blue
4213,,rubiks cube;puzzle;toy;cube;small icon,gray;black;white;blue
4214,,hard hat;construction;helmet;yellow;small icon,white;orange;yellow
4215,,gray;pyramid;object;small icon,white;gray
4216,,sandwich;food;small icon,white;yellow
4217,,dog;cartoon;orange;small icon,white;orange;brown
4218,,school bus;bus;yellow;vehicle;small icon,white;brown;gray
4219,,cat;black cat;cartoon;scratchy;small icon,gray;white
4220,,x;gray;shape;small icon,white;gray
4221,,sideshow bob;the simpsons;cartoon;red hair;small icon,red;white;gray
4222,,the simpsons;cartoon;hat;small icon,cyan;white;gray;yellow
4223,,the simpsons;cartoon;yellow;face;small icon,gold;yellow;white;gray
4224,,stapler;office;object;small icon,white;gray
4225,,camcorder;video camera;gray;small icon,gray;white
4226,,camera;device;gray;small icon,gray;white
4227,,green;creature;small icon,white;green;gray;blue
4228,,man;face;black hair;small icon,white;blue;black
4229,,frog;green;creature;small icon,green;white
4230,,pizza;food;round;small icon,orange;yellow;white
4231,,man;face;small icon,white;orange
4232,,toaster;appliance;gray;small icon,gray;white
4233,,face;pale;small icon,yellow;white;gray
4234,,car;green;vehicle;small icon,white;green;gray;black
4235,,tardis;doctor who;police box;blue;small icon,blue;white;gray
4236,,telescope;astronomy;tripod;small icon,white;gray
4238,,telescope;astronomy;tripod;small icon,white;gray
4240,,joker;clown;face;batman;villain;small icon,white;gray;green
4241,,man;face;hat;cartoon;small icon,white;orange;purple;black
4242,,man;face;black hat;cartoon;small icon,black;orange;white;gray
4243,,tools;hammer;object;small icon,white;blue;gray
4244,,box;tissue box;yellow;object;small icon,yellow;white;orange
4245,,christmas tree;tree;holiday;christmas;small icon,white;green;black;gray
4246,,face;sunglasses;alien;dark;small icon,black;yellow;white;gray
4247,,turkey;roast;food;thanksgiving;small icon,orange;white;black;gray
4248,,man;face;cyborg;small icon,white;gray;red;black
4249,,ufo;flying saucer;spaceship;alien;small icon,white;black
4250,,soldier;helmet;green;army;small icon,white;black;green
4251,,head;bald;face;brown;small icon,white;brown;black
4252,,cauldron;pot;witch;small icon,gray;white
4253,,tools;wrench;orange;object;small icon,white;brown;gray
4254,,face;man;cartoon;small icon,orange;gray;white;yellow
5000,HOTLINE,hotline;globe;earth;gradient;red lettering,white;red;gray;black
5001,HOTline,hotline;fire;flames;gradient;purple,white;purple;black
5002,HotLinE,hotline;bone;gradient;blue,blue;white;black
5003,Windoze™,windows;microsoft;parody;windoze;man;gradient;blue,blue;gray
5004,PC User,windows;microsoft;pc;man;gradient,blue;gray
5005,MAC OS X,mac os x;apple;macintosh;colorful,cyan;blue;green;white
5006,think macintosh,apple;macintosh;mac;think different;rainbow apple logo,red;white
5007,G3 Macs Kick Ass!™,apple;mac;g3;macintosh;finder;cyan,cyan;white
5008,iMacs Kick Ass!™,apple;imac;mac;macintosh;finder;cyan,cyan;white
5009,Macs Kick Ass!™,apple;mac;macintosh;finder;cyan,cyan;white
5010,,painting;art;clouds;dark;photo,red;brown;black
5011,,airplane;jet;sky;blue;photo,blue;gray
5012,,car;limousine;fire;explosion;photo,red;orange
5013,,pattern;dither;texture;plain,white;blue
5014,,painting;renaissance;face;woman;art,brown;white;gray;orange
5015,,eye;painting;art;photo,gray;white;brown
5016,,chili peppers;peppers;red;food;pattern,white;red
5017,,rainbow;stripes;colorful;gradient,white;yellow
5018,,green;glow;gradient;abstract,black;green;gray
5019,,metallic;gold;chrome;3d;button,gray;brown;black
5020,,space;nebula;dark;glow;abstract,gray;pink;black;white
5021,,skull;horror;purple;abstract,white;gray;purple
5022,,skull;horror;purple;abstract,white;gray;black
5023,,metal;tech;cyan bar;industrial,gray;cyan
5024,,apple;rainbow apple logo;mac;texture;gray,gray;white
5025,MF,quake;game;logo;metal;rust,white;black;gray
5026,Think different.,apple;think different;rainbow apple logo;mac;black,white;black;gray
5027,,mac os;window;title bar;platinum;gray;classic mac,white;gray
5028,Road Runner / Time Warner Cable,road runner;time warner cable;isp;internet;cable modem;cyan,cyan;green
5029,Msg me for #!,message me;flower;gradient;blue,blue
5030,,space;nebula;stars;purple;gradient,blue;purple;gray
5031,31337,elite;leet;hacker;numbers;matrix;black,black;white;gray
5032,,blood;dripping;red eyes;horror;evil,black;red;gray
5033,,super mario;mario;nintendo;mushroom;video game;pixel art,green;white
5034,,crayon;orange;crayola;school,red;gray
5035,,faces;blue;eyes;dark;creepy,blue;white;black;gray
5036,,cartoon;eyes;faces;angry;purple,white;blue;gray
5037,DON'T WORRY BE COOL,apple;rainbow apple logo;mac;dont worry;purple,blue
5038,,landscape;mountains;sky;clouds;photo,blue;white;green
5039,,landscape;mountains;silhouette;sky;photo,blue;black
5040,HB,pencil;eraser;school;yellow,orange;gray
5041,,woman;face;blonde;eyes;photo,gray;brown
5042,,woman;face;blonde;space;photo,gray
5043,,face;alien;eyes;space;dark,gray;blue
5044,,skull;face;eyes;space;horror,gray;blue
5045,,batman;bat logo;dc comics;superhero;gradient;red,red
5046,,cigarette;smoking;white,white;gray;brown
5047,,cigarette;smoking;burning;filter,white;pink;brown;gray
5048,,cigarette;joint;smoking;white,white;gray
5049,,tech;hazard stripes;green bar;industrial;metal,gray;green;white
5050,,lightning;electricity;green;faces;x-files,green;gray
5051,,moon;face;eyes;crescent;dark,brown;orange;gray
5052,,pattern;circles;gray;texture;abstract,white;gray
5053,,mac os;control strip;buttons;classic mac;gray,white;gray
5054,,gi joe;american flag;usa;stars and stripes;military;flag,white;blue;red
5055,,apple;rainbow apple logo;mac;computer;blue;pale,white;blue
5056,,tech;dark;gray bar;button;interface,gray;black
5057,,snoopy;dog;cartoon;peanuts;finder;mac,blue;white
5058,Burn Baby Burn...,apple;mac;fire;burn;gradient;blue,blue;white
5059,,gold;bar;metallic;orange;3d,orange;yellow
5060,,money;dollar bill;benjamin franklin;cash;green,yellow;gray
5061,,celtic;knot;ornate;gold;frame,gray;yellow;gold;brown
5062,,faces;skull;dark;creepy;horror,white;brown;black
5063,,lightning;electricity;dark;blue;storm,black;blue
5064,,anime;eyes;girl;face;orange,white;red
5065,,yellow;stripes;abstract;texture,yellow;white
5066,,yellow;stripes;abstract;texture,yellow;white
5067,,psychedelic;colorful;noise;frame;blue,blue;white;purple
5068,,psychedelic;colorful;noise;frame;red,white;red;pink
5069,,psychedelic;colorful;noise;frame;orange,white;green;yellow;orange
5070,,psychedelic;colorful;noise;frame;green,green;white
5071,,psychedelic;colorful;noise;frame;magenta,white;pink;purple
5072,,noise;texture;frame;black and white,white;black;gray
5073,,noise;texture;frame;gray;white,white
5074,South Park,south park;cartoon;kenny;kyle;stan;cartman;tv show,blue
5075,,space;planet;stars;black;galaxy,black;white;gray
5076,SSM pixelhaus,ssm;pixelhaus;abstract;texture;red,red;gray
5077,SSM pixelhaus,ssm;pixelhaus;abstract;swirl;purple;orange,blue;orange;red;gray
5078,SSM pixelhaus,ssm;pixelhaus;abstract;swirl;blue,blue;white
5079,SSM pixelhaus,ssm;pixelhaus;abstract;photo;red,gray;red
5080,SSM pixelhaus,ssm;pixelhaus;abstract;texture;pink,gray;pink;red
5081,SSM pixelhaus,ssm;pixelhaus;abstract;swirl;green,green;blue;gray;cyan
5082,SSM pixelhaus,ssm;pixelhaus;abstract;wood grain;tan,gray;white;yellow;brown
5083,SSM pixelhaus,ssm;pixelhaus;abstract;texture;gray,white;gray
5084,SSM pixelhaus,ssm;pixelhaus;abstract;flower;red;pink,pink;red;gray
5085,SSM pixelhaus,ssm;pixelhaus;abstract;lightning;blue,blue;gray;white
5086,SSM pixelhaus,ssm;pixelhaus;abstract;photo;red,gray;red;white;pink
5087,SSM pixelhaus,ssm;pixelhaus;abstract;texture;pink,pink;red
5088,,alien;alien head;gradient;green;black,green;black
5089,,planet;sphere;dark;green;space,green;gold;black
5090,,gradient;abstract;purple;green,brown;pink;green;purple
5091,SSM,ssm;abstract;swirl;fire;orange,white;yellow;orange;red
5092,SSM,ssm;abstract;swirl;orange,white;orange;brown
5093,SSM,ssm;abstract;psychedelic;rainbow;swirl,white;orange
5094,SSM,ssm;abstract;zebra;black and white;swirl,white;gray;black
5095,SSM,ssm;abstract;swirl;teal,white;green;cyan
5096,SSM,ssm;abstract;swirl;red;blue,white;red;black
5097,SSM,ssm;abstract;swirl;red;orange,white;blue
5098,SSM,ssm;abstract;bubbles;red;brown,red;white;black
5099,SSM,ssm;abstract;swirl;psychedelic,white;black;gray;brown
5100,SSM,ssm;abstract;stripes;blue,blue;white
5101,SSM,ssm;abstract;gray;metal,gray;white
5102,SSM,ssm;abstract;swirl;rainbow,white;pink
5103,SSM,ssm;abstract;swirl;teal,white;gray;cyan;green
5104,SSM,ssm;abstract;swirl;pastel,white;gray;blue
5105,SSM,ssm;abstract;gradient;blue;purple,white;purple;blue
5106,SSM,ssm;abstract;swirl;teal,white;cyan;blue
5107,SSM,ssm;abstract;psychedelic;purple,white;blue
5108,SSM,ssm;abstract;stripes;red;blue,white;black
5109,SSM,ssm;abstract;gold;pattern,white;brown
5110,SSM,ssm;abstract;camouflage;green,black;white
5111,,woman;cartoon;animated;face;asian,yellow;gray;brown;orange
5112,,south park;cartoon;kenny;cartman;tv show,gray;green;white
5113,,paw prints;footprints;green;animal,white;green
5114,,cartoon;cat;face;character,white;cyan
5115,,bugs;insects;beetle;spider;hazard stripes,white
5116,Gay Pride,gay pride;rainbow;pride flag;pink triangle;lgbt,green;blue;red
5117,Laser,laser;splat;red;logo,white;pink
5118,,dark;texture;frame;black;plain,white;black
5119,SSM,ssm;green;frame;plain,white;green;black
5120,,green;stripes;frame;black,white;black;green
5121,,mac;finder;gothic lettering;blue;red,blue;white;pink;gray
5122,,woman;face;photo;eyes,white;gray;brown
5123,,cow print;spots;red;white;pattern,white;red
5124,,distorted lettering;red;white;graffiti,white;red;pink
5125,,woman;eyes;face;photo;black and white,gray
5126,This is ... Thats ME!,this is me;gradient;blue;gold;name bar,white;blue;orange;brown
5127,,glow;lens flare;purple;gradient,purple;blue;white;pink
5128,,woman;face;photo;faded;white,white;gray
5129,,american flag;usa;statue of liberty;patriotic;flag,gray;cyan;white;red
5130,,american flag;usa;bald eagle;eagle;patriotic;flag,red;white;gray;orange
5131,,american flag;usa;money;patriotic;flag,green;white;gray;red
5132,,iron cross;german;ww2;airplane;military;luftwaffe,white
5133,Powered by APACHE,apache;web server;feather;logo;software,white;pink
5134,Coca-Cola always,coca-cola;coke;soda;brand;red,pink;red
5135,"""I'm The Dude.""",the big lebowski;the dude;movie;quote;yellow,yellow;orange;gold
5136,"""It's a weekday?""",the big lebowski;movie;quote;yellow,yellow;orange;gold
5137,"""A world of pain!""",the big lebowski;walter;movie;quote;yellow,yellow;orange;gold
5138,hp,hp;hewlett packard;logo;brand;blue;gradient,blue;white
5139,,gradient;black and white;rainbow;stripe,gray;white;black
5140,NSA of the USA,nsa;usa;government;spy;gradient,red;white;pink;blue
5141,SURGE,surge;soda;drink;brand;red,red;pink
5142,,cartoon;dog;character;brown,brown
5143,,yellow;glow;black;stripe,yellow;gold;black
5144,,rainbow;spectrum;black;stripe,blue;black;red;green
5145,hell inside,intel inside;parody;skull;crossbones;gradient,white;black;gray
5146,FBI,fbi;x-files;government;gradient;black and white,gray;white
5147,,cartoon;yellow;faces;character,yellow;white
5148,the truth is out there,x-files;alien;ufo;tv show;black,black;gray;white
5149,what a babe!,woman;pin-up;retro;babe;red;gradient,pink;red;white
5150,,abstract;diagonal;blue;yellow;texture,blue;red;yellow
5151,,blue;texture;gradient;abstract,blue;cyan
5152,,blue;yellow;glow;gradient,blue;yellow
5153,,purple;white;gradient;abstract,white;purple
5154,,purple;glow;gradient;dark,purple
5155,,red;texture;gradient;plain,red;pink
5156,,devil;demon;face;red;pink,pink;red
5157,,red eyes;dark;evil;gray;gradient,gray;black
5158,,skin;face;peach;photo,orange;pink;brown;red
5159,,light blue;gradient;plain;diagonal,white;blue
5160,,rainbow;gradient;blue;spectrum,blue
5161,,bubbles;water;blue;gradient,blue;cyan
5162,,abstract;fractal;orange;red;dark,black;red;brown;gray
5163,,abstract;fractal;brown;dark,brown;black;gray
5164,,green balls;spheres;swirl;black and white;abstract,gray;white;green
5165,,psychedelic;pastel;purple;abstract,blue;purple;pink
5166,,psychedelic;swirl;teal;green;abstract,green;cyan
5167,,psychedelic;red;black;swirl;abstract,red;black;pink
5168,,psychedelic;rainbow;swirl;abstract,blue;green;cyan
5169,,psychedelic;blue;swirl;abstract,blue;green;black;cyan
5170,,abstract;gold;swirl;orange,brown;orange
5171,,psychedelic;rainbow;waves;abstract,green;orange;red
5172,,abstract;purple;gold;swirl,pink;purple
5173,,gold;orange;texture;plain,orange;yellow;brown
5174,,face;fire;orange;abstract,red;yellow;orange
5175,,green;dots;apple;dark,black;green
5176,Think Fjords,think different;parody;hotline;alien;black,white;gray;black
5177,,swirl;teal;car;gray,white;gray;cyan
5178,,anime;eyes;face;pink;magenta,pink;brown
5179,Emily,emily;name;apple;rainbow apple logo;purple,purple;blue;white
5180,,face;eyes;glasses;photo;gray,white;gray
5181,Carnage Masters,carnage masters;clan;orange;gradient,orange;gray;blue
5182,,cartoon;faces;pink;orange,pink;white;orange
5183,,calvin and hobbes;hobbes;tiger;cartoon;comic;black and white,white;gray
5184,BTS Time Flies,time flies;bts;sketch;black and white,white;gray
5185,Been There Downloaded That.,download;globe;checkmark;progress bar;internet,gray;white
5186,BTS,cartoon;dog;sketch;black and white;bts,white;gray
5187,,cartoon;comic;characters;black and white;doodles,white;gray
5188,is on bungie.net,bungie;bungie.net;game;myth;red,brown;red;gray;black
5189,Get in the Game Clan Lord,clan lord;game;mmo;delta tao;black,black;gold
5190,Hotline,hotline;apple;rainbow apple logo;psychedelic;colorful,gray;green
5191,Hotline,hotline;apple;rainbow apple logo;psychedelic;colorful,blue;gray;pink
5192,,lens flare;red;dark;space;glow,red
5193,,graffiti;colorful;street art;cartoon,white;yellow
5194,LiveBoyDeadGirl,face;eyes;angry;horror;red,gray;black;white
5195,,apple;rainbow apple logo;mac;pale blue,white;blue
5196,,apple;finder;rainbow apple logo;mac;pale blue,white;blue
5197,Think different.,apple;think different;mac;gray,gray
5198,,fantasy;hand;creature;art;purple,gray;white;pink
5199,LIFE IS GOOD,woman;face;photo;life is good;purple,gray
5200,,faces;men;photo;movie,brown;white;red;orange
5201,,green;gradient;plain,green;white
5202,,cyan;gradient;plain,cyan;white
5203,,yellow;gradient;plain,yellow;white
5204,,pink;magenta;gradient;plain,pink;white
5205,,yellow;gradient;plain,yellow
5206,,blue;gradient;plain,blue
5207,,green;gradient;plain,green
5208,,yellow;gradient;plain,yellow
5209,,orange;gradient;plain,orange
5210,,red;gradient;plain,red;pink
5211,,purple;bar;3d;plain,purple
5212,,teal;bar;3d;plain,cyan
5213,,blue;purple;bar;3d;plain,blue;purple
5214,,red;bar;3d;plain,red
5215,,green;bar;3d;plain,green
5216,,blue;gray;texture;plain,blue;white
5217,,purple;gradient;plain,purple
5218,FRIENDS,friends;tv show;sitcom;red;black,red;black;gray
5219,,anime;face;eyes;dark,black;blue;gray
5220,,anime;blue;face;character,blue
5221,,anime;green;face;girl,green
5222,LEXX,lexx;tv show;sci-fi;woman;eyes,white;gray
5223,Buffy,buffy the vampire slayer;buffy;tv show;woman;eyes,gray;green;orange;red
5224,FRASIER,frasier;tv show;sitcom;blue,blue;black
5225,STAR TREK DEEP SPACE NINE,star trek;deep space nine;ds9;sci-fi;tv show;space,black;gray
5226,STAR TREK VOYAGER,star trek;voyager;starship;sci-fi;tv show;space,black;blue;gray
5227,,star trek;voyager;starship;woman;face;sci-fi,gray;black;blue
5228,METAL GEAR,metal gear;konami;video game;red,red;black;brown
5229,,evangelion;anime;shinji;boy;dark,black
5230,Cats,cat;cat eyes;eyes;animal;green,green;gray
5231,Cats,cat;cat eyes;eyes;animal;green,green;orange;red
5232,Cats,cat;white cat;eyes;animal;green,green;white
5233,Cats,tiger;cat;eyes;animal;green,green
5234,Cats,cat;lynx;eyes;animal;green,green;gray
5235,,playstation;sony;controller;video game;logo,white;gray
5236,Sublime,sublime;band;music;dither,white;orange;gold;yellow
5237,Think Different,apple;think different;rainbow apple logo;imac;mac;purple,blue;purple;yellow
5238,METALLICA,metallica;band;metal;music;logo,white;gray;black
5239,KoЯn,korn;band;metal;music;logo,white;black;gray
5240,PANTERA,pantera;band;metal;music;logo,white;gray;black
5241,Watford F.C,watford;football;soccer;sports;club;yellow,black;yellow;gold;red
5242,Mr.BIG,king of fighters;kof;snk;fighting game;mr big;video game,gray;brown;orange
5243,LUNAR hope springs eternal,lunar;rpg;video game;anime;blue,blue
5244,NEO-GEO,neo geo;snk;fighting game;king of fighters;video game;red,red
5245,BLUE MARY,king of fighters;kof;snk;blue mary;fighting game;video game,gray
5246,Leona,king of fighters;kof;snk;leona;fighting game;video game,gray;orange;brown;black
5247,Fighters '95,king of fighters;kof 95;snk;fighting game;video game,white;brown;red
5248,KIM,king of fighters;kof;snk;kim;fighting game;video game,brown;gray;orange;red
5249,KENSOU,king of fighters;kof;snk;kensou;fighting game;video game,red;orange;brown;gray
5250,iori,king of fighters;kof;snk;iori;fighting game;video game,gray;red;orange;brown
5251,GORO,king of fighters;kof;snk;goro;fighting game;video game,brown;orange;gray
5252,Geese,king of fighters;fatal fury;snk;geese howard;fighting game;video game,gray;orange;brown
5253,,anime;eyes;purple;dark;video game,gray;pink;black;white
5254,Mao-Mao,snk;fighting game;anime;video game;character,red;orange;gray
5255,,king of fighters;kof;snk;fighting game;video game,gray;orange;brown
5256,,hammer and sickle;soviet;communist;ussr;flag;red,red
5257,YURI,king of fighters;kof;snk;yuri;fighting game;video game,gray;orange
5258,Todo,king of fighters;art of fighting;snk;todo;fighting game;video game,brown;gray;orange
5259,TERRY,king of fighters;fatal fury;snk;terry bogard;fighting game;video game,gray;red;brown;orange
5260,NEO-GEO Rosa,neo geo;snk;rosa;fighting game;video game;blue,blue;black
5261,RYO,king of fighters;art of fighting;snk;ryo;fighting game;video game,blue;gray;orange
5262,RB2 GIGA POWER,real bout 2;fatal fury;snk;neo geo;fighting game;video game,gray;red;black
5263,RBS NEO-GEO,real bout special;fatal fury;snk;neo geo;fighting game;video game,white;gray
5264,,face;woman;sketch;gray,white;gray
5265,,geometric;shapes;colorful;abstract;blue,blue;green
5266,intel inside,gun;pistol;intel inside;parody;eclipse,white;blue;gray;pink
5267,,elmo;sesame street;muppet;brick wall,gray;white
5268,,green;slime;texture;dark,green;black
5269,,south park;cartoon;kenny;cartman;kyle;tv show,gray;green;white
5270,deftones,deftones;band;music;alien;green,green;gray;cyan
5271,,anime;girl;face;purple;pastel,blue;purple
5272,,scuba;diver;diving flag;underwater;water,cyan
5273,CN,cartoon network;tv channel;logo;purple,purple;white
5274,,pixel art;characters;video game;gold;sprite,orange;brown
5275,,green;scales;texture;reptile,green;white;black
5276,Green Day,green day;band;punk;music;black,black;gray;white
5277,Bondi Blue Sucks,imac;bondi blue;rainbow;apple;parody,green;red;pink
5278,Future Cop,future cop;video game;robot;mech,blue;gray
5279,Fallout,fallout;video game;rpg;post-apocalyptic,gray;brown
5280,Myth II,myth ii;bungie;video game;strategy,gray;brown;blue
5281,EPISODE I,star wars;episode i;phantom menace;darth vader;queen amidala;movie,white;gray;brown
5282,CONTENT RATED BY ESRB,esrb;rating;video game;blue,blue;gray;white
5283,,quake;doom;video game;soldier;dark,gray;brown
5284,,demon;red eyes;horror;fire;dark,gray;black;white;red
5285,STARFLEET ACADEMY,star trek;starfleet academy;video game;starship;space,blue;gray;white
5286,Unreal,unreal;epic games;video game;fps,gray;black;brown
5287,RIVEN,riven;myst;video game;adventure;landscape,gray
5288,DARK,dark;gradient;orange;fantasy,gray;orange;red;black
5289,StarCraft,starcraft;blizzard;zerg;video game;rts,gray;black;blue
5290,SC,starcraft;blizzard;zerg;video game;rts,gray;blue;black
5291,DARK VENGEANCE,dark vengeance;video game;fire;red,gray;white;red
5292,,woman;face;anime;fantasy;red,gray;red;orange
5293,"0K Ul, 0K Dl, 1092M Chat",hotline;stats;upload;download;chat;pixel art,white
5294,CARMAGEDDON,carmageddon;video game;car;red,gray;red;white
5295,,fire;flames;orange;dark,red;gray;black
5296,,lightning;storm;dark;teal,gray;blue
5297,,pattern;wavy lines;blue;white,blue;white
5298,,pattern;texture;brown;dark,gray;white
5299,,stripes;zebra;black and white;pattern,gray;white
5300,,chain;links;metal;black and white,white;gray;black
5301,,rising sun;japanese flag;battleship;japan;military;ww2,red;pink;gray;white
5302,,cartoon;cat;eyes;green;colorful,green;blue
5303,,texture;rust;brown;plain,red;orange
5304,,texture;orange;dark;abstract,white;black;brown
5305,,dragon;creature;blue;dark;fantasy,blue;gray;red;black
5306,,woman;fighting game;video game;red;dark,white;black;red
5307,SOULBLIGHTER,soulblighter;myth;bungie;video game;face,brown;gray;red
5308,SC,starcraft;blizzard;video game;characters;rts,black;gray;white;brown
5309,WARHAMMER,warhammer;games workshop;robot;mech;gaming,white;gray
5310,,anime;girl;face;eyes;wink,cyan;gray;white;blue
5311,THE HAMSTER DANCE,hamster dance;hamster;meme;internet;cute,white;gray
5312,SCi CARMAGEDDON 2,carmageddon 2;sci;video game;racing,gray
5313,Audi,audi;car;rings;logo;brand,white;gray;blue
5314,HaXorize-,hacker;haxor;folder;blue;red,blue;white
5315,Yankees,new york yankees;baseball;sports;ny logo;navy,blue;white
5316,StarCraft,starcraft;blizzard;video game;rts,gray;white;black;brown
5317,SCi CARMAGEDDON 2,carmageddon 2;sci;video game;racing,gray
5318,,eye;cat;woman;blue;close-up,gray;brown;black
5319,,transformers;decepticon;robot;cartoon;pink,pink;white;purple
5320,,transformers;decepticon;robot;cartoon;purple,purple;white;pink;gray
5321,,transformers;robot;cartoon;blue;white,blue;gray
5322,,transformers;decepticon;robot;cartoon;green;red,green;cyan;red
5323,MTB Mountain Biker,mountain bike;mtb;biking;cycling;forest,gray;black;green
5324,,dragon;cartoon;green;water;sea monster,cyan;green;blue
5325,,blue;dark;plain;gradient,blue;gray
5326,,scuba;diver;diving flag;underwater;water,cyan
5327,,spaceship;space;green;sci-fi;black,green;black
5328,,woman;eyes;face;black and white;drawing,gray;white
5329,,abstract;sketch;black and white;pattern,gray;white
5330,NEO-GEO,neo geo;snk;video game;face,white;brown
5331,I dont respond to ignorance...,x;red x;quote;blue;ignore,blue;white
5332,Got Apple?,apple;got milk parody;rainbow apple logo;mac;black,gray;white;black
5333,STUDIO SF,studio sf;bubbles;blue;water,blue;cyan
5334,,woman;face;eyes;black and white;photo,gray
5335,StarCraft,starcraft;blizzard;video game;rts;black,black;white;gray
5336,,sci-fi;green;glow;dark;abstract,black;gray;green
5337,FARSCAPE,farscape;tv show;sci-fi;orange,orange;brown
5338,,space;light beam;blue;glow;sci-fi,black;gray;blue;pink
5339,SLIDERS,sliders;tv show;sci-fi;blue,blue;purple;black
5340,POLTERGEIST,poltergeist;tv show;horror;black;red,gray;red;black
5341,,woman;eyes;face;black and white;photo,gray
5342,We Are Watching You,watching;surveillance;big brother;black,black;gray;white
5343,,smiley;smiley faces;yellow;happy;cute,white;yellow
5344,SUBLIME,sublime;band;music;green;black,green;black;red
5345,Connectix,connectix;software;logo;red;black,black;red
5346,WORMS,worms;team17;video game;worm;pixel art,cyan;red
5347,Got Milk?,got milk;woman;face;eyes;purple,black;purple;white;blue
5348,,tree;leaves;dark;red;green,black;green;red;brown
5349,Chocobo,chocobo;final fantasy;square;video game;bird,white;yellow
5350,SYSTEM OF A DOWN,system of a down;soad;band;metal;music;black,black;gray
5351,DRAGON BALL Z,dragon ball z;dbz;anime;dragon ball;red,gray;red
5352,chemical brothers,chemical brothers;band;electronic;music;red,red;brown;gray;black
5353,CAKE,cake;band;music;yellow;red,yellow;white;red
5354,HALF-LIFE B.M.R.F 7,half-life;black mesa;valve;video game;lambda,white;gray;red
5355,Blues Brothers,blues brothers;movie;sunglasses;men;blue,blue
5356,BIE CINDER,cinder;tech;dark;metal,gray
5357,,bentley;car;logo;luxury,gray;brown;black;blue
5358,Barney,half-life;barney;valve;video game;face,gray;black;pink
5359,Assassin,half-life;assassin;valve;video game;eyes,gray;black
5360,,anime;girl;face;blue hair;blue,blue
5361,,anime;girl;face;red hair,white;gray
5362,Gordon,half-life;gordon freeman;valve;video game;glasses,gray;brown;black
5363,Gina,half-life;gina;valve;video game;woman,gray;brown;black
5364,,anarchy;anarchy symbol;apple;rainbow apple logo;gradient,gray;white;black
5365,,futurama;leela;fry;cartoon;tv show;purple,white;gray;pink;black
5366,G-Man,half-life;g-man;valve;video game;face,gray;black
5367,,futurama;leela;fry;cartoon;tv show;purple,white;gray;pink;black
5368,,futurama;planet express;cartoon;tv show;green,green;gold
5369,FUTURAMA,futurama;fry;cartoon;tv show;blue,blue;red
5370,FUTURAMA,futurama;bender;robot;cartoon;tv show;blue,blue;red;gray
5371,FIGHT THE FUTURE THE X FILES,x-files;fight the future;movie;tv show;orange,orange;red;brown
5372,FIGHT THE X FILES,x-files;fight the future;movie;tv show;green,gold;green;yellow
5373,DUCKMAN,duckman;cartoon;tv show;duck,white;yellow;gray
5374,chemical brothers,chemical brothers;band;electronic;music;black,black;gray;white
5375,chemical brothers,chemical brothers;band;electronic;music;gray,gray;white
5376,chemical brothers,chemical brothers;band;electronic;music;dither,gray;black;brown;white
5377,FUTURAMA,futurama;professor farnsworth;cartoon;tv show;blue,blue;gray;red
5378,,photo;people;black and white;band,white;gray
5379,Candyass,candyass;red;dark,red;black
5380,,mercedes-benz;mercedes;car;logo;headlights,black;gray;white
5381,Marshall,marshall;amplifier;guitar amp;music;logo,gray;black
5382,MAD,mad magazine;alfred e neuman;humor;red;yellow,red;yellow
5383,MacOS X,mac os x;apple;bmw;car;logo,white;gray
5384,LAND-ROVER,land rover;car;suv;logo;brand,gray;white;blue
5385,HALF-LIFE LAMBDA REACTOR LEVEL B,half-life;lambda;valve;video game;black mesa,red;brown;black
5386,,anime;boy;face;eyes;blue,blue;white
5387,KoЯn,korn;band;metal;music;hopscotch,brown;black
5388,사과상자,korean;apple;apple box;fruit;green,green
5389,JAGUAR,jaguar;car;luxury;logo;blue,blue;black;gray
5390,Insomniac,bmw;car;insomniac;logo,gray;blue;white
5391,HOT RATS ZAPPA,frank zappa;hot rats;music;album,white;green
5392,FRANK ZAPPA MOTHERS OF INVENTION,frank zappa;mothers of invention;music;band;red,red;black;brown
5393,MOTHERS,frank zappa;mothers of invention;music;band,white;brown;gray
5394,FINAL FANTASY VII,final fantasy vii;final fantasy;square;video game;rpg,red;gray;brown;green
5395,TOOL,tool;band;metal;music;gray,gray;black;white
5396,TOOL,tool;band;metal;music;eye;black,black;gray;white
5398,SSM,ssm;red;glow;black,red;pink
5399,SPY vs SPY,spy vs spy;mad magazine;cartoon;comic,gray;black
5400,,comic;superhero;art;blue;red,blue;black;gray
5401,SheVaCon,shevacon;convention;sketch;gray,white;gray
5402,,rolls-royce;car;luxury;logo,white;gray
5403,Illegal Instruction Error Got Intel?,intel;error;parody;blue;computer,blue
5404,Uncle Meat,frank zappa;uncle meat;music;album,brown;orange;white;black
5405,FREAK OUT!,frank zappa;freak out;music;album;psychedelic,white;red;pink
5406,What Would Jesus Do? WWJD,wwjd;jesus;christian;cross;religion,gray;black;white
5407,The Matrix,the matrix;movie;code;numbers;green;black,black;green
5408,SPAWN,spawn;comic;superhero;dark;red,black;red;gray;brown
5409,,spawn;comic;dark;creature,black;gray;brown
5410,HELLBILLY DELUXE,rob zombie;hellbilly deluxe;music;album;horror,black;cyan;gray
5411,,band;people;black and white;photo,white;gray
5412,,face;dark;red glow;eyes;horror,black;red
5413,,eye;dark;red glow;horror,black;red
5414,,creature;dark;red glow;horror,black;red
5415,SSM,ssm;red;glow;black,red;black;gray;white
5416,SSM,ssm;gray;black;gradient,gray;white;black
5417,ADMIN SSM,admin;ssm;black;gradient,gray;black;white
5418,NOKIA,nokia;phone;brand;logo;blue,white;gray;blue
5419,HOTLINE,hotline;black;gradient;logo,gray;black
5420,HALF-LIFE,half-life;lambda;valve;video game;red,red;gray;white
5421,is stoned,marijuana;weed;pot leaf;stoned;green,green
5422,betty,betty;black;name,black;gray
5423,MEDIUM,medium;arrow;gray;symbol,gray
5424,FICTION,fiction;black;dark;logo,black;gray
5425,ZELDA,zelda;legend of zelda;nintendo;link;video game,yellow;black;red
5426,,woman;face;black and white;photo;dark,gray
5427,Karate Forever,karate;martial arts;kick;pink;gradient,pink;cyan;white;blue
5428,hanson,hanson;band;pop;music;blue,blue
5429,,anime;dragon ball z;goku;face;fighting,gray;brown;black
5430,ÆNIMA,tool;aenima;band;album;music;black,gray;black;white
5431,,eyes;woman;face;photo;close-up,brown;orange;yellow
5432,,woman;skin;lips;photo;close-up,orange;red
5433,,woman;skin;eye;photo;close-up,orange
5434,,blue;light;streak;dark;abstract,blue;gray
5435,WWJD What Would Jesus Do?,wwjd;jesus;christian;religion;blue,blue
5436,Team Fortress,team fortress;video game;fps;red;blue,gray;black;red;white
5437,SSM ADMIN,ssm;admin;smiley;colorful,blue;gold;gray;black
5438,Pokemon,pokemon;pikachu;nintendo;anime;yellow,yellow;gray;gold
5439,,eyes;face;photo;close-up;brown eyes,orange;brown
5440,,eyes;face;black and white;photo,gray;white
5441,,eye;face;woman;photo;close-up,orange;white
5442,,robot;sci-fi;teal;texture,gray;cyan;green
5443,SSM days to MWNY!,ssm;macworld;macworld new york;countdown;apple,black;gray
5444,,apple;green;stripes;imac;black,green;black;white
5445,HOTLINE ALL DAY GLOW ALL NIGHT!,hotline;smiley;glow;yellow;green,white;black;green
5446,Jesus Died 4 Us Go Fish,christian;jesus;cross;go fish;religion,gray;white
5447,Jesus Died 4 Us Go Fish,christian;jesus;cross;go fish;religion;purple,gray
5448,Jesus Died 4 Us Go Fish,christian;jesus;cross;go fish;religion;teal,blue;cyan
5449,Jesus Died 4 Us Go Fish,christian;jesus;cross;go fish;religion;teal,cyan;gray;blue
5450,Jesus Died 4 Us Go Fish,christian;jesus;cross;go fish;religion;blue,blue;white
5451,TANAKA,tanaka;name;purple;swirl,purple;black;gray;white
5452,Tanaka,tanaka;name;red;yellow;black,blue;red;black
5453,AMIDALA,star wars;padme amidala;queen amidala;phantom menace;movie,gray;white
5454,ANAKIN,star wars;anakin skywalker;phantom menace;movie;eyes,white;brown;red
5455,ANAKIN,star wars;anakin skywalker;darth vader;phantom menace;movie,white;gray;brown;black
5456,,star wars;tatooine;landscape;phantom menace;movie,blue;gray
5457,JAR-JAR,star wars;jar jar binks;phantom menace;movie,gray;blue
5458,MAUL,star wars;darth maul;sith;phantom menace;movie,brown;yellow;black
5459,OBI-WAN,star wars;obi-wan kenobi;jedi;phantom menace;movie,gray;white;brown
5460,QUI-GON,star wars;qui-gon jinn;jedi;phantom menace;movie,brown;white;green;gray
5461,,robot;sci-fi;black;gray,black;gray
5462,THE SUN ALWAYS SHINES ON TV,a-ha;song;music;metallic;gray,gray;cyan;white
5463,,pattern;black and white;abstract;camouflage,white;gray;black
5464,,black;gray;swirl;abstract;glow,gray;black;white
5465,,cyan;glow;bar;tech;gray,cyan;gray;white
5466,,woman;face;eyes;photo;peach,red;pink;orange;brown
5467,,eye;hand;purple;abstract,blue;purple;red
5468,007,james bond;007;movie;spy;red,red;black;gray
5469,Escaflowne,escaflowne;anime;vision of escaflowne;blue,brown;gray;orange
5470,Evangelion,evangelion;neon genesis evangelion;anime;eva;apple,white;orange
5471,Are you thiking Diffrent?,think different;parody;apple;red eyes;dark,gray;black
5472,Austin Powers,austin powers;movie;union jack;uk flag;british;glasses,gray;white;blue;black
5473,,anime;girl;green hair;cartoon;eyes,blue;white;orange
5474,,man;face;photo;navy;blue,blue;gray
5475,,man;sunglasses;face;photo;blue,blue;gray
5476,,man;face;photo;navy;blue,blue;gray
5477,,painting;faces;renaissance;art,brown;orange
5478,,clouds;sky;blue;landscape,blue;white;black
5479,,mega man;capcom;dr wily;video game;blue,blue;black
5480,,dots;woman;face;abstract;teal,white;cyan;pink;gray
5481,,eye;face;photo;close-up;gradient,white;gray;blue
5482,,sci-fi;green;video game;character;dark,green;black;gray
5483,WWJD What Would Jesus Do?,wwjd;jesus;christian;cross;religion,white;blue
5500,HOTLINE,hotline;globe;earth;gradient;red lettering,white;red;gray;black
5501,Macs Kick Ass!™,apple;mac;macintosh;finder;cyan,cyan;white
5502,,painting;renaissance;face;woman;art,brown;white;gray;orange
5503,,eye;painting;art;photo,gray;white;brown
5504,,chili peppers;peppers;red;food;pattern,white;red
5505,,skull;horror;purple;abstract,white;gray;purple
5506,,skull;horror;purple;abstract,white;gray;black
5507,,mac os;window;title bar;platinum;gray;classic mac,white;gray
5508,31337,elite;leet;hacker;numbers;matrix;black,black;white;gray
5509,,blood;dripping;red eyes;horror;evil,black;red;gray
5510,HB,pencil;eraser;school;yellow,orange;gray
5511,,cigarette;joint;smoking;white,white;gray
5512,,mac os;control strip;buttons;classic mac;gray,white;gray
5513,,anime;eyes;girl;face;orange,white;red
5514,South Park,south park;cartoon;kenny;kyle;stan;cartman;tv show,blue
5515,,alien;alien head;gradient;green;black,green;black
5516,,woman;cartoon;animated;face;asian,yellow;gray;brown;orange
5517,Gay Pride,gay pride;rainbow;pride flag;pink triangle;lgbt,green;pink;red;purple
5518,Laser,laser;splat;red;logo,white;pink
5519,,mac;finder;gothic lettering;blue;red,blue;white;pink;gray
5520,This is ... Thats ME!,this is me;gradient;blue;gold;name bar,white;blue;orange;brown
5521,,american flag;usa;bald eagle;eagle;patriotic;flag,red;white;gray;orange
5522,Powered by APACHE,apache;web server;feather;logo;software,white;pink
5523,the truth is out there,x-files;alien;ufo;tv show;black,black;gray;white
5524,what a babe!,woman;pin-up;retro;babe;red;gradient,pink;red;white
5525,,light blue;gradient;plain;diagonal,white;blue
5526,,abstract;fractal;orange;red;dark,black;red;brown;gray
5527,,psychedelic;pastel;purple;abstract,blue;purple;pink
5528,,psychedelic;rainbow;swirl;abstract,blue;green;cyan
5529,,psychedelic;rainbow;waves;abstract,green;orange;red
5530,,abstract;purple;gold;swirl,pink;purple
5531,,gold;orange;texture;plain,orange;yellow;brown
5532,Think Fjords,think different;parody;hotline;alien;black,white;gray;black
5533,,face;eyes;glasses;photo;gray,white;gray
5534,Carnage Masters,carnage masters;clan;orange;gradient,orange;gray;blue
5535,Been There Downloaded That.,download;globe;checkmark;progress bar;internet,gray;white
5536,is on bungie.net,bungie;bungie.net;game;myth;red,brown;red;gray;black
5537,Get in the Game Clan Lord,clan lord;game;mmo;delta tao;black,black;gold
5538,,apple;rainbow apple logo;mac;pale blue,white;blue
5539,Think different.,apple;think different;mac;gray,gray
5540,Cats,cat;cat eyes;eyes;animal;green,green;gray
5541,Cats,cat;lynx;eyes;animal;green,green;gray
5542,KoЯn,korn;band;metal;music;logo,white;black;gray
5543,Watford F.C,watford;football;soccer;sports;club;yellow,black;yellow;gold;red
5544,,king of fighters;kof;snk;fighting game;video game,gray;orange;brown
5545,,hammer and sickle;soviet;communist;ussr;flag;red,red
5546,,face;woman;sketch;gray,white;gray
5547,Bondi Blue Sucks,imac;bondi blue;rainbow;apple;parody,green;red;pink
5548,Myth II,myth ii;bungie;video game;strategy,gray;brown;blue
5549,id,id software;quake;video game;red;dark,gray;red;white
5550,,quake;doom;video game;soldier;dark,gray;brown
5551,,demon;red eyes;horror;fire;dark,gray;black;white;red
5552,Unreal,unreal;epic games;video game;fps,gray;brown;black
5553,StarCraft,starcraft;blizzard;zerg;video game;rts,gray;blue
5554,SC,starcraft;blizzard;zerg;video game;rts,gray;blue
5555,CARMAGEDDON,carmageddon;video game;car;red,gray;red;white
5556,,red;glow;eyes;pink;abstract,pink;gray;red
5557,,cartoon;cat;eyes;green;colorful,green;blue
5558,,texture;rust;brown;plain,red;orange
5559,SC,starcraft;blizzard;video game;characters;rts,black;gray;white;brown
5560,HaXorize-,hacker;haxor;folder;blue;red,blue;white
5561,Yankees,new york yankees;baseball;sports;ny logo;navy,blue;white
5562,StarCraft,starcraft;blizzard;video game;rts,gray;white;black;brown
5563,SCi CARMAGEDDON 2,carmageddon 2;sci;video game;racing,gray
5564,,transformers;decepticon;robot;cartoon;pink,pink;white;purple
5565,,transformers;decepticon;robot;cartoon;purple,purple;white;pink;gray
5566,,transformers;decepticon;robot;cartoon;green;red,green;cyan;red
5567,MTB Mountain Biker,mountain bike;mtb;biking;cycling;forest,gray;black;green
5568,,dragon;cartoon;green;water;sea monster,cyan;green;blue
5569,I dont respond to ignorance...,x;red x;quote;blue;ignore,blue;white
5570,Got Apple?,apple;got milk parody;rainbow apple logo;mac;black,gray;white;black
5571,FARSCAPE,farscape;tv show;sci-fi;orange,orange;brown
5572,,space;light beam;blue;glow;sci-fi,black;gray;blue;pink
5573,SLIDERS,sliders;tv show;sci-fi;blue,blue;purple;black
5574,POLTERGEIST,poltergeist;tv show;horror;black;red,gray;red;black
5575,We Are Watching You,watching;surveillance;big brother;black,black;gray;white
5576,SUBLIME,sublime;band;music;green;black,green;black;red
5577,WORMS,worms;team17;video game;worm;pixel art,cyan;red
5578,Chocobo,chocobo;final fantasy;square;video game;bird,white;yellow
5579,SYSTEM OF A DOWN,system of a down;soad;band;metal;music;black,black;gray
5580,,anarchy;anarchy symbol;apple;rainbow apple logo;gradient,gray;white;black
5581,FUTURAMA,futurama;fry;cartoon;tv show;blue,blue;red
5582,SSM,ssm;red;glow;black,red;pink
5583,SSM,ssm;red;glow;black,red;black;gray;white
5584,ADMIN SSM,admin;ssm;black;gradient,gray;black;white
5585,HOTLINE,hotline;black;gradient;logo,gray;black
5586,HALF-LIFE,half-life;lambda;valve;video game;red,red;gray;white
5587,is stoned,marijuana;weed;pot leaf;stoned;green,green
5588,ÆNIMA,tool;aenima;band;album;music;black,gray;black;white
5589,WWJD What Would Jesus Do?,wwjd;jesus;christian;religion;blue,blue
5590,SSM ADMIN,ssm;admin;smiley;colorful,blue;gold;gray;black
5591,,robot;sci-fi;teal;texture,gray;cyan;green
5592,HOTLINE ALL DAY GLOW ALL NIGHT!,hotline;smiley;glow;yellow;green,white;black;green
5593,Jesus Died 4 Us Go Fish,christian;jesus;cross;go fish;religion,gray;white
5594,Jesus Died 4 Us Go Fish,christian;jesus;cross;go fish;religion;purple,gray
5595,Jesus Died 4 Us Go Fish,christian;jesus;cross;go fish;religion;teal,blue;cyan
5596,ANAKIN,star wars;anakin skywalker;darth vader;phantom menace;movie,white;gray;brown;black
5597,JAR-JAR,star wars;jar jar binks;phantom menace;movie,gray;blue
5598,,robot;sci-fi;black;gray,black;gray
5599,THE SUN ALWAYS SHINES ON TV,a-ha;song;music;metallic;gray,gray;cyan;white
5600,,cyan;glow;bar;tech;gray,cyan;gray;white
5601,,woman;face;eyes;photo;peach,red;pink;orange;brown
5602,,man;sunglasses;face;photo;blue,blue;gray
5603,,sci-fi;green;video game;character;dark,green;gray;black
5604,iBook Rulez!,ibook;apple;laptop;mac;white,white;blue
5605,,woman;face;blonde;photo;pastel,white;brown
5606,,tech;metallic;interface;lights;gray,gray;black;yellow
5607,,tech;blue;green;bar;interface,gray;blue;green
5608,The Blair Witch Project,blair witch project;movie;horror;stick figure;black,black;gray;green
5609,,anime;face;kanji;japanese;black,black;gray
5610,CCP,spheres;balls;black and white;3d;abstract,gray;black;white
5611,ag NetTools,nettools;software;gray;logo,gray
5612,Encode Different,think different;parody;mp3;encode;blue,gray;cyan;white;black
5613,,interface;metallic;gray;bar;plain,gray;white
5614,redhat,red hat;linux;shadowman;logo;software,white;black;red;gray
5615,,cd;disc;blue;interface;colorful,blue;white
5616,I'm an ADMIN And you're in deep *$%&!,admin;humor;gray;bar,gray;white
5617,,fantasy;woman;art;lavender,blue
5618,,woman;face;cartoon;comic;black,white;black;gray
5619,,woman;face;cartoon;blue eyes;purple,white;purple
5620,,cartoon;eyes;character;dark;green,gray;black
5621,iMac to go,imac;ibook;apple;mac;orange;tangerine,white;orange
5622,iMac to go,imac;ibook;apple;mac;blue;blueberry,blue;white
5623,,van gogh;painting;self portrait;art;face,orange;brown;yellow
5624,,van gogh;painting;self portrait;art;teal,cyan;yellow;green
5625,RUN AND STAND!,cartoon;eyes;face;comic;yellow,white;gray
5626,SUPER GUY!,cartoon;eyes;face;comic;yellow,white;gray
5627,,eye;face;picasso;art;abstract,white;gray
5628,,face;painting;art;brown,brown;yellow
5629,,star;face;blue;gray;abstract,gray;blue
5630,,apes;monkeys;evolution;animals,white;brown;orange
5631,is Very Gullible,gullible;humor;status;blue;bar,gray;white;blue
5632,is AFK,afk;away from keyboard;status;green;bar,white;green;gray
5633,is a FLAMING IDIOT,flaming idiot;insult;humor;status;fire,white;gray;orange;red
5634,is 31337,elite;leet;hacker;status;green,white;gray;green
5635,,anime;girl;face;purple;dark,purple;gray;white;black
5636,SEGA,sega;sonic;sonic the hedgehog;video game;blue,blue;gray;white
5637,SPY,spy;red;grid;laser;crosshair,red;white;blue;pink
5638,APHEXTWIN,aphex twin;electronic;music;logo;black and white,white;gray;brown
5639,The Aphex Twin,aphex twin;electronic;music;blue;red,blue;red
5640,CLASSICS,aphex twin;classics;album;music,green;yellow;white
5641,...I Care because You do,aphex twin;richard d james;album;face;grin;music,yellow
5642,,aphex twin;eyes;face;close-up;skin,orange;red;brown
5643,,aphex twin;eyes;face;close-up;skin,orange;red;brown
5644,,aphex twin;teeth;grin;mouth;close-up,red;brown
5645,,aphex twin;skin;close-up;logo;brown,red;orange
5646,,aphex twin;skin;close-up;logo;brown,red;orange;brown
5647,,aphex twin;skin;close-up;logo;orange,orange;brown
5648,,aphex twin;skin;close-up;logo;brown,red;orange;brown
5649,,aphex twin;skin;close-up;logo;orange,orange;brown
5650,BLUE CALX,aphex twin;blue calx;music;navy;logo,blue;black
5651,,aphex twin;skin;close-up;logo;brown,red;brown;orange
5652,,aphex twin;skin;close-up;logo;orange,red;brown;orange
5653,,aphex twin;skin;close-up;logo;brown,red;orange
5654,,aphex twin;skin;close-up;logo;brown,orange;red
5655,,aphex twin;skin;close-up;logo;brown,brown
5656,,aphex twin;skin;close-up;logo;dark,red;black;brown
5657,Selected Ambient Works 85-92,aphex twin;selected ambient works;album;music;white,white;gray
5658,,suit;tie;man;glow;pink,white;black;pink;gray
5659,,hair;fur;skin;texture;brown,red;brown
5660,,skin;texture;peach;plain,orange;pink
5661,,checkerboard;gradient;black and white;pattern,gray;white;black
5662,Bah™,bah;marble;green;texture,green
5663,Beef,beef;marble;red;texture,red
5664,Mmm... CHIKKEN.,chicken;chick;humor;teal;marble,cyan
5665,"WELL, NO.",humor;no;purple;marble,pink
5666,"No. Means, no.",no means no;humor;purple;marble,blue
5667,"Well, yes.",humor;yes;yellow;marble,yellow
5668,Die. I hate you.,die;hate;insult;humor;brown,red;brown
5669,,mac os x;aqua;apple;traffic lights;interface,white;blue
5670,SSM,ssm;media player;play button;controls;gray,white;gray
5671,,cigarette;smoking;white,white;gray;brown
5672,,cigarette;smoking;burning;filter,white;pink;brown;gray
5673,,pattern;circles;gray;texture;abstract,white;gray
5674,,tech;dark;gray bar;button;interface,gray;black
5675,"""I'm The Dude.""",the big lebowski;the dude;movie;quote;yellow,yellow;orange;gold
5676,"""It's a weekday?""",the big lebowski;movie;quote;yellow,yellow;orange;gold
5677,"""A world of pain!""",the big lebowski;walter;movie;quote;yellow,yellow;orange;gold
5678,,gradient;black and white;rainbow;stripe,gray;white;black
5679,,photo;people;black and white;band,white;gray
5680,,band;people;black and white;photo,white;gray
5681,hanson,hanson;band;pop;music;blue,blue
5682,Pokemon,pokemon;pikachu;nintendo;anime;yellow,yellow;gray;gold
5683,Jesus Died 4 Us Go Fish,christian;jesus;cross;go fish;religion;blue,blue;white
5684,AMIDALA,star wars;padme amidala;queen amidala;phantom menace;movie,gray;white
5685,ANAKIN,star wars;anakin skywalker;phantom menace;movie;eyes,white;brown;red
5686,,star wars;tatooine;landscape;phantom menace;movie,blue;gray
5687,MAUL,star wars;darth maul;sith;phantom menace;movie,brown;yellow;black
5688,OBI-WAN,star wars;obi-wan kenobi;jedi;phantom menace;movie,gray;white;brown
5689,QUI-GON,star wars;qui-gon jinn;jedi;phantom menace;movie,brown;white;green;gray
5690,SSM,ssm;abstract;psychedelic;rainbow;swirl,white;orange
5691,,paw prints;footprints;green;animal,white;green
5692,,cartoon;comic;characters;black and white;doodles,white;gray
5693,,hotline;h logo;gradient;purple,white;blue
5694,,apple;apple logo;mac;gray;gradient,white;gray
5695,,apple;finder;mac;rainbow apple logo;navy;gradient,blue;white
5696,,apple;finder;mac;rainbow apple logo;navy;gradient,blue;white
5697,University of Minnesota Twin Cities,university of minnesota;gophers;college;school;maroon;gold,yellow;orange
5698,mentos,mentos;candy;brand;rainbow;man,red;blue;gray
5699,THE CURIOUSLY STRONG MINTS ALTOIDS,altoids;mints;candy;brand;green,green;white
5700,,tech;pink;stripes;logo,red;gray
5701,RB-338,rb-338;software;synthesizer;gray;logo,white;gray;black
5998,,cartoon;face;pink;character;small icon,white;red;pink
6000,,rose;flower;red;small icon,white;red;black
6001,,star wars;boba fett;helmet;bounty hunter;small icon,white;gray
6002,m@,at sign;email;red;logo;small icon,white;red
6003,4:20,420;marijuana;weed;clock;lcd;small icon,gray;green
6004,THX,thx;sound;movie;logo;small icon,white;gray;black
6005,,eye;brown eye;close-up;photo;small icon,white;brown;gray
6006,FEZTIVE!,squirrel;festive;animal;cartoon,white;gray
6007,New World,new world;rasta;reggae;red;yellow;green,green;red;gold;black
6008,,eyes;face;close-up;photo;small icon,white;black;red;orange
6009,,eyes;face;close-up;photo;small icon,white;gray;pink
6010,,eyes;face;close-up;photo;small icon,white;brown
6011,,flag;jamaica;jamaican flag;country;small icon,white;black;orange
6012,,alfred e neuman;mad magazine;face;grin;small icon,white;orange
6013,,devil;apple;horns;red;small icon,white;red
6014,,homer simpson;the simpsons;cartoon;tv show;small icon,white;yellow
6015,,eye;fire;orange;evil eye;small icon,white;red
6016,,star wars;darth maul;sith;face;small icon,white;red;black
6017,,star wars;rebel alliance;rebel logo;red;small icon,red
6018,,star wars;tie fighter;empire;spaceship;small icon,white;gray;black
6019,ASU BOT MSG ME FOR INFO,bot;asu;apple;rainbow apple logo;blue,blue;black
6020,Gamez,games;gamez;warez;green;black,gray;black;white
6021,Mac Resource™,mac resource;apple;finder;mac;menu,white;gray
6022,reddwarf crew,red dwarf;tv show;sci-fi;crew;yellow,gold;gray
6023,>>>,arrows;fast forward;yellow;small icon,white;brown;gray
6024,Only half a server... ...due to SC,starcraft;server;humor;green,green;black;gray
6025,,woman;face;blonde;photo;small icon,white;brown;orange
6026,,star wars;stormtrooper;helmet;empire;small icon,white;gray
6027,,red;helmet;object;small icon,white;black;red
6028,,cartoon;face;blue;orange;small icon,white;orange
6029,JH,letters;logo;green;small icon,white;green
6030,LOCO,loco;logo;blue;small icon,blue;white
6031,,skull;face;black and white;small icon,white;gray
6032,,helmet;face;mask;small icon,white;gray
6033,,hal 9000;2001 a space odyssey;red eye;computer;small icon,black;gray;red
6034,,lips;mouth;woman;close-up;small icon,white;brown;black
6035,,frog;creature;green;pixel art;small icon,white;green
6036,Redemption,redemption;purple;green;gradient,purple;blue;green
6037,Yonder Boy METROPOLIS,metropolis;yonder boy;gray;black,gray;white;black
6038,freaky METROPOLIS,metropolis;freaky;gray;black,gray;white;black
6039,Redemption,redemption;purple;blue;gradient,blue;purple;gray
6040,Redemption,redemption;teal;dots;gradient,gray;cyan;black
6041,Q0J4X0R™,hacker;haxor;red;black,white;red;black
6042,barenaked hotline,barenaked ladies;band;faces;hotline;gray,gray
6043,NUCLEAR DAWN,nuclear dawn;nuclear;explosion;black,black;gray;white
6044,@ the JukeBox,jukebox;music;notes;white,white;gray
6045,JukeBot,jukebot;bot;music;apple;black,white;black
6046,TRANSFORMERS,transformers;autobot;decepticon;robot;cartoon,gray;black
6047,Foo Factory,foo factory;factory;night;moon;space,blue;black;green
6048,,gradient;metal;dark;bar,gray;white;red
6049,dema [Head Admin] Socket™,socket;admin;head admin;cyan;blue,black;cyan;white
6050,メフィスト,mephisto;japanese;katakana;anime;blue,blue;white
6051,Jesus Died 4 Us Go Fish,christian;jesus;cross;go fish;religion;gray,gray;black;white
6052,BNHL,bnhl;clan;blue;gradient,blue;gray;black
6053,BNHL Shadow SHADOW,bnhl;shadow;clan;gray;orange,gray;brown;black;white
6054,BNHL Pooch,bnhl;pooch;clan;teal;red,cyan;gray
6055,BNHL FULGORE,bnhl;fulgore;killer instinct;clan;orange,white;black;red;gray
6056,BNHL BIGDOG,bnhl;bigdog;clan;fire;orange,red;pink
6057,BNHL ANTHRAX,bnhl;anthrax;clan;purple,purple;gray;white;blue
6058,BNHL 7 of 9,bnhl;seven of nine;star trek;voyager;clan,white;gray;green
6059,Tyler EFFECTNET,effectnet;tyler;stars;space;gray,gray;white
6060,Stealth EFFECTNET,effectnet;stealth;stars;space;gray,gray;white
6061,EFFECTNET,effectnet;stars;space;gray,gray;white
6062,Milk EffectNet,effectnet;milk;apple;gray,gray;white
6063,The Pimpster SECTION 8,section 8;pimpster;clan;red;blue,gray;red;white
6064,MGL Warren Macgamer's Ledge,macgamer's ledge;mgl;warren;mac gaming;blue;red,blue;white;pink;red
6065,MGL Trevor Macgamer's Ledge,macgamer's ledge;mgl;trevor;mac gaming;red;blue,blue;white;red;pink
6066,MGL Mike Macgamer's Ledge,macgamer's ledge;mgl;mike;mac gaming;blue;red,blue;white;pink;gray
6067,MGL Junkie Macgamer's Ledge,macgamer's ledge;mgl;junkie;mac gaming;blue;red,blue;white;gray;red
6068,MGL iBot the iBot,macgamer's ledge;mgl;ibot;bot;blue,blue;black;red
6069,"Erica, MGL Goddess macgamer's ledge",macgamer's ledge;mgl;erica;goddess;mac gaming,blue;gray;white
6070,MGL Asa Macgamer's Ledge,macgamer's ledge;mgl;asa;mac gaming;blue;red,blue;gray;white;red
6071,MGL Macgamer's Ledge,macgamer's ledge;mgl;mac gaming;blue;red,blue;red;white;pink
6072,MGL Macgamer's Ledge,macgamer's ledge;mgl;mac gaming;red;blue,red;blue;white;gray
6073,TECHITCH,techitch;tech;teal;dark,blue;black;cyan
6074,,eyes;woman;face;close-up;photo,blue;brown;black;gray
6075,SLOWER TRAFFIC,slower traffic;wheelchair;handicap;sign;humor,blue
6076,The Herbaliser,marijuana;weed;pot leaf;herbaliser;black,black;gray;green;gold
6077,,dark;red;black;text,black;red
6078,Fin-ster,finster;playstation;controller;video game;red,blue;white
6079,Cherie Ex-Fest,woman;face;eyes;cherie;photo,pink;red;brown
6080,LLP 208.142.4.69,ip address;server;black and white;logo,white;gray
6081,BNHL TWIST,bnhl;twist;clan;green;teal,gray;cyan;white;green
6082,BNHL Mike Juarez,bnhl;mike juarez;clan;hat;pink;cyan,pink;cyan;blue;purple
6083,BNHL dogbot DOGBOT,bnhl;dogbot;bot;clan;red,gray;red;black
6084,BNHL Cameltoesis,bnhl;clan;green;purple,green;purple
6085,BNHL Adonis,bnhl;adonis;clan;red,gray;white;red;black
6086,Asgard,asgard;anime;girl;eyes;orange,orange;red;black
6087,Aeris' Little Shack,final fantasy vii;aeris;aerith;eyes;video game,gray;white;black
6088,ninewire.com,ninewire;website;red;orange,white;gray;red
6089,MGL Dan Macgamer's Ledge,macgamer's ledge;mgl;dan;mac gaming;red,white;gray;blue
6090,MGL Chuckey Macgamer's Ledge,macgamer's ledge;mgl;chuckey;mac gaming;red,gray;white;blue;red
6091,MGL Woj Macgamer's Ledge,macgamer's ledge;mgl;woj;mac gaming;red,white;blue;gray;pink
6092,GoFish,go fish;christian;cross;religion;white,white;gray
6093,GoFish,go fish;christian;cross;religion;black,gray;black
6094,@ the JukeBox,jukebox;music;notes;white,white;gray
6095,Gotenks PlanetVegita.com,dragon ball z;dbz;gotenks;vegeta;anime,blue;black;gray;red
6500,girrl power,girl power;heart;female symbol;woman;purple,blue
6501,FEZTIVE!,squirrel;festive;animal;cartoon,white;gray
6502,JADE Admin,jade;admin;hotline;globe;green,green;white
6503,Skwerl,squirrel;skwerl;animal;eyes;black,black;white;gray
6504,ASU BOT MSG ME FOR INFO,bot;asu;apple;rainbow apple logo;blue,blue;black
6505,PowerBot Team,powerbot;bot;team;blue,blue;white
6506,SLOWER TRAFFIC,slower traffic;wheelchair;handicap;sign;humor,blue
6507,ninewire.com,ninewire;website;red;orange,white;gray;red
6508,GoFish,go fish;christian;cross;religion;white,white;gray
6509,GoFish,go fish;christian;cross;religion;black,gray;black
6510,MGL Dan Macgamer's Ledge,macgamer's ledge;mgl;dan;mac gaming;red,white;gray;red;pink
6511,barenaked hotline,barenaked ladies;band;faces;hotline;gray,gray
6512,COMPUTER CONTROLLED,computer controlled;bot;light blue;pixel font,blue
6513,Welcome to:,welcome;planet;space;gray,gray;black
6514,Drake Design Studios,drake design studios;apple;finder;mac;blue,blue;white
6515,PsYchedelic,psychedelic;planet;space;gray,gray;orange
6516,MOEV.NET,moev;website;stars;blue;space,blue
6517,moev.net,moev;website;red;dark,red;brown;gray;black
6518,Breakfast,breakfast;planet;space;gray,gray;red
6519,Alan's,alan;planet;space;gray,gray;black
6666,,figure;red;person;small icon,white;black
6800,SSM RETIRED Icon Boss,ssm;retired;icon boss;red;black,gray;red;black
6801,Lucky,lucky;female symbol;texture;brown,gray;red;brown
6802,Ca$hCow,cash cow;cow;money;black and white;green,white;gray;green
6803,Lucky,lucky;woman;face;eyes;fire,yellow;brown;orange;black
6804,Lucky&Grendel,lucky;grendel;anime;girl;lion;cartoon,orange;gray;black
6805,,blue;purple;dither;texture,blue;brown;gray
6806,Grendel,grendel;anime;girl;lion;stars,black;gray;orange
6807,InSaNeBoY,insaneboy;arrow;blue;name,white;black
6808,CINDER,cinder;flowers;colorful;pink;pattern,pink;purple;red
6809,JACK HANDY,jack handy;deep thoughts;snl;cartoon;gradient,blue;orange;red;gray
6810,Daddy Spclst,daddy;finder;mac;pink bow;white,white;gray
6811,Anthrax,anthrax;green;black;face,black;gray
6812,,cat;stars;space;purple;glow,blue;pink;purple
6813,,black and white;smoke;abstract;dark,gray;black
6814,SoSueMe Always the REAL thing.,sosueme;coca-cola parody;real thing;red;black,black;red;gray
6815,OmegaX SSM,omegax;ssm;apple;rainbow apple logo;red,gray;black;red
6816,Miss Turtle,miss turtle;turtle;eye;purple;blue,gray;black;blue
6817,,dragon;red;blue;fire;fantasy,red;gray;brown
6818,ANUBIS,anubis;egyptian;swirl;gray,gray;black
6819,SENOR,senor;taco;linux;tux;blue,blue;black
6820,Road Runner twcable TWCABLE,road runner;time warner cable;isp;cable modem;blue,blue
6821,SSM Tré ICON BOSS,ssm;icon boss;tre;black;gray,gray;white;blue
6822,SSM NASCAR,nascar;racing;auto racing;ssm;logo;sports,gray;white
6823,Flash FLASH,flash;gradient;cartoon;face;blue,blue;black
6824,Spectre SPECTRE,spectre;chrome;metallic;gradient;silver,gray;blue
6825,SoSueMe Server www.globe.cc,sosueme;server;url;website;globe;cyan,cyan;blue
6826,SoSueMe Server HL User List,sosueme;server;hotline;user list;green,green
6827,The MBot Msg Me MORJA,mbot;bot;robot;gradient;blue,blue;white
6828,SSM Pooch TEAM FORTRESS,team fortress;quake;ssm;pooch;game;logo,black;blue;red
6829,Jokki 2000,jokki;cartoon;face;purple;gradient,purple;white;blue
6830,APHELEON,apple;mac;orange;gradient;apheleon,orange;green;red
6831,The Pizza is out there.,pizza;x-files;parody;superman logo;food;funny,green;black
6832,SSM Padme,ssm;padme;star wars;red;abstract,red;brown;orange;black
6833,Rei,rei ayanami;evangelion;anime;girl;face;eyes,white;gray
6834,~ViReX,virex;apple;mac;rainbow apple;logo,white
6835,Turtle TURTLE,turtle;animal;green;black,gray;black;green
6836,The Captain,captain;face;man;pirate;gradient,gray;white;brown
6838,Costen Got MAC power,mac;apple;rainbow;linux;tux;penguin;windows;got milk parody,gray;green
6839,Stealth,stealth;apple;mac;dark;blue;logo,blue;gray;black
6840,Mr. Yedo,apple;mac;face;eye;horror;monster,gray;red
6841,Tabard.MogsRealm.NET,mogsrealm;website;url;tabard;pink;creature,white;blue;cyan
7000,SSM Old Icon Boss,ssm;rainbow;gradient;boss;colorful,yellow;green;purple
7001,Lucky,lucky;female symbol;venus;photo;sunglasses,gray;red;brown
7002,Ca$hCow,cash cow;cow;animal;money;black and white,white;gray;green
7003,Be jam,be;beos;jam;stripes;yellow,yellow;gold
7004,Lucky,lucky;woman;face;fantasy;art;fire,yellow;brown;orange;black
7005,Lucky&Grendel,lucky;grendel;woman;face;lion;fantasy art,orange;gray;black
7006,DRADWS,face;man;dithered;purple;gradient,blue;brown;gray
7007,Grendel,grendel;woman;face;lion;fantasy art;stars,black;gray;orange
7008,InSaNeBoY,insaneboy;feather;arrow;black and white,white;black
7009,Rubber's Cavern,rubber;cavern;spider;mechanical;dark;metal,gray
7010,Watcher SoSueMe Admin,watcher;sosueme;admin;face;anime;green,brown;green;black;orange
7011,DANGER The Sheik,danger;sheik;hazard stripes;warning;robot;yellow,green;red;black;gold
7012,Ollie,ollie;playboy bunny;bunny;photo;skin,red;brown
7013,CINDER,cinder;flowers;floral;colorful;pink,pink;purple;red
7014,JACK HANDY,jack handy;deep thoughts;cartoon;gradient;snl,blue;orange;red;gray
7015,Homeskillet Homeskillet SoSueMe,homeskillet;sosueme;fire;yellow;abstract,orange;yellow;brown
7016,The L. G. M.,little green men;ufo;flying saucer;alien;space,black;brown;gold
7017,ABSOLUT,absolut;vodka;bottle;alcohol;brand parody,red;white;black;gray
7018,Daddy Spclst,daddy;specialist;butterfly;pink;white,white;gray
7019,DURANDAL,durandal;marathon;bungie;game;ai;blue,cyan;gray;black
7020,Eat Mor Pizza,pizza;eat mor chikin parody;cow;superman logo;food;funny,white;gray
7021,Spectro Pro REALM merk,spectro;realm;hexagons;pattern;purple,purple;blue
7022,Macphile MACPHILE,macphile;mac;apple;stripes;red;blue,blue;gray;red
7023,BushLad,bushlad;face;green;goblin;gradient,white;green;gray
7024,An^iX,anix;dark;face;black;green text,black;gray
7025,,space;stars;galaxy;cat;purple,blue;pink;purple
7026,flaxiom,flaxiom;black and white;gradient;abstract,gray;black;white
7027,Lazarus LAZ,lazarus;woman;face;eyes;photo;dragon,gray;red;orange;black
7028,SoSueMe Always the REAL thing.,sosueme;coca-cola parody;coke;red;black,black;red;gray
7029,oo\/ague oo,woman;face;eyes;photo;warm,orange;red;brown
7030,Apheleon,apheleon;devil;demon;space;green text,blue;green;black
7031,Meow Meow Different,meow;cat;think different parody;mac;finder;apple,blue
7032,Minion MINION,minion;apple;mac;red;grid,black;gold
7033,OmegaX SSM,omegax;apple;rainbow apple;ssm;red;abstract,gray;black;red
7034,Miss Turtle,miss turtle;turtle;colorful;psychedelic;stripes,gray;black;blue
7035,The Filer BackupZ,filer;backup;apple;rainbow apple;hard drive;yellow,cyan;yellow;gray
7036,iTheSkaMan TheSkaman,skaman;ska;rainbow apple;mac;blue,blue;white;gray
7038,Gran Turismo GT,gran turismo;playstation;sony;racing game;controller;game,gray;white
7039,Ultima,ultima;red;swoosh;dark,gray;white;black;red
7040,Stealth STEALTH,stealth;apple;mac;black and white;chrome,gray;black;white
7041,Costen Got MAC power,mac;apple;rainbow;linux;tux;penguin;windows;got milk parody,gray;green
7042,Anubis ©1980,anubis;red;egyptian;dark,red;black;pink
7043,Porshia,porshia;anime;girl;face;eyes;rei,gray;blue;black
7044,Cow007 666 SSM Admin,cow;animal;ssm;admin;green,green;gray
7045,Me163 Me 163,me163;komet;fire;orange;abstract,gray;black;red;white
7046,~ViReX,virex;apple;mac;rainbow apple;logo,white
7047,ICP ViolentJ,icp;insane clown posse;violent j;psychedelic;rap;band,green;purple;red
7048,Sorad,sorad;fish;gold;animal,white;yellow;gray;gold
7049,SEÑOR,senor;devil;demon;gray;gradient,gray;white
7050,Road Runner twcable TWCABLE,road runner;time warner cable;isp;brand;blue,blue
7051,swift,swift;hand;clouds;sky;cartoon,white;blue;gray
7052,Tré SSM Icon Boss,tre;ssm;apple;mac;red;black,black;red;gray
7053,JoKKi,jokki;cartoon;face;blue;chrome,blue;gray;black
7054,TreeFrog,treefrog;frog;blue;abstract;fire,blue;white;black;gray
7055,redfish,redfish;fish;red;gradient;white,red;black;white
7056,doubleOHseven SoSueMe,007;sosueme;h;black;red,white;black;gray;red
7057,NASCAR,nascar;racing;race car;auto racing;sports;logo,blue;pink;white
7058,Flash FLASH,flash;gradient;cartoon;face;blue,blue;black
7059,ADM ACKBAR,admiral ackbar;star wars;alien;face;its a trap,gray;brown
7060,Spider8472 WWJD?,wwjd;christian;cross;religion;spider8472,gray;black;blue
7080,SSM SoSueMe Admin,ssm;sosueme;admin;plain;white,white;gray;black
7081,SoSueMe Server www.globe.cc,sosueme;server;url;website;globe;cyan,cyan;blue
7082,SoSueMe Server HL User List,sosueme;server;hotline;user list;green,green
7100,The MBot Msg Me MORJA,mbot;bot;robot;gradient;blue,blue;white
7200,keo kei,keo;anime;girl;eyes;face,white;brown;pink
7201,keo CONGRUENT,keo;congruent;face;glasses;anime;red,red;gray;brown;black
7202,keo DARK OVERLORD,keo;dark overlord;anime;blue;face,blue;gray;white
7203,keo hobbes,keo;hobbes;calvin and hobbes;cartoon;blue,blue;white
7204,keo i DUNNO,keo;question mark;psychedelic;colorful;green,white;green;pink
7205,keo,keo;anime;collage;purple;faces,gray;white;blue
7206,keo MASTERCLONE,keo;masterclone;cartoon;face;monkey,orange;gray;white
7207,keo MicBILL,keo;micbill;psychedelic;cartoon;face;anime,white;gray;red
7208,keo Single Track Mind,keo;single track mind;anime;face;eyes;black and white,gray;white
7209,SlimyBeer,slimybeer;anime;face;psychedelic;purple;beer,purple;gray
7210,keo YAKUZA,keo;yakuza;orange;sunglasses;abstract,brown;gray;orange;yellow
7211,keo,keo;anime;rei ayanami;evangelion;girl;eyes,white;gray;blue;orange
7300,TAP METROPOLIS,metropolis;tap;black and white;eclipse;planet,gray;white;black
7301,Stealth METROPOLIS,metropolis;stealth;black and white;eclipse;planet,gray;white;black
7302,TOT METROPOLIS,metropolis;tot;black and white;saturn;planet,gray;white;black
7500,SoSueMe 9.8,sosueme;capsule;chrome;button;cyan,cyan;gray;black
7600,HaXorize-,haxorize;hacker;folder;gradient;blue,blue;white
7601,,scrollbar;window;ui;gray;plain;mac os,white
7602,,eyes;face;photo;man;cyan,gray;cyan
7603,2001,2001;woman;face;photo;movie,yellow;red;black;brown
7604,the city of lost children,city of lost children;movie;film;face;photo,gray
7605,HALO,halo;bungie;game;sci-fi;master chief,gray;blue;black
7606,,face;woman;photo;art;collage,brown;orange;gray;black
7607,,fire;explosion;orange;art;fantasy,orange;brown;yellow
7608,,eye;collage;face;tiger;art,brown;gray
7609,,abstract;yellow;gold;art;texture,yellow;gray;gold
7610,,collage;eye;art;surreal;face,white;gray
7611,,collage;eyes;art;surreal;pink,white;gray
7612,,face;art;orange;collage;surreal,brown;gray;white
7613,,texture;art;brown;ancient;pattern,gray;orange;brown
7614,,cave painting;figures;dancing;primitive art;tan,gray;brown;white
7615,,collage;art;surreal;blue;faces,gray;white;brown
7616,,collage;art;texture;green;surreal,gray;yellow;white
7617,,collage;art;face;mona lisa;surreal,brown;gray;yellow
7618,,art;dark;red;painting;surreal,brown;gray;red
7619,,face;eyes;art;landscape;surreal,orange;brown;red
7620,,art;painting;dark;red;surreal,purple;brown;red;gray
7621,,art;painting;abstract;brown;texture,red;brown;orange
7622,POKEMON,pokemon;pikachu;ash;pokeball;anime,yellow;blue;white
7623,,pokemon;pikachu;pokeball;anime;yellow,yellow
7624,,anime;face;eyes;man;gradient,gray;white;brown
7625,,anime;face;eyes;white hair;gradient,white;gray;red;pink
7626,,anime;eyes;face;gradient;orange,white;pink;gray
7627,,anime;girl;eye;face;orange gradient,red;orange
7628,,anime;girl;eyes;face;purple,gray;pink;white
7629,,anime;girl;face;gradient;orange,orange;white;brown;pink
7630,,anime;eyes;face;red;evangelion,red;white;pink;gray
7631,,anime;rei ayanami;evangelion;eyes;face,gray
7632,,anime;face;glasses;man;purple,pink;red;orange;brown
7633,スレイヤーズ,slayers;anime;japanese;lina inverse;katakana,gray;white;orange
7634,,anime;girl;face;gradient;white,white;gray
7635,YF-21 Macross,macross;yf-21;anime;mecha;robotech;manga,white;red;gray
7636,YF-19 Macross,macross;yf-19;anime;mecha;robotech;manga,white;gold;gray;yellow
7637,YF-19 Macross,macross;yf-19;anime;mecha;sunset;jet,red;black;orange;gray
7638,,anime;girl;eyes;face;orange hair,gray;orange;brown
7639,,anime;girl;eyes;face;orange hair,brown;orange;gray
7640,,anime;girl;eyes;face;green eyes,white;gray;brown
7641,POKEMON,pokemon;pikachu;ash;misty;anime,yellow;gray
7642,,anime;girl;eyes;face;blue eyes,gray;brown
7643,,anime;eyes;face;heart;blue eyes,gray;cyan
7644,,anime;eyes;face;green;monster,gray;green;brown
7645,,anime;eyes;face;kanji;japanese,gray;brown;white;black
7646,§quid,squid;sea creature;red;black;animal,black;gray;red
7647,CRUSTY,crusty;smiley;yellow;face;gradient,yellow;orange
7648,SOULKEEP,soulkeep;ankh;egyptian;blue;face,blue;black;gray
7649,OmegaX,omegax;red;green;dark;abstract,cyan;gray;red;black
7650,KOSSIX,kossix;gothic;gray;batman logo;dark,gray;black
7651,airling,airling;yin yang;gradient;blue;black,gray;blue
7652,美東 Q-Digital,q-digital;chinese;kanji;face;eyes;orange,orange;yellow;red
7653,Ca§per,casper;yin yang;black and white;gradient,gray;black
7654,LEGION,legion;pentagram;occult;dark;smoke,gray;black
7655,En DoR,endor;star wars;blue;gradient,blue;gray;white;brown
7656,Joane,joane;anime;girl;face;wink;blue,blue;gray;white
7657,Σoosidal,soosidal;eyes;face;gray;dark,gray;blue
7658,SIN,sin;gradient;purple;gray,gray;white
7659,SIN,sin;gradient;gray;silver,gray;white
7660,SIN,sin;gradient;gold;brown,brown;yellow
7661,SIN,sin;gradient;gold;cream,yellow;white
7662,SIN,sin;gradient;green,green
7663,sin,sin;woman;face;gradient;yellow;blue,yellow;blue
7664,SIN,sin;blue;electric;abstract,blue
7665,SiN RoBoT,sin;robot;bot;gold,orange;red
7666,SiN ADMIN,sin;admin;gold;lock,red;orange;brown
7667,SiN,sin;fire;red;flames,red;black;orange
7668,SiN,sin;woman;face;eyes;photo,brown;gray
7669,SoSueMe,sosueme;sin;chrome;gray;abstract,gray;black
7670,SoSueMe,sosueme;sin;chrome;red,red;gray
7671,Sin,sin;eyes;face;woman;cyan,gray;cyan
7672,SiN,sin;electronics;stereo;gray;tech,gray;gold
7673,SiN,sin;anime;girl;face;purple gradient,blue;pink;gray
7674,SiN,sin;woman;face;photo;gray,gray;brown
7675,SiN,sin;woman;face;eyes;photo,red;orange;brown
7676,,sin;water;blue;dark;abstract,black;blue
7677,Mesh,mesh;sin;light;blue;gradient,blue;white
7678,SiN,sin;purple;sparkle;flowers,gray;white
7679,SiN,sin;cat;hamtaro;cute;pink,pink;white;orange
7680,SiN,sin;blue;lines;stripes,blue;gray;white
7681,SiN,sin;gold;metallic;bar,brown;orange;gray
7682,SIN sin icons,sin;sin icons;blue;stripes;green,blue
7683,SiN,sin;gradient;red;pink,red;pink;white
7684,digitalblasphemy.com,digital blasphemy;wallpaper;url;fire;orange;sin,orange;brown;black
7685,digitalblasphemy.com,digital blasphemy;wallpaper;url;gray;rock;sin,gray
7686,digitalblasphemy.com,digital blasphemy;wallpaper;url;fire;dark;sin,black;gray
7687,digitalblasphemy.com,digital blasphemy;wallpaper;url;dark;sin,black;gray
7688,digitalblasphemy.com,digital blasphemy;wallpaper;url;space;blue;sin,black;blue
7689,digitalblasphemy.com,digital blasphemy;wallpaper;url;light;blue;sin,blue;black
7690,,apple;mac;anime;girl;face;wink,white;gray
7691,,apple;mac;anime;girl;face;pink,pink;white
7692,,apple;mac;anime;girl;face;orange,yellow;orange;red
7693,,apple;mac;anime;girl;face;red,pink;red;white
7694,,eye;snake;dragon;tribal;black and white,white;brown;gray;red
7695,,h.r. giger;biomechanical;dark;alien;gray,gray;black
7696,Heaven,heaven;space;nebula;purple;blue,blue;purple
7697,,space;nebula;galaxy;stars;purple,gray;blue;purple
7698,HARRASS ME! I USE AOL!,aol;america online;funny;computer;blue,white;blue;gray
7699,,woman;face;eyes;photo;orange,brown;red;orange
7700,UNIX HARDCORE,unix;hardcore;gray;texture;geek,gray;white
7701,SSM FOREVER,ssm;forever;dragon;gradient;green,gray;green;pink
7702,,face;photo;eyes;gradient;white,white;gray;brown
7703,dREAMland,dreamland;face;eye;gray;photo,gray;orange;white
7704,dREAMland,dreamland;gradient;blue;tab,blue;white;gray
7705,,woman;eyes;face;dark;texture,gray
7706,camelGOD,camel;animal;desert;tan,white;gray;orange
7707,Pico,pico;newgrounds;cartoon;boy;green,green;red;gray
7708,Pico,pico;newgrounds;cartoon;boy;pink,gray
7709,,woman;face;eyes;black and white;photo,gray
7710,,woman;face;blue eyes;photo;purple gradient,purple;gray
7711,,eye;face;woman;photo;gray,gray;white
7712,POSSIX,possix;green;face;woman;photo,green;gray;black
7713,,art;painting;renaissance;faces;sepia,brown;gray;orange
7714,APHEXTWIN,aphex twin;band;electronic music;face;gray,white;gray
7715,,green;abstract;light;plain,green
7716,,green;abstract;swirl;plain,green
7717,,purple;abstract;swirl;plain,purple;pink
7718,TRUE FREEDOM Only in America,true freedom;america;patriotic;usa;black and white,gray;black
7719,,harley quinn;batman;dc comics;jester;villain,red;pink;white;brown
7720,SUPERMAN,superman;dc comics;superhero;logo;s shield,white;red;blue
7721,,superman;dc comics;superhero;s shield;comic,blue;black
7722,The Joker,joker;batman;dc comics;villain;comic,gray;brown
7723,CLEKKS,clerks;kevin smith;movie;silent bob;jay and silent bob,gray;white
7724,CLEKKS,clerks;kevin smith;movie;face;man,gray;white;pink
7725,SiN,sin;astro boy;anime;cartoon;white,white
7800,Blockout [BOT] CANYONS EDGE,canyons edge;bot;gold;glitter;blockout,gold;yellow;brown;orange
7801,imac CANYONS EDGE,canyons edge;imac;smiley;gold;glitter,gold;yellow;brown
7802,Stealth CANYONS EDGE,canyons edge;stealth;gold;glitter,gold;yellow;brown;orange
7803,CANYONS EDGE,canyons edge;person;gold;glitter;red,yellow;gold;brown;orange
7804,CANYONS EDGE,canyons edge;person;gold;glitter;black,yellow;gold;brown;orange
7830,BURGER KING,burger king;fast food;logo;brand;small icon,red;white;pink
7831,,man;suit;person;small icon;pixel art,white;black;gray
7832,,kilroy;wall;face;peeking;pixel art;small icon,white;red
7833,,swirl;colorful;rainbow;small icon;pixel art,white;pink
7834,,dragon;green;monster;small icon;pixel art,green;black;white
7835,,computer;mac;document;small icon;pixel art,black;white;orange
7836,,mouse;rat;animal;small icon;pixel art,white;gray;black
7837,,face;head;profile;mac;small icon;pixel art,orange;black
7838,,face;head;profile;mac;small icon;pixel art,orange;black
7839,,face;head;profile;mac;small icon;pixel art,orange;black
7840,,moon;crescent;night;sleep;small icon,white
7841,,speaker;sound;audio;small icon;pixel art,white;black;red
7842,,coffee;pot;coffee pot;small icon;pixel art,white;black;gray
7843,,coffee;mug;cup;small icon;pixel art,white;black;gray
7844,,warning;caution;exclamation;triangle;small icon,white;yellow;black;gold
7845,,warning;high voltage;electricity;triangle;small icon,white;yellow;black;gold
7846,,speaker;audio;small icon;pixel art;gray,white;gray;black
7847,,stereo;speakers;audio;small icon;pixel art,gray;black
7848,,stereo;speaker;boombox;audio;small icon,white;black;gray
7849,,keyboard;music;synthesizer;small icon;pixel art,gray;black
7850,MP3,mp3;key;music;small icon;pixel art,white;black;green
7851,MP3,mp3;key;globe;music;small icon,white;black;green
8000,TOTAL GAMES,total games;games;collage;characters;gaming,gray;brown;blue
8001,LEGION,legion;apple;mac;gray;gradient,gray;white;black
8002,NOWHERE MAN,nowhere man;man;face;black and white;beatles,white;gray;black
8003,Sklor,sklor;alien;gray alien;green;bubbles,green;gray
8004,,anime;face;eyes;colorful;gradient,gray;white;cyan
8005,,smiley;purple;anime;man;gradient,white;gray;black
8006,,pink floyd;dark side of the moon;prism;band;black,black;gray
8007,,water;ocean;blue;face;gradient,blue
8008,Editman,editman;texture;brown;stone,brown;gray
8009,Goku DragonBallZ,dragon ball z;goku;anime;dbz;green,black;green
8010,Joane,joane;anime;girl;face;wink;blue,blue;gray;white
8011,,anime;face;man;eyes;colorful,brown;orange
8012,Omni G3 Omni,omni;g3;apple;mac;blue;gradient,blue
8013,Max Think different.,think different;apple;rainbow apple;mac;max,black;gray
8014,World Ride Web,world ride web;eye;logo;white;red,white;gray
8015,,eyes;cartoon;black and white;face;plain,white;gray
8016,#CP# 'Zerks,zerks;plaid;red;swords;clan,red;gray
8017,ミさん,japanese;katakana;face;art;black and white,gray;black;white
8018,,dark;red;pattern;ornate;black,black;red;brown
8019,,frog;eye;green;red;stripes,green;red;cyan
8020,Phauwn BOP,phauwn;bop;millennium falcon;star wars;spaceship;green,black;gray;green
8021,Darth Maul,darth maul;star wars;sith;face;red,gray;red;black
8022,Crispin (LM),crispin;anime;face;eyes;colorful,gray;cyan;green;white
8023,,dark;blue;texture;abstract;plain,blue;black
8024,Epsilon,epsilon;star trek;starfleet;blue;space,blue;cyan
8025,WEDGE,wedge;wedge antilles;star wars;gray;gradient,blue;gray;white
8026,Tony The Mad STARCRAFT,starcraft;blizzard;game;apple;rainbow apple,black;gray
8027,Sisko - UFP/SFC STAR TREK DEEP SPACE NINE,star trek;deep space nine;ds9;sisko;starfleet;sci-fi,gray;black;white
8028,Sisko bungie.net STAR TREK DEEP SPACE NINE,star trek;deep space nine;bungie;sisko;starfleet;sci-fi,gray;white;black
8029,Think different,think different;apple;mac;finder;blue,gray;blue;black;white
8030,Mec E Man,mec e man;gear;mechanical;blue;gradient,blue
8031,,a clockwork orange;alex;movie;eye;face,black;white;gray
8032,Carbon .ea,carbon;ea;navy;dark,black;gray
8033,Tino the Elf .ea,tino;elf;ea;teal,cyan;gray;yellow
8034,Replicant .ea,replicant;ea;purple;blue,blue;purple
8035,Periodic. .ea,periodic;ea;dark red,red;black
8036,[i'm not wearing pants!],no pants;funny;sunglasses;man;pink;orange,red;pink;black;orange
8037,.ea,ea;hammer and sickle;soviet;communist;gray,gray
8038,Cataclysm .ea,cataclysm;ea;teal;brown,cyan;gray;brown
8039,DrunkBob .ea,drunkbob;ea;green;white,white;green
8040,Attaboy Skip!,attaboy skip;anime;girl;eyes;kanji;blue,white;gray;blue
8041,TheOgre .ea,theogre;ogre;ea;white;gray,white;gray
8042,LL I FEAR HODER,hoder;green;gradient;ll,green
8043,,anime;blue;light;face;gradient,white;blue
8044,Aterian,aterian;skull;blue;swords;dark,blue;green
8045,FF8,final fantasy;ff8;final fantasy viii;rinoa;game,black;gray;pink
8046,ZarniwOOp,zarniwoop;hitchhikers guide;black and white;red;abstract,white;gray;red
8047,SPADE,spade;red;dark;graph;cards,red;black;gray;white
8048,SiNNeR Edit View SSM Spe,sinner;ssm;mac os;menu bar;finder;parody,white;blue;gray
8049,Brice,brice;apple;mac;aqua;blue;progress bar,blue;gray
8050,Milkweed is a Squirrel who Lives in my Pocket,milkweed;squirrel;funny;red;green,green;brown;red;gold
8051,,paw prints;dingbats;symbols;black and white;bomb,white;gray;black
8052,Dave Lister,dave lister;red dwarf;tv show;british;sci-fi,gray;white
8053,,barcode;black and white;stripes;lines,white;gray
8054,AK-47,ak-47;gun;rifle;weapon;fire;red,red
8055,GoatGuy,goat;goatguy;animal;rainbow apple;mac,white;black;gray;red
8056,Shadow,shadow;face;dark;green;gradient,green;black
8057,,blue;eyes;face;dark;abstract,gray;blue;black
8058,Dragon Girl,dragon girl;dragon;purple;gradient,purple;blue
8059,PETER_PAN Peter Pan,peter pan;lion;green;disney,green;black
8060,spyder,spyder;soccer ball;blue;stripes;speed,blue;white
8061,"Damnit, Jim!! NCC1701",star trek;ncc-1701;enterprise;dr mccoy;starfleet,gray;white
8062,,lightning;electric;blue;white;plain,white;blue
8063,,eyes;eye;photo;colorful eyes;face,gray;white
8064,Flying Monkey Squadron,flying monkey;monkey;wizard of oz;gun;gray,gray
8065,DonT,dont;ankh;green;gradient;gold,green;cyan;white;black
8066,Trojn,trojan;anarchy;anarchy symbol;red;black,red;black;white;pink
8067,nin nine inch nails,nine inch nails;nin;band;industrial;music;logo,black;gray
8068,,ladybug;bug;grass;eyes;face,brown;white
8069,Wired,wired;circuit board;green;tech,black;white;green;gray
8070,Fury,fury;blue;gradient;abstract,blue
8071,FARFROMHÜMAN,far from human;black and white;plain;text,white;gray
8072,Mr. Mac Hack Different,hack different;think different parody;mac;apple;hacker,blue;black;pink
8073,The Rock say...,the rock;wwf;wrestling;black and white;gradient,black;gray;white
8074,,water;ocean;blue;face;gradient,blue;gray
8075,,dark;gray;metallic;tech;abstract,gray;black
8076,Supercobra,supercobra;red ball;gray;metallic,gray;white
8077,#CP# 'Zerks,zerks;plaid;red;swords;clan,red;gray
8078,LLAmat,llamat;match;fire;orange;red,orange;red;yellow
8079,XL G3,g3;apple;anime;girl;face;red,white;gray
8080,Colquhoun Think Kilts,think kilts;think different parody;plaid;tartan;scottish;rainbow apple,gray;green
8081,Emo,emo;red;eyes;devil;dark,red;black
8082,60 Sec. Assassin Minute Man,minute man;assassin;gray;purple,gray
8083,Marvin J,marvin j;green;metallic;red,gray;black
8084,Fruity Nip's,fruity nips;red;mechanical;robot,gray;red
8085,Coofaware Technologies,coofaware;technologies;cat;gradient;purple,gray
8086,Drake Designs,drake designs;purple;mac;finder;tribal,pink;gray
8087,forge FARFROMHÜMAN,far from human;forge;black and white;plain,white;gray
8088,incubus,incubus;band;music;purple;play button,purple;gray
8089,,dragon;tribal;gray;black and white;abstract,gray;white
8090,た DAVE,dave;japanese;hiragana;blue;cyan,cyan;blue;gray
8091,,eyes;face;dark;dog;black,gray;black;white
8092,VidBoi,vidboi;orange;red;gradient,red;orange
8093,BMF be more friendly,bmf;be more friendly;green;gradient,green;white
8094,Andromeda,andromeda;gray;purple;face;abstract,gray;white;purple
8095,,yin yang;gradient;black;gray;pattern,gray;black
8096,Adam JESUS SAVES,jesus saves;christian;cross;religion;tux;penguin,red;blue
8097,Jenova,jenova;final fantasy vii;mushroom;blue;stripes,blue;white
8098,,jessica rabbit;who framed roger rabbit;woman;purple;cartoon,pink;purple
8099,,dark;face;creature;gray;fantasy,gray;brown;black
8100,TreeFrog,treefrog;frog;mac;finder;green,green
8101,Sobo CREATION,sobo;creation;gray;gradient;metallic,gray;white
8102,,eyes;face;photo;woman;dark,red;gray
8103,raskel,raskel;apple;mac;red;black,black;gray;brown
8104,Pretense...,pretense;blue;purple;gradient,blue;gray;white
8105,[- NinX -],ninx;barcode;green;black;gradient,black;gray;green
8106,#CP# 'Zerks,zerks;plaid;red;cow;clan,red;white
8107,Luke JEDI,luke skywalker;star wars;jedi;space;x-wing;tie fighter,black;green
8108,Killer Clown HE'S WATCHING,killer clown;clown;pentagram;horror;red,gray;black;red;white
8109,jjabba,jjabba;signature;plain;white;gray,white;gray
8110,Dragoon,dragoon;face;eye;orange;blue,orange;brown;blue
8111,,green;dark;texture;abstract,gray;black
8810,JoeRHaQ SOCIAL DISTORTION,social distortion;band;punk;skeleton;purple,gray;black
8861,,skull;dark;red;green;flames,black
8886,fragment,fragment;gray;black and white;abstract,gray;white;black
8891,Maelstrom,maelstrom;running man;gray;texture,gray
8950,,dark;face;creature;gray;fantasy,gray;brown;black
8999,COOL SERVER ICONS,server icons;gold;metallic;gradient;red dot,brown;orange;yellow
9000,PROUD TO BE,flag;canada;canadian flag;maple leaf;patriotic,red;blue;white
9001,UNITED WE STAND,flag;usa;american flag;patriotic;united we stand,red;blue
9002,ROYALTY FREE,flag;uk;union jack;british flag;united kingdom,red;blue;gray;white
9003,DESKTOP PICTURES,desktop pictures;black;metallic;red dot,gray;black;red
9004,DESKTOP PICTURES,desktop pictures;white;metallic;red dot,white;gray
9005,ADMIN,admin;metallic;gradient;blue;red dot,blue;white
9006,MEMBER,member;metallic;gradient;blue;red dot,blue;white
9007,GUEST,guest;metallic;gradient;blue;red dot,blue;white
9008,,metallic;gradient;blue;red dot;plain,blue;white
9009,ADMIN,admin;metallic;gradient;red;red dot,red;white;gray;pink
9010,MEMBER,member;metallic;gradient;red;red dot,red;white;gray;pink
9011,GUEST,guest;metallic;gradient;red;red dot,red;white;gray;pink
9012,,metallic;gradient;red;red dot;plain,red;white;pink;gray
9013,ADMIN,admin;metallic;gradient;silver;red dot,gray;white
9014,MEMBER,member;metallic;gradient;silver;red dot,gray;white
9015,GUEST,guest;metallic;gradient;silver;red dot,gray;white
9016,,metallic;gradient;silver;red dot;plain,gray;white
9017,AMR GRAPHICS,amr graphics;metallic;gradient;gold;red dot,yellow;orange;white;brown
9018,MACWARRIOR,macwarrior;metallic;gradient;gold;red dot,yellow;orange;white;brown
9019,AMR ICONS,amr icons;metallic;gradient;gold;red dot,yellow;orange;white;brown
9020,FUNKFEN,funkfen;metallic;gradient;gold;red dot,yellow;orange;white;brown
9021,HOTROD,hotrod;metallic;gradient;gold;red dot,yellow;orange;white;brown
9022,PROMUS,promus;metallic;gradient;gold;red dot,yellow;orange;white;brown
9023,SLEDGE,sledge;metallic;gradient;gold;red dot,yellow;orange;white;brown
9024,ENGA,enga;metallic;gradient;gold;red dot,yellow;orange;white;brown
9025,,powerbook;laptop;banana;computer;small icon,white;gray
9026,,toaster;appliance;small icon;gray,white;gray
9027,,robot;r2-d2;toy;small icon,white;gray;black
9028,,monolith;black slab;2001;small icon,white;gray
9029,,cigarette;smoking;smoke;small icon,white;gray
9030,,cat;animal;photo;small icon,white;gray;brown
9031,,cowboy hat;hat;western;small icon,white
9032,,pyramid;egypt;small icon;tan,white;orange
9033,,toilet;bathroom;small icon;white,white;gray
9034,,poop;poo;turd;flies;funny;small icon,white;brown;gray
9035,,rocket;space;red;small icon,white;red
9036,,mine;naval mine;bomb;spiked ball;small icon,gray;white
9037,,cat;face;gray;cartoon;small icon,gray;white
9038,,fortune cookie;food;cookie;small icon,white;orange;yellow;brown
9039,,kermit;kermit the frog;muppets;frog;small icon,green;white
9040,,muppet;animal;creature;orange;small icon,brown;black;white;orange
9041,,knight;helmet;armor;medieval;small icon,gray;white
9042,,paint palette;art;painting;paint;small icon,orange;brown;red
9043,,taco;food;mexican;small icon,white;gray;yellow;brown
9044,,bruce lee;man;face;martial arts;small icon,white;gray;black
9045,,man;face;bald;beard;small icon,gray;white;brown
9046,,rubiks cube;puzzle;cube;toy;small icon,white;gray;black
9047,,stimpy;ren and stimpy;cat;cartoon;small icon,white;gray
9048,,gopher;cartoon;animal;brown;small icon,white;brown;orange;gray
9049,,dalek;doctor who;robot;sci-fi;small icon,white;gray
9050,,creature;blue;monster;cartoon;small icon,white;blue;gray
9051,,creature;orange;monster;cartoon;small icon,white;brown;red;gray
9052,,spaceship;starship;sci-fi;small icon,white;gray
9053,,devil;demon;pitchfork;red;small icon,white;red
9054,,glue;elmers glue;bottle;school;small icon,white;gray
9055,,tv;television;speaker;small icon;black,gray;white
9056,,milk;milk jug;gallon;small icon,white;gray
9057,,k-9;doctor who;robot dog;sci-fi;small icon,white;gray
9058,,ghost;skull;hooded;horror;small icon,white;blue;cyan;gray
9059,,hand;claw;crystal;small icon,white;gray
9060,,turtle;animal;small icon;orange,white;red
9061,,marvin the martian;looney tunes;cartoon;alien;small icon,black;white;gray
9062,,robot;walker;red;small icon,white;red;black
9063,,monster;orange;cartoon;horns;small icon,red;white;orange;gray
9064,,kiss;gene simmons;band;face paint;rock;small icon,white;black;gray
9065,,kiss;ace frehley;band;face paint;rock;small icon,gray;white;black
9066,,kiss;paul stanley;band;face paint;rock;small icon,black;white;gray
9067,,kiss;peter criss;band;face paint;rock;small icon,black;gray;white
9068,,greedo;star wars;alien;rodian;small icon,white;cyan
9069,,royal guard;emperor's guard;star wars;red;small icon,red;white
9070,,emperor palpatine;star wars;sith;hooded;small icon,black;white;gold
9071,,darth vader;star wars;sith;helmet;small icon,black;gray;white
9072,,stormtrooper;star wars;helmet;empire;small icon,white;gray
9073,,jabba the hutt;star wars;alien;small icon,brown;orange;white
9074,,death star;star wars;space station;small icon,gray;white
9075,,r2-d2;star wars;droid;robot;small icon,white;blue;gray
9076,,r2-d2;star wars;droid;robot;small icon,white;gray
9077,,c-3po;star wars;droid;robot;gold;small icon,white;yellow;orange;brown
9078,,admiral ackbar;star wars;alien;small icon,white;red;gray
9079,,jawa;star wars;hooded;alien;small icon,white;brown;black
9080,,tusken raider;sand people;star wars;small icon,white;brown;gray
9081,,ewok;wicket;star wars;small icon,black;red
9082,,alien;gray alien;ufo;face;small icon,white;gray
9083,,moon;crescent;face;small icon,white;gray
9084,,alien;monster;green;slime;small icon,white;green;gray
9085,,monster;green;creature;small icon,green;white;black
9086,,hand;glove;cartoon;white glove;small icon,white;gray
9087,,record;vinyl;music;small icon,white;black;gray
9088,,chattering teeth;wind-up toy;teeth;mouth;small icon,white;gray;red
9089,,dynamite;tnt;explosive;fuse;small icon,white;green;red;gray
9090,,mushroom;toadstool;red;spotted;small icon,white;red
9091,,daffy duck;looney tunes;cartoon;duck;small icon,white;red;gray
9092,,wile e coyote;looney tunes;cartoon;coyote;small icon,white;brown;orange;gray
9093,,tweety;looney tunes;cartoon;bird;small icon,white;yellow
9094,,cartoon;face;glasses;yellow;small icon,yellow;white;gold;gray
9095,,tasmanian devil;taz;looney tunes;cartoon;small icon,white;gray;brown
9096,,molecule;atoms;science;colorful;small icon,white;blue;gray
9097,13,13;number;fire;flames;small icon,red;orange;gold;brown
9098,13,13;number;fire;flames;small icon,black;red;orange
9099,TECHNO ICONS,techno icons;gold;gradient;red dot,brown;orange;yellow
9100,,green;fire;red;abstract;red dot,green;black;red
9101,,race car;gold;mechanical;red dot,gray;brown
9102,,dark;blue;abstract;red dot,gray;blue
9103,,gray;abstract;texture;red dot,gray
9104,,blue;abstract;water;red dot,blue
9105,,gray;squares;abstract;red dot,gray;white
9106,,gray;sepia;abstract;red dot,gray
9107,,gold;yellow;skull;abstract;red dot,gray;yellow;brown;gold
9108,,orange;blue;face;abstract;red dot,brown;blue;black;orange
9109,,orange;blue;grid;abstract;red dot,brown;black;blue;orange
9110,SPIDER-MAN,spider-man;spiderman;marvel;superhero;red dot,gray;brown;orange
9111,,dark;gray;mechanical;sci-fi;red dot,gray;black
9112,,woman;face;orange;sci-fi;red dot,brown;black;red;gray
9113,,dark;tech;sci-fi;gray;red dot,gray;black
9114,,woman;face;green eyes;red hair;red dot,brown;orange;white
9115,,woman;face;eyes;makeup;red dot,white;gray;blue
9116,,orange;abstract;mask;gold;red dot,brown;red;orange
9117,,binary;code;red;matrix;red dot,black;red
9118,,gold;brown;skull;abstract;red dot,brown;black
9119,,purple;flowers;abstract;red dot,purple;pink
9120,,red;dark;binary;code;red dot,black;red;brown
9121,,black and white;face;man;collage;red dot,gray
9122,,glowing eyes;face;dark;sci-fi;red dot,gray;black;brown;orange
9123,,gray;blue;dots;tech;red dot,gray;blue
9124,,light blue;sphere;gradient;tech;red dot,blue;gray
9125,,tech;metallic;blue;light;red dot,gray;cyan;white
9126,,tech;metallic;blue;light;red dot,blue;gray;white
9127,,woman;red;fantasy;abstract;red dot,red;brown;pink
9128,,tan;abstract;fantasy;texture;red dot,brown
9129,,gear;gray;mechanical;red dot,gray
9130,,eye;creature;brown;texture;red dot,brown;black
9131,,woman;body;lying;orange;red dot,orange;red
9132,,eye;face;woman;pink;red dot,gray;red
9133,,eye;face;woman;blue;red dot,blue;gray
9134,,eyes;face;woman;green eyes;red dot,brown
9135,,eyes;face;woman;blue eyes;red dot,red;pink;gray
9136,,abstract;splatter;colorful;red dot,gray;red;blue
9137,,pink;gradient;abstract;red dot,pink
9138,,lavender;gradient;abstract;red dot,blue;gray
9139,,purple;gradient;abstract;red dot,blue;purple
9140,BLISS,bliss;green;yellow;abstract;red dot,green;black;gold
9141,BLISS,bliss;green;abstract;red dot,green
9142,,red;abstract;explosion;red dot,red;white
9143,EUPHORIA,euphoria;yellow;orange;abstract;red dot,orange;brown;yellow
9144,EUPHORIA,euphoria;yellow;orange;abstract;red dot,yellow;orange
9145,ODYSSEY,odyssey;blue;abstract;red dot,blue;cyan
9146,ODYSSEY,odyssey;blue;abstract;red dot,blue
9147,SYNTHETIC,synthetic;purple;magenta;abstract;red dot,purple;pink
9148,SYNTHETIC,synthetic;purple;magenta;abstract;red dot,purple;pink
9149,,dark blue;abstract;swoosh;red dot,blue;black
9150,SPLASH,splash;blue;water;abstract;red dot,blue;white
9151,,biomechanical;teal;copper;mechanical;red dot,brown;cyan;gray;red
9152,,mechanical;metal;gray;robot;red dot,gray;brown;black
9153,,mechanical;metal;brass;steampunk;red dot,gray;brown
9154,,mechanical;red;metal;robot;red dot,brown;red;gray
9155,,mechanical;metal;pipes;brass;red dot,gray;brown;black
9156,,mechanical;metal;blue sky;tech;red dot,gray;blue
9157,,teal;light;tech;abstract;red dot,cyan;gray
9158,,green;recycle;symbols;tech;red dot,green;cyan;gray
9159,,blue;mechanical;tech;chrome;red dot,gray;blue
9160,,blue;mechanical;tech;chrome;red dot,blue;gray
9161,,blue;mechanical;tech;chrome;red dot,gray;blue
9162,,yellow;gray;abstract;tech;red dot,gray;white;gold;yellow
9163,,teal;tech;interface;gray;red dot,cyan;gray
9164,,green;sphere;tech;sci-fi;red dot,green;black
9165,,green;yellow;tech;sci-fi;red dot,green;brown;gold;black
9166,,blue;white;clouds;abstract;red dot,blue;white;gray
9167,,blue;abstract;gradient;red dot,blue
9168,,blue;abstract;gradient;red dot,blue
9169,,blue;dots;abstract;red dot,blue
9170,,blue;swirl;abstract;red dot,blue
9171,,blue;globe;abstract;red dot,blue
9172,,blue;abstract;gradient;red dot,blue
9173,,tan;red;abstract;logo;red dot,brown;orange;red
9174,,woman;body;skin;abstract;red dot,gray;brown;white
9175,,woman;face;photo;purple;red dot,gray;pink
9176,,woman;face;eyes;photo;red dot,brown;red;gray
9177,,tech;interface;teal;blue;red dot,cyan;blue;gray
9178,9580,tech;machine;gray;interface;red dot,gray;white
9179,,orange;tech;mechanical;interface;red dot,brown;orange
9180,,gold;gear;mechanical;yellow;red dot,brown;gold;orange;yellow
9181,,beige;abstract;streaks;red dot,brown;gray;white
9182,,blue;circles;pattern;tech;red dot,blue
9183,,teal;dark;tech;abstract;red dot,black;green;cyan
9184,,gray;dark;texture;abstract;red dot,gray;black
9185,,blue;sphere;abstract;red dot,blue
9186,,green;sphere;abstract;red dot,green;gray
9187,,orange;dark;tech;abstract;red dot,brown;black;red
9188,design,design;orange;tribal;abstract;red dot,brown;gray;white
9189,,yellow;green;dark;abstract;red dot,black;gold;yellow
9190,,red;metallic;abstract;red dot,red;orange
9191,,gray;metallic;chrome;abstract;red dot,gray;blue
9192,,copper;mechanical;tech;orange;red dot,brown;red;orange
9193,,gray;metallic;curve;tech;red dot,gray
9194,,tan;mechanical;tech;brown;red dot,brown
9195,,tan;mechanical;tech;brown;red dot,brown;black
9196,,green;dark;creature;fantasy;red dot,gray;green
9197,,fire;flames;yellow;orange;red dot,yellow;orange
9198,,tan;ruins;texture;brown;red dot,brown;orange;red
9199,,yellow;orange;abstract;mechanical;red dot,orange;brown;yellow;red
9200,,cartoon;gnome;purple;character;red dot,red;pink;brown;black
9201,,cartoon;gnome;santa;green;red dot,gray;green;white
9250,space icons,space icons;gold;gradient;red dot,brown;orange;yellow
9251,,space;alien;face;planet;red dot,gray
9252,,space;planet;purple;pink;red dot,pink;blue;brown
9253,,space;stars;nebula;blue;red dot,black;blue;gray
9254,,mars;desert;planet;sand;red dot,brown;orange
9255,,space;planet;sunrise;orange;red dot,brown;red;orange
9256,,space shuttle;rocket;nasa;space;red dot,brown;gray;black
9257,,mars;planet surface;rover;space;red dot,brown;gray
9258,,space;nebula;spaceship;red dot,gray;brown;red
9259,,earth;planet;space;blue;red dot,blue;gray
9260,SPACE THE FINAL FRONTIER,space;star trek;final frontier;red;red dot,red;pink
9261,,space;explosion;nebula;fire;red dot,red;blue;orange
9262,,space;planet;moon;landscape;red dot,gray;brown
9263,,space;planet;light;gradient;red dot,gray;white;brown
9264,,space;light;purple;gray;red dot,gray;white;blue
9265,,alien;green;eyes;cartoon;clouds;red dot,green;white;blue
9266,,space;nebula;red;stars;red dot,red;pink;black;brown
9267,,alien;martian;explosion;cartoon;red dot,brown;orange;yellow;green
9268,,space;blue;nebula;stars;red dot,blue
9269,,space;planet;asteroid;gold;red dot,blue;brown;gold
9299,death icons,death icons;gold;gradient;red dot;horror,brown;orange;yellow
9300,,skull;horror;death;flag;red dot,gray;blue;white
9301,,horror;red;dark;demon;red dot,brown;red;black
9302,,skull;horror;death;green;monster;red dot,black;gold;gray
9303,CHUCK LOVE,chucky;bride of chucky;childs play;horror;doll;red dot,brown;red;gray
9304,,horror;demon;fire;red;red dot,brown;orange;red;black
9305,,horror;monster;teeth;blue;red dot,blue;gray
9306,,horror;demon;teeth;monster;red dot,red;brown;orange
9307,SERIAL KILLERS,serial killers;horror;dark;purple;red dot,gray;white;black
9308,,skull;horror;blue;dark;red dot,gray;black;blue
9309,,horror;glowing eyes;monster;dark;red dot,blue;gray
9310,,horror;eyes;face;rope;red dot,brown;black;red
9311,,horror;mask;green;ghost;red dot,gray;black;green
9312,,horror;mask;blood;scream;red dot,gray;red;brown;white
9313,,horror;clown;face paint;red eyes;red dot,brown;gray;black
9314,,horror;monster;purple;dark;red dot,blue;purple;gray
9315,,horror;eye;green;creature;red dot,gray;black
9316,,horror;red;dark;face;red dot,brown;red;pink;gray
9317,,horror;monster;purple;teeth;red dot,blue;purple;gray
9318,,horror;creature;red eyes;gray;red dot,gray
9319,,horror;gore;creature;red dot,gray;red
9320,,horror;skull;gore;red;red dot,gray;brown;red;black
9321,,horror;eye;creature;movie;red dot,brown;white;gray
9322,,horror;green;monster;yellow;red dot,gray;brown;yellow
9323,,horror;woman;scream;face;red dot,blue;gray;black
9324,,skulls;horror;death;gray;red dot,gray;blue;white
9325,SERIAL KILLER,serial killer;horror;red eye;face;red dot,yellow;black;orange;brown
9326,,horror;eye;fire;orange;red dot,orange;red;gray;brown
9327,,horror;creature;gray;dark;red dot,brown;gray
9328,,horror;face;yellow;orange;red dot,orange;brown
9329,,horror;zombie;green;face;red dot,gold;brown;gray
9330,,horror;lightning;monster;purple;red dot,gray;blue;yellow;black
9331,,horror;monster;orange;demon;red dot,red;orange
9332,,horror;skulls;monster;olive;red dot,brown;gold
9333,,horror;creature;gray;dark;red dot,gray;brown
9334,,horror;creature;gray;dark;red dot,gray
9335,,horror;red eyes;demon;dark;red dot,gray;brown;black
9336,,horror;red;dark;demon;red dot,red;brown;black
9337,,horror;eyes;creature;gold;red dot,brown;black
9338,,horror;eye;creature;gold;red dot,brown;black
9339,,horror;eyes;face;woman;red dot,brown;orange
9340,,horror;red eyes;face;demon;red dot,brown;black;red;gray
9341,,horror;face;brown;dark;red dot,red
9342,,horror;trees;orange;dark;red dot,red;black
9343,,horror;old man;face;green;red dot,gray;red;green
9344,,horror;demon;fire;face;red dot,red;black
9345,,horror;eye;orange;dark;red dot,red
9346,"5'0""",horror;mugshot;height chart;criminal;red dot,red;gray;brown
9347,,horror;monster;creature;green;red dot,red;black;gold;brown
9348,,horror;monster;green;face;red dot,brown;gray;gold
9349,,horror;doll;creepy;blue;red dot,gray;brown;blue
9350,13 GHOSTS,13 ghosts;thirteen ghosts;horror movie;eyes;red dot,brown;red;orange;gray
9351,,horror;dark;purple;face;red dot,gray
9352,,horror;eyes;monster;red;red dot,red;gray;black;orange
9353,,horror;old man;face;pink;red dot,gray;pink;red
9354,,horror;dark;gold;brown;red dot,brown;gray;black
9355,,horror;zombie;glowing eyes;green;red dot,gray;black;green
9356,,horror;eyes;mask;pale;red dot,gray;white
9357,,horror;woman;face;eyes closed;red dot,brown;gray
9358,,horror;eyes;monster;bloodshot;red dot,brown;gray
9359,,horror;blue;dark;face;red dot,blue;white;black
9360,,horror;skull;red eye;bone;red dot,gray;brown;red
9361,,horror;skull;teal;demon;red dot,cyan;black;gray
9362,,skulls;horror;red eyes;dark;red dot,blue;black;gray
9363,,horror;gray;dark;metallic;red dot,gray
9364,,horror;blue;gas mask;dark;red dot,gray;blue
9365,,horror;creature;gray;mechanical;red dot,gray
9366,,horror;eyes;face;dark;red dot,brown;red;gray
9367,,horror;creature;dark;red dot,brown;gray;black;orange
9368,,horror;demon;fire;autumn;red dot,orange;red;black;brown
9369,,horror;creature;blue;underwater;red dot,blue
9370,,horror;brown;dark;red dot,brown;gray
9371,,horror;demon;red;dark;red dot,red;brown;orange
9372,,horror;face;mask;gray;red dot,gray;brown;black;red
9373,,horror;teeth;mouth;monster;red dot,red;brown;orange
9374,,horror;beast;red eye;face;red dot,blue;gray;black
9375,,horror;zombie;face;red;red dot,red;brown
9376,,horror;face;dark;eyes;red dot,gold;black;yellow;gray
9377,RESIDENT EVIL,resident evil;horror;game;movie;eyes;red dot,orange;red;black;brown
9378,RESIDENT EVIL,resident evil;horror;game;movie;eyes;red dot,orange;brown;red
9379,TRAPPED,trapped;horror;hands;face;blue;red dot,blue;white
9380,,horror;woman;face;purple;red dot,gray;pink
9381,,horror;eyes;face;black and white;red dot,gray
9382,,horror;eyes;face;orange;red dot,orange;red
9383,,horror;eyes;face;teal;red dot,gray
9384,,horror;red eye;face;brown;red dot,brown;black;red
9385,,horror;skull;gold;demon;red dot,brown;orange
9386,,horror;monster;yellow eyes;creature;red dot,brown;orange
9387,,horror;eye;face;surgery;red dot,red;gray;brown
9388,,horror;glowing eyes;demon;dark;red dot,brown;black
9389,,horror;mummy;face;gray;red dot,gray
9390,,horror;mummy;face;orange;red dot,brown;orange;red
9391,,horror;eyes;face;blue;red dot,gray;blue;black
9392,,horror;eyes;faces;scream;red dot,gray;black
9393,,horror;face;demon;gold;red dot,brown;black;orange
9394,MIXX,mixx;logo;red;small icon,white;red;gray
9395,,pixel text;black and white;logo;small icon,white;gray
9396,TY,ty;logo;red;small icon,white
9397,TY2,ty2;logo;red;small icon,white;gray;red
9398,,wu-tang clan;wu-tang;hip hop;band;logo;small icon,yellow;white;gray
9399,,martini;cocktail;glass;drink;small icon,white
9400,,fist;hand;punch;small icon,white;brown
9401,,lighter;zippo;flame;small icon,white;gray
9402,,dice;gambling;game;small icon,white;gray
9403,,music note;music;small icon,white;gray
9404,,globe;earth;world;internet;small icon,white;blue
9405,,cartoon;character;face;small icon,white;gray
9406,,bullet;ammo;shell;small icon,white
9407,,beer;mug;drink;small icon,white;brown
9408,@,at sign;email;symbol;small icon,white;gray
9409,,anarchy;a;symbol;small icon,white;gray
9410,,flower;plant;potted;small icon,white;gray
9411,,jack-o-lantern;pumpkin;halloween;small icon,orange;white;yellow
9412,,turntable;record player;dj;small icon,white;gray;black
9413,,frog;green;cartoon;small icon,white;black;green
9414,,target;crosshair;color;small icon,white;black
9415,Ford,ford;car;logo;brand;small icon,white;blue;gray
9416,,superman;s shield;dc comics;logo;small icon,white;red
9417,,gem;crystal;diamond;gray;small icon,white
9418,S,s;letter;gray;square;small icon,gray;black;white
9419,,camera;lens;black;small icon,white;gray;black
9420,,gun;pistol;handgun;weapon;small icon,white
9421,,bomb;red;box;small icon,white;gray
9422,,money;cash;stack of bills;small icon,white;green
9423,,cassette;tape;music;small icon,white;gray
9424,,bomb;missile;black;small icon,white;gray
9425,,record;vinyl;music;red;small icon,white
9426,,record;vinyl;music;yellow;small icon,white;gray
9427,,gramophone;phonograph;horn;music;small icon,white;gray
9428,,trash can;garbage;bin;small icon,white;gray
9429,,sneaker;shoe;black and white;small icon,white;gray
9430,,letter tile;red;yellow;pixel text;small icon,red;white
9431,,letter tile;red;yellow;pixel text;small icon,white;red
9432,,letter tile;red;yellow;pixel text;small icon,red;white
9433,,letter tile;red;yellow;pixel text;small icon,white;red
9434,,letter tile;red;yellow;pixel text;small icon,white;red
9435,,photo;green;blue;small icon,white;black
9436,,photo;dark;purple;small icon,white;gray
9437,,collage;yellow;green;face;small icon,white;orange
9438,,superman logo;parody;h;shield;small icon,white;red
9450,horror king icons,horror king icons;horror;gold;gradient;red dot,brown;orange;yellow
9451,WES CRAVEN,wes craven;horror director;face;red eyes;red dot,white;gray
9452,CLIVE BARKER,clive barker;horror author;hellraiser;face;red dot,white;gray
9453,STEPHEN KING,stephen king;horror author;face;red eyes;red dot,gray;white
9454,H.R. GIGER,h.r. giger;artist;alien;face;red dot,white;gray
9455,TOM SAVINI,tom savini;horror;makeup artist;face;red dot,white;gray
9456,WES BENSCOTER,wes benscoter;horror artist;face;red eyes;red dot,white;gray
9457,TODD MCFARLANE,todd mcfarlane;spawn;comics;face;red dot,gray;white
9458,ROB ZOMBIE,rob zombie;musician;horror;metal;red dot,red;brown
9459,R.CRUMB,r. crumb;robert crumb;cartoonist;comics;red dot,gray;white
9460,TIM BURTON,tim burton;director;face;black and white;red dot,gray;white;pink
9461,ED WOOD,ed wood;director;b-movie;face;red dot,gray;white
9462,ELVIRA,elvira;mistress of the dark;horror host;woman;red dot,gray;blue
9463,MARILYN MANSON,marilyn manson;musician;band;face;red dot,red;brown
9499,company icons,company icons;brand;gold;gradient;red dot,brown;orange;yellow
9500,ROCKSHOX,rockshox;bike;mountain bike;brand;logo;red dot,white;gray
9501,Sprite,sprite;soda;drink;brand;logo;red dot,green;gray;black
9502,Coca-Cola,coca-cola;coke;soda;brand;logo;red dot,red
9503,7UP,7up;soda;drink;brand;logo;red dot,green
9504,PEPSI,pepsi;soda;drink;brand;logo;red dot,blue;white
9505,Mtn Dew,mountain dew;soda;drink;brand;logo;red dot,green
9506,Budweiser,budweiser;beer;alcohol;brand;logo;red dot,red;orange
9507,Heineken,heineken;beer;alcohol;brand;logo;red dot,green
9508,SELECT,select;brand;logo;silver;red dot,white;gray
9509,RAM TRUCKS,dodge ram;ram trucks;truck;brand;logo;red dot,gray;white
9510,QuickTime,quicktime;apple;brand;logo;red dot,blue;white
9511,FireWire,firewire;apple;cable;connector;red dot,white;gray
9512,iPod,ipod;apple;mp3 player;brand;red dot,gray;white
9513,Thinking Different,think different;apple;mac;brand;logo;red dot,white;blue
9514,warner bros.,warner bros;studio;movie;brand;logo;red dot,gray;blue;black
9515,SONY,sony;electronics;brand;logo;red dot,blue
9516,YAMAHA,yamaha;music;brand;logo;red dot,blue;gray;white
9517,YAMAHA PRO AUDIO,yamaha;pro audio;music;brand;logo;red dot,gray;brown;blue
9518,Technics,technics;audio;dj;brand;logo;red dot,blue;black;gray
9519,Technics Music Canada,technics;canada;music;brand;logo;red dot,white;pink
9520,Windows,windows;microsoft;windows xp;brand;logo;red dot,blue
9521,Microsoft Windows,windows;microsoft;windows xp;brand;logo;red dot,blue
9522,HMMMM Oh Henry!,oh henry;candy bar;chocolate;brand;logo;red dot,yellow;gold;brown
9523,,xbox;microsoft;console;green;logo;red dot,green;gray
9524,XBOX,xbox;microsoft;console;game;logo;red dot,green
9525,Adobe Studio,adobe;adobe studio;software;brand;red dot,green;gold;black
9526,Adobe Acrobat 5 Adobe PDF,adobe acrobat;pdf;adobe;software;red dot,gray;white
9527,After Effects 5.5,after effects;adobe;software;red dot,gray;white
9528,Atmosphere,adobe atmosphere;adobe;software;red dot,blue;gray;white
9529,Adobe FrameMaker,framemaker;adobe;software;red dot,gray;white;red
9530,Adobe GoLive 6,golive;adobe;software;web design;red dot,gray;white;blue
9531,Illustrator 10,illustrator;adobe;software;venus;red dot,gray;white;brown;blue
9532,InDesign 2,indesign;adobe;software;red dot,gray;white;blue
9533,LiveMotion 2,livemotion;adobe;software;red dot,gray;white;blue
9534,PageMaker 7,pagemaker;adobe;software;red dot,gray;white
9535,PhotoDeluxe,photodeluxe;adobe;software;red dot,gray;white;brown
9536,Adobe Photoshop 7,photoshop;adobe;software;red dot,gray;white;blue
9537,Adobe Premiere 6,premiere;adobe;software;video;horse;red dot,gray;white
9538,PressReady,pressready;adobe;software;peacock;red dot,gray;white;green
9539,Adobe,adobe;brand;logo;software;red dot,gray;black;white
9540,MacAddict,macaddict;magazine;mac;brand;logo;red dot,gray;white;cyan
9541,Macworld,macworld;magazine;mac;brand;logo;red dot,gray;red;pink;white
9599,game icons,game icons;gaming;gold;gradient;red dot,brown;orange;yellow
9600,gamespy,gamespy;gaming;website;brand;logo;red dot,black;green;gray
9601,gamespy,gamespy;gaming;website;brand;logo;red dot,white;green
9602,,game;blue;sci-fi;battle;red dot,blue;black
9603,UNREAL II,unreal ii;unreal;epic games;game;woman;red dot,cyan;black;brown;blue
9604,,quake;game;id software;logo;red dot,brown;cyan;gray
9605,,quake;game;id software;logo;red dot,gray;black;brown
9606,QUAKE III ARENA,quake iii arena;quake 3;id software;game;red dot,red;brown;gray;black
9607,MYST III,myst iii;myst;game;adventure;red dot,gray;blue
9608,MYST III EXILE,myst iii exile;myst;game;adventure;red dot,gray;brown;black;green
9609,TONY HAWK'S PRO SKATER 2,tony hawk's pro skater;skateboarding;game;activision;red dot,blue;gray;white
9610,TONY HAWK,tony hawk;pro skater;skateboarding;game;red dot,blue;gray
9611,ALICE,american mcgee's alice;alice;game;horror;red dot,blue;gray;brown
9612,,game;face;monster;dark;red dot,blue;gray;brown;black
9613,RESIDENT EVIL,resident evil;capcom;game;horror;red dot,red;gray
9614,RESIDENT EVIL,resident evil;capcom;game;horror;red dot,red;brown
9615,,game;cyan;tech;sci-fi;red dot,cyan;blue
9616,GameRanger,gameranger;mac gaming;online;brand;logo;red dot,cyan;blue
9617,RED FACTION,red faction;game;shooter;red;red dot,red;orange
9618,HIGH RISK HIGH PAY,red faction;game;red;red dot,red;orange
9619,EVO2,evo2;game;logo;gray;red dot,gray
9620,EVO2,evo2;game;logo;green;red dot,gray;black;gold;brown
9621,TOMB RAIDER,tomb raider;lara croft;game;woman;red dot,gray;brown
9622,TOMB RAIDER,tomb raider;lara croft;game;woman;red dot,gray
9623,hot date The Sims,the sims;hot date;maxis;game;red dot,red;white
9624,,the sims;maxis;game;logo;red dot,red;blue;white
9699,personal icons,personal icons;gold;gradient;red dot,brown;orange;yellow
9700,MR,mr logo;alien;green;face;jungle,green;black;gray
9701,MR,mr logo;face;cartoon;orange;eyes,brown;orange;red
9702,MR,mr logo;red;green;texture;abstract,red;brown;black;orange
9703,MR,mr logo;gas mask;yellow;blood;soldier,gray;black
9704,MACWARRIOR!,macwarrior;red;face;monster;zombie,gray;red
9705,MACWARRIOR,macwarrior;eye;red eye;fire;flames,red;brown
9706,,eye;blue eyes;face;woman;blue,blue
9707,Slipknot,slipknot;band;metal;mask;music,gray;black;pink
9708,,spiral;monster;green;face;eyes,green;black
9709,,spiral;red;face;woman;dark,red;brown;black
9710,,spiral;brain;pink;gradient,red;brown;pink;gray
9711,,spiral;green;leaves;jungle,green;black
9712,,spiral;eye;green;teal,green
9713,,spiral;faces;sculpture;brown;art,red;brown
9714,,spiral;woman;face;eyes;sepia,gray;brown
9715,,spiral;eyes;face;orange;blue,blue;orange;black
9716,,spiral;eyes;face;blue;white,gray;blue;white
9717,,lightsaber;star wars;jedi;blue,blue;white;gray
9718,,lightsaber;star wars;sith;red,red;pink;white;gray
9719,,lightsaber;star wars;jedi;green,green;white;gray
9720,,bar;metallic;beige;plain;blank,gray;brown
9721,,bar;metallic;silver;plain;blank,gray;white
9722,Shwimz,shwimz;s;silver;gradient;metallic,gray;white;blue
9723,,checkered flag;racing;sunset;red;purple,black;red;pink
9724,,checkered flag;comic;superhero;woman;characters;illustration,red;orange;brown;pink
9725,,checkered flag;comic;woman;face;fishnet;illustration,red;pink;black;blue
9726,Planet of the Apes,planet of the apes;movie;ape;checkered flag;sci-fi,cyan;blue;black;gray
9727,,planet of the apes;ape;face;movie;checkered flag,black;brown;gray
9728,,checkered flag;gradient;gray;sci-fi;machine,gray
9729,,planet of the apes;ape;movie;checkered flag;dark,black;cyan;gray
9730,,checkered flag;movie;faces;man;woman;photo,gray;brown;cyan
9731,,checkered flag;city;landscape;orange;sunset,brown;orange
9732,,checkered flag;movie;sci-fi;photo;gray,gray;white
9733,,checkered flag;sci-fi;creature;gradient;gray,gray
9734,The Fast and the Furious,fast and the furious;movie;car;racing;checkered flag,black;brown;gray
9735,,fast and the furious;car;racing;checkered flag;orange,black;brown;red;yellow
9736,,fast and the furious;car;racing;checkered flag;yellow,black;orange;yellow
9737,,checkered flag;gray;photo;abstract,gray;blue
9738,,checkered flag;purple;plain;gradient,pink;gray;red
9739,,checkered flag;cartoon;comic;illustration,gray;black;blue
9740,,checkered flag;cartoon;face;eyes;angry,blue;orange;gray
9741,,spider-man;spiderman;marvel;superhero;movie;checkered flag,orange;red;brown
9742,Monsters,monsters inc;pixar;disney;mike wazowski;sulley;cartoon;checkered flag,white;blue;cyan
9743,,superman;dc comics;superhero;flying;checkered flag,blue;white
9744,,space;stars;light;blue;gradient,blue;white
9745,Jumpingjack,window;mac os;gui;gray;name,white;gray
9746,Sysiphys,bird;eagle;flying;blue;sky,blue;gray
9747,,van;vehicle;green;gradient,green;gold;yellow
9748,,anime;girl;eyes;face;checkered flag;space,blue;brown;gray
9749,,checkered flag;sky;clouds;blue;light,blue
9750,,checkered flag;creature;monster;brown;dark,brown;black
9751,,checkered flag;eyes;face;photo;closeup,brown;cyan;black
9752,Think Nerdy.,think different parody;apple;nerd;purple;light;gradient,purple;blue;gray
9753,Think Nerdy.,think different parody;apple;nerd;purple;gradient,blue
9754,,commodore;logo;computer;retro;blue,blue
9755,The Simpsons,the simpsons;cartoon;tv show;checkered flag,blue;gray
9756,,the simpsons;cartoon;characters;tv show;checkered flag,blue;green;black
9757,,the simpsons;cartoon;eyes;yellow;checkered flag,blue;yellow;white
9758,,the simpsons;cartoon;characters;crowd;checkered flag,gold;yellow;blue
9759,,the simpsons;bart simpson;cartoon;dark;checkered flag,blue;black
9760,,the simpsons;cartoon;characters;checkered flag,black;gold;blue
9761,,the simpsons;cartoon;dog;checkered flag,blue
9762,,cartoon;faces;characters;red;checkered flag,red;blue;gray
9763,South Park,south park;cartoon;tv show;checkered flag;rainbow,blue;pink;orange
9764,Smash Mouth,smash mouth;band;cartoon;characters;checkered flag,red;brown;pink;orange
9765,King of the Hill,king of the hill;cartoon;tv show;characters;checkered flag,gray;red
9766,,family guy;peter griffin;cartoon;tv show;checkered flag;gradient,yellow;red;blue
9767,Osmosis Jones,osmosis jones;movie;cartoon;checkered flag,white;gray;black
9768,,fire;flames;orange;button,orange;red
9899,loorg icons,gold;metallic;logo;gradient,brown;orange;yellow
9900,MP Graphics,logo;red dot;gray;motion blur,white;pink
9901,MP Graphics,logo;red dot;red;motion blur,red
9902,MP Graphics,logo;red dot;gray;motion blur,gray;red;white
9903,MP Graphics,logo;red dot;gray;motion blur,white;gray
9904,MP Graphics,logo;red dot;gray;motion blur,white;gray
9905,,volkswagen;vw;car;beetle;logo;photo,blue;cyan
9906,,volkswagen;vw;car;beetle;headlights;photo,blue;cyan
9907,,volkswagen;vw;car;beetle;photo,cyan;blue;green
9908,,woman;butt;sci-fi;gun;photo;sexy,green;brown;gray
9909,,woman;butt;sci-fi;gun;photo;sexy,gold;brown;black
9910,,woman;butt;sci-fi;gun;photo;sexy,brown;black;gold
9911,,woman;butt;sci-fi;gun;photo;sexy,brown;gray;black;gold
9912,,woman;butt;sci-fi;gun;photo;sexy,gray;black
9999,the Watch Mutt,paw print;dog;white;plain,white;gray
10000,SSM Your icon art goes here...,ssm;template;placeholder;orange,orange;brown
10001,SSM ssm temp.,ssm;temporary;template;brick,red;brown
10002,SSM You may have already won! Temporary Icon,ssm;temporary;template;gradient,blue;pink
10003,SSM Temporary Icon Until the next list...,ssm;temporary;template;gradient,gray;white
10004,SSM Temporary,ssm;temporary;template;gray,gray;white;red
10005,SSM Icon In Progress,ssm;temporary;template;work in progress,blue;gray;white
10006,SSM Temporary,ssm;temporary;template;red,white;gray;red;pink
10007,Temp Icon SoSueMe,sosueme;temporary;template;light blue,blue;cyan
10008,Temp SoSueMe,sosueme;temporary;template;gradient,red;gray;pink
10011,Generics,logo;abstract;texture;orange,brown;red;gold
10012,,digitalsin;s logo;green;abstract,green;black
10013,,digitalsin;s logo;mushroom;sky;surreal,white;blue;gray;cyan
10014,,digitalsin;s logo;abstract;psychedelic;colorful,cyan;black;blue
10015,digitalSiN,digitalsin;s logo;blue;abstract,blue
10016,digitalSiN,digitalsin;s logo;gold;gradient,yellow;orange
10017,,devil;horns;face;abstract;gold,yellow;black;gold;brown
10019,,devil;horns;hat;photo,gray;brown
10022,,logo;eye;face;photo;gold,orange;brown
10023,,logo;plain;beige;blank,orange;brown
10024,,logo;eye;blue;abstract,blue;cyan
10025,SIN.GRAFIX,sin grafix;logo;pale;pink;faded,white;pink
10027,IQ Collective,iq collective;cat;logo;blue;abstract,gray;blue;white
10028,IQ Collective,iq collective;cat;logo;plain;mauve,gray
10029,IQ Collective,iq collective;cat;woman;man;retro;illustration,red;orange;gray;brown
10030,IQ Collective,iq collective;cat;woman;face;eyes;photo,brown;red;black
10031,IQ Collective,iq collective;cat;woman;eye;hand;collage,red;brown;orange
10032,If you've got an appetite for life:,iq collective;cat;quote;black;dark blue,black;gray
10033,IQ Collective,iq collective;cat;logo;black;plain,black;gray
10034,pad.msg.me,iq collective;cat;plant;green;gradient,cyan;green;gray
10036,,iq collective;cat;eyes;face;photo,brown;red;gray
10037,IQ Collective,iq collective;cat;stripes;red;pink,red;gray;pink
10038,,iq collective;cat;abstract;green;blur,green;cyan
10039,,iq collective;cat;abstract;tech;blue,blue
10041,IQ Collective,iq collective;cat;eye;face;collage,blue;orange
10042,,iq collective;cat;abstract;texture;gray,white;gray
10043,IQ Collective,iq collective;cat;abstract;gray;white,white;gray
10044,CG,eye;face;photo;dark;cg,gray;black;brown
10045,CG,lights;fire;sparks;dark;cg,brown;orange;white;gray
10046,CG,eye;halftone;orange;red;cg,red;orange
10047,Frizzen CG,frizzen;abstract;black;white;cg,white;gray;black;pink
10048,,eye;op art;stripes;black and white;abstract,brown;gray;black
10049,,eye;fire;red;abstract,red;brown
10050,,purple;blue;abstract;3d;blob,blue;purple;black
10051,,skull;giger;biomechanical;horror;dark,gray;black
10052,ADMIN,admin;small;red text;transparent,red;pink
10053,007,james bond;007;gun logo;small;black,gray;black;white
10054,Rules,rules;arrow down;small;purple,purple;pink
10055,Rules,rules;arrow up;small;purple,purple;pink
10056,,moon;eclipse;orange;yellow;gradient,yellow;orange;red
10057,,moon;eclipse;orange;gradient,orange;red;brown
10058,,moon;eclipse;psychedelic;pattern;blue,blue;purple;pink
10059,molix,moon;eclipse;green;text;molix,green
10060,molix,moon;eclipse;purple;text;molix,pink;purple
10061,,moon;eclipse;fire;orange,orange
10062,,moon;eclipse;abstract;blue;green,blue;black
10063,,moon;eclipse;digital;tech;blue,black;cyan;blue;gray
10064,,moon;eclipse;colorful;collage;abstract,pink;white;gray
10065,,logo;yellow;abstract;gradient,yellow
10066,,logo;blue;abstract;water,blue;black
10067,,logo;face;abstract;yellow;green,yellow;black;gold
10068,,logo;face;blue;abstract,cyan;blue;black
10069,,logo;face;light;gold;abstract,yellow;orange;brown
10070,Coma White,marilyn manson;coma white;eyes;face;makeup;band,white;gray
10071,,logo;blue;smoke;abstract,blue;black
10072,,logo;skin;texture;peach;abstract,orange;red
10073,,logo;teal;light;abstract,white;gray;black;green
10074,,logo;red;light;lines;abstract,gray;pink;red;black
10075,,logo;fire;orange;abstract,red
10076,,logo;blue;water;splash,cyan;blue
10077,,logo;purple;abstract;faded,blue;purple
10078,,logo;faces;collage;dark,black;red;brown
10079,,logo;face;eyes;creepy;horror,brown;white;yellow;orange
10080,,logo;eye;face;red eye;horror,brown;gold;black
10081,,small icon;cartoon;face;old man;beard,red;white;yellow
10082,,small icon;red eyes;dark;creature;blue,black;blue
10083,,small icon;gem;blue;jewel;oval,blue;black;gray
10084,,logo;fire;gold;abstract,brown;red;black
10085,,snoopy;peanuts;dog;cartoon;small icon,white
10086,communist,hammer and sickle;communism;soviet;ussr;red,red
10087,شذ,arabic;eyes;face;collage,orange;pink;white;gray
10088,شذ,arabic;gray;abstract;texture,gray;black
10089,شذ,arabic;brown;abstract;lines,gray;brown
10090,شذ,arabic;teal;collage;abstract,cyan;green;gray;brown
10091,شذ,arabic;nsfw;nude;breasts;skin;eye,brown;red;orange
10092,like to dream,arabic;dream;orange;yellow;script,red;brown;orange
10093,شذ,arabic;red;orange;gradient,red;orange
10094,شذ,arabic;face;eyes;collage,red;gray;white;pink
10095,شذ,arabic;flowers;red;collage,red;black
10096,شذ,arabic;eyes;face;woman;gold,brown;black;orange
10097,شذ,arabic;eyes;woman;face;blonde,brown;gray;orange
10098,شذ,arabic;red;star;sparkle,red;brown
10099,شذ,arabic;space;stars;dark,black;gray
10100,SinGrafix,sin grafix;film strip;gray;logo,gray;brown
10101,SinGrafix,sin grafix;eyes;face;brown;logo,brown;gray;black
10102,SinGrafix,sin grafix;brown;stripes;logo,red;brown
10104,SIN,sin grafix;face;glasses;gray;purple,gray
10105,Хлеб - Родине!,russian;soviet;propaganda;girl;cartoon,gray;yellow
10106,GARBO,garbo;greta garbo;face;eye;black and white,black;gray;white
10107,DAWN,dawn;face;woman;red;white,red;white
10108,THA SHIZNIT,shiznit;slang;blue;plain,blue
10110,POE The Pit and the Pendulum,edgar allan poe;the pit and the pendulum;literature;book;gothic,brown;blue;gray
10111,JAY-Z,jay-z;rapper;hip hop;music;white,white;gray
10112,girlfriend->,girlfriend;woman;figure;black;joke,black
10113,Got Weed?,weed;marijuana;got milk parody;black;drugs,black;gray
10115,spirit boss,cartoon;creature;white;plain;sketch,white
10123,SIN digiART,sin;digiart;green;abstract;logo,green;gray
10124,SIN digiART,sin;digiart;red;abstract;logo,red;white;gray
10125,SIN digiART,sin;digiart;blue;abstract;logo,blue;white;gray
10127,SIN digiART,sin;digiart;gold;gradient;logo,brown;yellow;orange
10128,SIN digiART,sin;digiart;purple;abstract;logo,purple;pink;white
10141,,eye;woman;face;headphones logo;gray,white;gray
10142,Best Served - [Baked],headphones logo;black and white;baked;weed,white;gray
10143,,woman;face;eye;photo;headphones logo,yellow;brown
10144,,eyes;face;psychedelic;colorful;headphones logo,white;blue;gray;red
10145,,face;lips;collage;headphones logo;dark,orange;brown;black
10146,,anime;eyes;face;final fantasy;gray,gray;white;brown
10147,,spaceship;space;blue;purple;sci-fi,blue;white;gray
10148,,lime green;cracks;abstract;gradient,green;black
10149,SIN Icons,sin icons;star;green;teal;gradient,green;cyan
10152,SIN Icons,sin icons;star;gold;gradient,yellow;orange;white
10154,INSTRUCT,instruct;woman;face;eyes;photo,gray
10171,UNIX,unix;computer;plain;dark blue,blue
10172,UNIX,unix;computer;blue;purple;abstract,blue
10173,UNIX,unix;computer;leaves;plant;green,green;black
10174,UNIX,unix;computer;dark;red;abstract,black;brown
10176,UNIX IT IS...,unix;computer;collage;abstract,red;white;gray;brown
10177,UNIX,unix;computer;eye;face;woman,blue;white
10178,,abstract;grunge;red;black;cream,black;orange;red;brown
10179,SABER,saber;tech;red;black;grunge,red;gray
10180,,checkered;abstract;red;black;eyes,gray;black;red
10181,,dark;orange;collage;abstract,brown;orange;black
10182,,alien;eyes;green;face;sci-fi,gray;green
10183,,star logo;blue;abstract;light,cyan;black;blue
10184,,star logo;baby;face;eyes,brown;orange
10186,,star logo;moon;dark;orange;building,black;orange;red
10187,,star logo;pattern;dark;gold,black;yellow;gold
10188,,eyes;face;glowing eyes;blue;creepy,white;gray;cyan
10189,death is just the end of all illusions,death;quote;dark;gray;grunge,gray;black
10190,,eye;face;blue;collage;tech,blue;white
10192,Better living thru chemistry,chemistry;molecule;science;drugs;blue,blue;black;gray
10193,,desert;landscape;sky;blue;photo,blue;gray;brown
10194,,eye;face;collage;tech;green,gray;black;cyan
10195,,eye;gear;orange;green;abstract,gray
10197,Dementia,dementia;grunge;gold;abstract,brown;black;gray
10198,,face;dark;collage;red,black;brown;orange
10199,Sin Grafix,sin grafix;logo;gray;beige,white
10200,1 digital madness,s logo;green;orange;gradient,green;orange;yellow
10202,,s logo;blue;abstract;gray,gray;blue
10203,,p logo;skin;face;dark;photo,brown;red;black
10204,,p logo;black and white;body;photo,gray;white
10205,,p logo;face;black and white;photo,gray;black;white
10206,,woman;face;grunge;orange;photo,red;black;orange
10207,,eye;face;closeup;photo;orange,orange;brown;red
10208,,eyes;face;blue;glitch;dark,black;cyan
10209,SPEAR,spear;collage;grunge;yellow;green,yellow;gray;gold;green
10210,from the,teal;abstract;grunge;script,cyan;gray
10213,,eyes;monster;green;creature;yellow eyes,green;white;brown
10214,,eyes;woman;face;red;gradient,red;white
10215,,eyes;woman;face;dark;gradient,black;white;gray;red
10216,,eyes;woman;face;makeup;dark,black;red
10217,,face;faded;gray;photo,gray;brown
10218,,eyes;face;painted;colorful,brown;red;gray
10219,,eyes;red eye;face;cyborg;red,gray;pink;white;red
10220,,eyes;woman;face;photo;green,gray;brown;green
10222,Extermen,eyes;face;purple;blue;extermen,gray;white
10223,Sin,sin;eye;face;blue;gray,gray;blue
10224,,eyes;face;black and white;dark,gray;black
10225,,eyes;face;blue;tech,blue;cyan;black
10226,,woman;face;hair;photo;eyes closed,brown;red;gray
10227,,eyes;face;dark;photo,black
10228,,cyborg;robot;face;red eyes;sci-fi,gray;black
10229,,woman;face;fantasy;painting;gray,gray
10230,,sci-fi;tech;blue;lights,blue;red;gray
10231,,face;photo;skin;orange,brown;orange
10232,,dark;brown;abstract;faces,brown;black;red
10233,,eyes;face;sunset;green eyes;dark,gray;black;brown
10234,sd,face;blue;woman;eyes closed;painting,blue;gray
10235,,s logo;woman;blonde;orange;photo,orange;white
10278,kubrick,stanley kubrick;director;movie;face;eyes;tv,white;gray
10279,kubrick.,stanley kubrick;director;movie;tv;black and white,white;gray
10280,Skunk,marijuana;weed;pot leaf;cannabis;green,white;green;gray
10281,Baked,marijuana;weed;pot leaf;cannabis;yellow,orange;yellow
10326,,ruler;measure;numbers;eye;gray,white;gray
10327,鮮魷,chinese;squid;spiral;orange,orange
10328,,eye;lightning;map;terrain;closeup,gray
10361,,fish;ichthys;logo;blue;gradient,blue
10406,,logo;face;dark;teal;creepy,cyan;blue
10407,,anime;girl;face;wink;blue;green,blue;green;gray
10408,,logo;green;gradient;plain,green;black
10409,,logo;purple;gradient;plain,purple
10410,精神位置的生産者,chinese;japanese;kanji;white;gray,white
10411,,coffee;mug;albert einstein;face;gray,gray;white
10412,gerk identd,coffee;mug;gray;gradient;terminal,gray;white;green
10413,,coffee;mug;eyes;green eyes;blue,blue;gray;white
10414,UNIX,coffee;mug;unix;gray;gradient,white;gray
10415,cafelinux hx,coffee;mug;linux;gray;gradient,white;gray
10526,RECEIVER,receiver;leaves;dark;industrial;grunge,gray;black;brown
10528,porn,porn;star;dallas cowboys parody;blue;nsfw,blue;black
10529,,eyes;face;black and white;spider;creepy,gray;white;black
10530,GET YOUR DAMN CURSOR OFF ME!!!,cursor;joke;funny;gray;plain,white
10590,1 2 3 9,mta;new york subway;nyc;train;subway lines,gray;red
10591,N R Q W,mta;new york subway;nyc;train;subway lines,gray;gold
10593,J M Z,mta;new york subway;nyc;train;subway lines,gray;brown
10597,7 G L,mta;new york subway;nyc;train;subway lines,gray
10598,4 5 6,mta;new york subway;nyc;train;subway lines,gray;green
10599,B D F Q,mta;new york subway;nyc;train;subway lines,gray;brown
10600,A C E,mta;new york subway;nyc;train;subway lines,gray;blue
10602,,gargoyle;statue;gothic;gray;blue,white;gray;blue
10603,,gargoyle;statue;face;gothic;blue,white;blue
10604,,city;skyline;dark blue;texture,blue
10605,,city;skyline;dark blue;night,blue;gray
10607,,trees;branches;blue;gray;faded,blue;gray
10608,,blue;white;abstract;light,blue;white
10609,,blue;purple;interface;pixel;gradient,gray;blue
10610,,blue;abstract;fractal;gradient,blue
10611,,blue;abstract;fractal;light,white;blue
10612,,blue;dark;abstract;light,blue;black
10614,,blue;dark;fractal;abstract,blue
10615,,blue;stripes;fractal;dark,black;blue
10616,,white;plain;mesh;gray;blank,white
10617,,white;mesh;globe;plain;faded,white
10618,,gray;metallic;chrome;gradient,gray;white
10619,,gray;metallic;texture;abstract,gray
10620,,beige;gray;blur;abstract,gray;brown;yellow;white
10621,,stripes;gold;brown;fractal;abstract,white;brown
10622,,gold;fractal;abstract;gradient,yellow;brown;orange
10623,,gold;cream;abstract;gradient,yellow;brown;white
10624,,gold;fractal;abstract;orange,brown;orange
10625,,gold;dark;fractal;abstract,black;brown
10626,,pink;abstract;texture;soft,pink;white
10627,,pink;magenta;interface;abstract,pink
10628,,pink;purple;abstract;gradient,pink;purple
10629,,pink;abstract;shards;white,white;pink;gray
10630,,pink;abstract;texture;faded,pink
10631,,pink;purple;black;abstract,pink;black
10632,,gray;white;faded;abstract,white;gray
10633,,gray;white;tech;interface;abstract,white;gray
10634,,gray;tech;interface;machine,gray;white
10635,,gray;metallic;abstract;diagonal,gray;white
10636,,gray;white;tech;faded,white;gray
10637,,gray;black;gradient;metallic,white;black;gray
10638,,gray;grid;gradient;tech,gray;white
10639,S,gray;tech;interface;s logo,white;gray
10640,,gray;tech;interface;machine,gray;white
10993,envy,seven deadly sins;envy;sin;teal;logo,cyan;gray
10994,greed,seven deadly sins;greed;sin;green;logo,green
10995,gluttony,seven deadly sins;gluttony;sin;orange;logo,orange;brown
10996,lust,seven deadly sins;lust;sin;pink;logo,pink
10997,pride,seven deadly sins;pride;sin;purple;logo,pink
10998,sloth,seven deadly sins;sloth;sin;blue;logo,blue
10999,wrath,seven deadly sins;wrath;sin;red;logo,red;pink
11000,Anime,anime;abstract;orange;green;logo,brown;red
11001,SiN,anime;face;character;teal;sin,cyan;gray
11002,SiN,anime;eyes;face;light blue;sin,cyan;blue;green
11003,SiN,anime;girl;face;eyes;sin,blue;gray;pink
11004,SiN,anime;face;eyes;character;sin,blue;gray;pink
11005,NAVEN Orbital,naven;orbital;tech;black;blue,gray;blue;black;white
11006,SiN,anime;face;eyes;character;sin,blue;red;gray
11007,SiN,anime;character;blue;sin,blue;gray;cyan
11008,SiN,anime;character;eyes;red;sin,gray;brown
11009,SiN,anime;face;eyes;character;sin,gray;brown;white
11010,SiN,anime;evangelion;nerv;kaworu;face;sin,gray;blue
11011,SiN,anime;face;eyes;character;sin,gray;white
11012,SiN,anime;cartoon;character;dark;sin,gray;black;red
11013,SiN,anime;robot;mecha;green;sin,gray;white;green;black
11014,SiN,anime;face;eyes;blue;sin,blue;gray
11015,SiN Gundam,gundam;anime;mecha;dark;sin,gray;black
11016,SiN Cowboy Bebop,cowboy bebop;anime;red;sin,red;black
11017,SiN,anime;face;eyes;red hair;sin,red;brown;orange
11018,SiN Tenchi Muyo!,tenchi muyo;anime;face;eyes;sin,gray;black;blue
11019,SiN,anime;yellow;cartoon;sin,yellow;gold
11020,Blackjax,blackjax;pixel art;lightning;black;red,black;gray
11021,,anime;eyes;explosion;colorful,blue;white;gray
11022,,anime;woman;face;eyes;brown,black;brown
11023,,anime;woman;face;swirls;gray,gray;white;orange
11024,Garnet,garnet;final fantasy;anime;woman;dark,blue;black
11025,ANGEL,angel;anime;face;purple;pixel,purple;white;cyan
11026,Gangrel,gangrel;vampire;skull;red;dark,red;black;gray
11027,Archangel,archangel;gray;metallic;glitch,gray
11028,,woman;red hair;face;eye;painting,black;brown;red
11029,,woman;red hair;face;painting;fantasy,red;green;brown
11030,,woman;face;roses;flowers;painting,brown;orange
11031,Keroppi,keroppi;sanrio;frog;cute;green,green;black
11032,Hello Kitty,hello kitty;sanrio;cat;cute;yellow,gold;black
11033,Chococat,chococat;sanrio;cat;cute;red,red;brown
11034,Badtz-Maru,badtz-maru;sanrio;penguin;cute;blue,blue;black
11035,spndertown,black;plain;dark;text,black;gray
11036,Zero,zero;anime;character;red;pixel,red;pink;orange
11037,Admin,admin;skull;black and white;gradient,black;white;gray
11038,OmeBa,omeba;cartoon;creature;purple;swirl,purple
11039,Kane,kane;face;eye;red;dark,red;brown;orange;black
11040,MacOS 8.1,mac os;apple;classic mac;finder;computer,white;blue
11041,Quicksilver,quicksilver;face;pixel art;blue,blue;white;gray
11042,Total Gamez,total gamez;games;characters;collage,gray;brown
11043,Avara,avara;game;mac game;pixel art;gray,white;gray
11044,TYCHO,tycho;yellow;red;gradient,yellow;red;black;gold
11045,Ryzme,ryzme;green;red;pixel,black;white;gray
11046,Wiggy,wiggy;gray;black and white;pixel,gray;white
11047,Legion,legion;pentagram;black and white;red,gray;white;black;red
11048,Perpetual Motion Man,perpetual motion man;lines;white;gray;abstract,gray;white;pink
11049,Spart SPART,spart;sword;knife;orange;pixel,red;orange;gray
11050,ResExcellence,resexcellence;mac os;finder;pixel art;character,white;blue
11051,ARMADILLO,armadillo;alien;black;green text,black;green;gray
11052,,red;black;dark;glow,black;red
11053,,saw blade;blood;red;white,white;gray;red
11054,Unholy,unholy;apple;rainbow apple;mac;small icons,white
11055,,eyes;woman;face;cat;photo,blue;brown;black;gray
11056,SONY ES,sony;logo;brand;black and white;gradient,gray;white;black
11057,Yar,anime;character;red;flowers,black;red
11058,Robert MGG CB Dark Offal,dark offal;robert;face;dark;pixel,black;gray;brown;red
11059,Franky おたく,otaku;japanese;eyes;face;franky,gray;brown;pink;orange
11060,NOWHERE MAN,nowhere man;beatles;face;black and white;gradient,white;gray;black
11061,,anime;characters;collage;cartoon,red;white;gray
11062,The Files,x-files;tv show;black;alien,black;gray
11063,YAP YAP!,yap yap;toilet paper;coins;colorful;teal,cyan;gray;red
11064,,moon;purple;pink;abstract,pink;blue
11065,prodigy,prodigy;blue;plain;interface,blue
11066,Reflect,reflect;anime;face;eyes;blue,blue;black
11067,Jabba,jabba;anime;face;sketch;white,white;gray
11069,Yeeb G3 PowerPC,powerpc;g3;mac os;apple;finder,pink;white;gray
11070,ZEOLITE,zeolite;green;plant;dark,black;green
11071,M@N@,mana;blue;pattern;figure,blue
11072,,gray;black;metallic;tech,gray;black
11073,Dave Lister,dave lister;red dwarf;tv show;gray,gray;white
11074,女神 Engel,goddess;japanese;anime;eyes;face,white;pink;purple;gray
11075,,eyes;face;photo;closeup;dark,red;black;gray
11076,Valvoline,valvoline;logo;brand;motor oil;red;blue,white;blue;pink
11077,Pretense...,pretense;blue;purple;gradient;pattern,blue;gray;white
11078,3dman,3dman;red;white;graffiti,white;red
11079,,barcode;black and white;lines,white;gray
11080,Cyberdog 3.0,cyberdog;apple;browser;green;barcode,green;black
11081,,powerpuff girls;blossom;cartoon;cartoon network;red,red;brown;white
11082,,powerpuff girls;bubbles;cartoon;cartoon network;blue,blue;white
11083,,powerpuff girls;buttercup;cartoon;cartoon network;green,green;white
11084,MacOS 8.5,mac os;apple;finder;classic mac;computer,blue;cyan;white
11085,Sklor,alien;green;bubbles;sklor,green;gray
11086,,gun;rifle;ak-47;fire;red,red
11087,Spiker,spiker;blue;electric;pixel,blue;black;gray
11088,,pattern;pink;purple;thin,white;pink;red
11089,SkullMac SkullMac,skullmac;skull;mac;black;gray,gray;black
11090,,red text;blue;stylized;wavy,red;blue;pink
11091,CC 73,cartoon;bear;yellow;blue;pixel,blue;orange;yellow
11092,,pixel art;character;fantasy;blue;face,blue
11093,,pink;gradient;name tag;pixel,gray;white;pink
11094,Gamez,gamez;games;black;yellow;pixel,gray;black;white
11095,R4,red orb;teal;tech;black,black;gray;white;cyan
11096,Doppelganger,doppelganger;eclipse;moon;black;red,black;gray
11097,EDGE,edge;lightning;rainbow;abstract,blue;green;white
11098,,anime;face;eyes;gray;teal,gray;white;cyan
11099,NT Swerver,windows nt;server;joke;white,white;gray
11100,Op. Storax,radioactive;nuclear;hazard;gray;clouds,gray;white;red
11101,Cyth,cyth;apple;rainbow apple;mac;blue,blue;white
11102,Baby spicegirls.ukonline.co.uk,spice girls;baby spice;emma bunton;woman;band;pink,white;pink;gray
11103,LiL Playa,lil playa;mushroom;mario;blue;green,blue;cyan;gray
11104,Janus,janus;black;gray;gradient,gray;white
11105,Junior BELLSOUTH,south park;kenny;bellsouth;cartoon;blue,cyan;blue
11106,KrazyFool,krazyfool;cartoon;yellow;blue,gray;blue;white
11107,Polar Bear,polar bear;fairy;angel;pink;cartoon,white;pink
11108,,skull;crossbones;eyes;red;black,red;white;black
11109,BTS,hand;thumbs up;apple;cartoon;white,white;blue
11110,adidas adidas soccer,adidas;soccer;logo;brand;sports;black,gray;black
11111,GoatGuy,goat;apple;rainbow apple;mac;red,white;black;gray;red
11112,NixHex,nixhex;purple;blue;logo,white;blue
11113,Khas MIDGAR,midgar;final fantasy;final fantasy vii;rainbow;dark,black;brown
11114,cheshire cat,cheshire cat;alice in wonderland;disney;cat;yellow,gold;yellow
11115,root Canal,root canal;apple;yellow;pattern,gold;yellow;gray
11116,ARCHANGEL,archangel;blue;electric;pixel,blue;white
11117,MINDFRAMES,mindframes;green;texture;slime,green;black
11118,FUNGUS,fungus;green;texture;slime,green;black
11119,APHID,aphid;green;texture;slime,green;black
11120,,smiley;purple;anime;character;gradient,white;gray;black
11121,FRENCHY,frenchy;france;french flag;gold;gradient,brown;black;blue;red
11122,2019 DOBERMANN,dobermann;japanese;black;yellow;tech,black;gray
11123,RaceR,racer;eyes;woman;face;yellow,gray;black;brown;red
11124,The Guardian of Midgar,final fantasy;midgar;anime;eyes;face,gray;white;cyan
11125,DangerMouse,danger mouse;cartoon;mouse;white;pixel,white;gray
11126,,rainbow;space;light;dark;abstract,gray;red;brown;pink
11127,,orange;gradient;dark;face,brown;black;red;yellow
11128,,collage;stars;blue;red;white,white;blue;gray
11129,HiRolla Got Skrilla?,money;skrilla;hip hop;got milk parody;black,black;gray
11130,DogbertJG,dogbert;dilbert;comic;dog;gray,gray;white
11131,Lars Horris,lars horris;face;man;candle;black,black;gray;white
11132,Tech,tech;pink;yellow;pixel;creature,pink;yellow;black
11133,Leadfeather,leadfeather;black and white;grunge;face,gray;white
11134,Legolas,legolas;lord of the rings;blue;gradient,blue;white
11135,MacOS BTS,mac os;apple;cable;mouse;blue,blue;gray;white;purple
11136,NiGhTmArE,nightmare;skull;fire;red;horror,gray;red;black
11137,BeNeXT,benext;blue;pattern;tech,blue
11138,Editman,editman;brown;texture;purple,brown;gray
11139,fuel FUEL,fuel;face;man;red;dark,black;gray;red
11140,CULT,cult;skull;crossbones;blue;red,blue;purple;pink
11141,Rain 雨,rain;face;gray;japanese;ninja,gray
11142,Turtle TURTLE,turtle;shell;mario;green;black,gray;black;green
11143,jade SpiceGirls,spice girls;band;woman;eyes;female symbol,red;blue;cyan;black
11144,BTS RockHopper Specialized,specialized;rockhopper;bike;mountain bike;red,gray;white
11145,Goku DragonBallZ,dragon ball z;goku;anime;green;black,black;green
11146,hell inside Tino Tino =),tino;collage;computer;globe;red,red;gray;cyan
11147,KUNIKLO,kuniklo;grunge;orange;black,orange;white;yellow;brown
11148,Soulkeep Soulkeep,soulkeep;skull;lightning;blue;red,blue;gray;black
11149,KoRn ResclowN,korn;band;metal;face;black,black;gold
11150,MANCUERNA,mancuerna;green;dark;text,black;green
11151,The King of Fighters 99,king of fighters;snk;fighting game;anime;woman,orange;red;brown
11152,thalitha,thalitha;light;lens flare;dark;space,black;gray
11153,MSTEELE,msteele;light blue;pattern;plain,blue
11154,CONSOLE,console;anarchy;red;gray;gradient,gray;white;red
11155,HomeyG3 Homey,homey;magnifying glass;blue;red;pattern,blue
11156,XENA Cap'n Hack CATS,xena;cats;faces;collage;eyes,gray;black
11157,dax,dax;brown;texture;abstract,brown;red;gray
11158,THE DEZRO,dezro;yellow;black;cartoon,yellow;gold;black
11159,Nova,nova;red;black;demon;face,black;gray;red
11160,Bartman007,the simpsons;bart simpson;bartman;cartoon;light blue,cyan;gray;white;blue
11161,CONDOR,condor;smile;dark;gray;creepy,gray
11162,Shadow,shadow;face;dark;green;red,green;black
11163,,brown;texture;rock;red,orange;brown
11164,マラ Joanne,joanne;anime;girl;wink;japanese,cyan;white;gray
11165,PB G3 ADSL,apple;powerbook;g3;adsl;black,black;white
11166,rife,rife;anime;character;face;blue,blue;white;brown
11167,,anime;eyes;blue;face;character,gray;blue;black
11168,Media,media;fire;sparks;orange;numbers,red;orange;gray;brown
11169,Mr.E,mr.e;japanese;katakana;anime;orange,white;orange;gray
11170,Citan Uzuki,xenogears;citan uzuki;anime;video game;face,gray;white;black;orange
11171,TAP TAP,tap;apple;black and white;gradient,gray;black;white
11172,Yos,anime;face;character;black,gray;black;white
11173,[mf] swoosh Molto Allegro,molto allegro;mac os;finder;black;music,gray;white;black
11174,GOKU,dragon ball z;goku;anime;super saiyan,gray;brown
11175,GOHAN,dragon ball z;gohan;anime;super saiyan,gray;brown
11176,GOGETA,dragon ball z;gogeta;anime;super saiyan,gray;blue;white
11177,Big Pete,big pete;face;black;red text,black;gray;white
11178,VEGETA,dragon ball z;vegeta;anime;super saiyan;purple,pink
11179,TRUNKS,dragon ball z;trunks;anime;yellow,yellow;orange;white;brown
11180,TIEN,dragon ball z;tien;anime;third eye;dark,red;gray;brown;black
11181,PICCOLO,dragon ball z;piccolo;anime;green,gray;green;yellow
11182,,preacher;comic;man;face;faded,gray;pink;red
11183,PREACHER,preacher;comic;eyes;face,gray;orange
11184,PREACHER,preacher;comic;eyes;face;faded,gray;pink
11185,,anime;face;eyes;purple;faded,gray;pink;brown
11186,,dragon ball z;super saiyan;anime;orange,white;brown;orange;yellow
11187,Hiroshima,hiroshima;radioactive;nuclear;fire;black,black;orange;white
11188,,evangelion;rei ayanami;anime;face;blue,blue;white
11189,TABRIS,evangelion;tabris;kaworu;rei ayanami;anime,blue;gray
11190,masumane,masumane;anime;red;yellow,red;black
11191,Omni G3 Omni,omni;g3;blue;pattern;green,blue
11192,Lightning-SH,lightning;electric;black;white,black;gray
11193,METALLICA RULES,metallica;band;metal;red;ninja star,red;brown
11194,,eye;checkered;black and white;gradient,gray;white;black
11195,Magus Magus,magus;anime;girl;blue hair;white,white;gray
11196,Polyclef,polyclef;eyes;green;dark,gray;green
11197,secular SECULAR,secular;space;stars;green text,gray;blue;black;green
11198,.mp3,mp3;music;gun;playboy bunny;tech,gray;black;red;green
11199,Max Think different.,apple;think different;rainbow apple;mac;black,black;gray
11200,Unit-00,evangelion;unit-00;eva;mecha;anime;blue,gray;blue
11201,,evangelion;unit-00;rei ayanami;mecha;anime,gray;blue
11202,,evangelion;rei ayanami;anime;red eyes;blue,gray;blue
11203,Rei,evangelion;rei ayanami;anime;blue hair,gray;blue;white
11204,,anime;characters;green;collage,black;white;gold
11205,THA-BOT,anime;girl;pink hair;black;bot,blue;pink;gray
11206,Unit-02,evangelion;unit-02;eva;mecha;anime;red,red;brown;white;gray
11207,,evangelion;unit-02;mecha;anime;red,red;brown
11208,,evangelion;asuka;anime;red,red;brown;gray
11209,Asuka,evangelion;asuka;anime;red;girl,gray;orange;brown;red
11210,BTS World Ride Web,world ride web;eye;bike;white;logo,white;gray
11211,,anime;face;character;blue;dark,gray;black;blue;white
11212,TYcho,tycho;red;black;interface;sun,black;gray;red
11213,Silky J,silky j;playboy bunny;gun;red;black,red;black;gray
11215,EarthQuake,earthquake;black;dark;eyes,black;gray
11216,Twisp DON'T WORRY BE COOL,twisp;purple;pixel art;cool,pink
11217,TwisTa KoRn,korn;band;metal;camouflage;yellow,black;gold
11218,Trunks DragonBallZ,dragon ball z;trunks;anime;orange,red;orange;white;brown
11219,,faces;collage;man;blue;red,blue
11220,,playboy bunny;gun;car;blue;green,blue;gray;cyan
11221,space cadet,space cadet;rocket;space;planet;purple,blue;purple;cyan;gray
11222,myth,myth;bungie;game;skull;green,white;gray;black
11223,BlackKnight offals,black knight;wheel;black;dark,gray;black
11224,Attaboy Skip,attaboy skip;yellow;swirl;pattern,gold;yellow
11225,BlackJack BlackJack,blackjack;cards;gambling;red;black,gray;black;red
11226,ANTHRAX intel,anthrax;intel;logo;red;white,white;pink
11227,18,nascar;race car;racing;18;green,green
11228,Beatle's Stuff,beatles;band;red;gradient;dark,red;black;blue
11229,Alien Venom,alien;face;green;dark;sci-fi,black;green;gray
11230,NGE,evangelion;rei ayanami;anime;eyes;red eyes,blue;white
11231,,race car;formula 1;car;collage;sports,gray;blue
11232,Trojan horse,trojan horse;horse;black;white,black;white
11233,EMMA,emma;purple;light;abstract,white;gray;pink;purple
11234,ManX,manx;black and white;colorful;pixel,gray;white;orange;red
11235,Cat Catrina,catrina;gray;black;pixel,gray;black;white
11236,Minotaur Minotaur,minotaur;apple;rainbow apple;space;blue,blue;white;gray;purple
11237,Bliss,bliss;eyes;anime;blue;light blue,white;blue
11238,APB,apb;green;black;red,black;pink;green;red
11239,Pooch POOCH,pooch;apple;blue;gray;gradient,gray;blue;red;black
11240,UltraTwisT,ultratwist;character;apple;blue;pixel,blue;gray
11241,OCarthO,skull;heartbeat;black;green;purple,green;black;gray;purple
11242,,black;yellow;stripes;creature,black;gold;yellow
11243,Ribbonit,green;texture;red text;abstract,green;black
11244,DANGER,danger;lightning;blue;green;pixel,gray;black;green;red
11245,Misato,evangelion;misato;anime;face;light blue,blue;brown;orange
11246,Eriptor,eriptor;apple;orange;black;pixel,gray;black;white
11247,dutch WEB,dutch;web;blue;white;gradient,blue;white
11248,SHAPER,shaper;black;gold;dark,black;white
11249,¡RETRO! Think Infinite,retro;purple;music;think,purple;white
11250,Supercobra Supercobra,supercobra;red ball;gray;gradient,gray;white
11252,The King of Fighters 99 Goku19,king of fighters;snk;fighting game;anime;characters,gray;white
11253,Fei,xenogears;fei;anime;face;gray,gray;white
11254,,anime;girl;flowers;pink;face,white;pink;red;orange
11255,Asuka,evangelion;asuka;anime;white;gradient,white;gray;red
11257,,cartoon;robber;mask;orange;car,orange
11258,Unit-01,evangelion;unit-01;eva;mecha;anime;purple,pink;purple;gray;black
11259,,evangelion;unit-01;mecha;anime;purple,purple;gray;black;pink
11260,,evangelion;shinji;anime;unit-01;face,gray;purple;brown
11261,Shinji,evangelion;shinji;anime;eyes;face,gray;orange
11262,,evangelion;rei ayanami;anime;eyes;red eyes,blue;white;gray;black
11263,,evangelion;shinji;anime;eyes;face,orange;gray
11264,,evangelion;asuka;anime;eyes;face,red;gray;orange;brown
11265,PRIMUS,primus;band;boat;ship;blue,blue
11266,Metallica,metallica;band;metal;purple;black,blue;black;gray
11267,Mad Max,mad max;radioactive;nuclear;movie;yellow,gray;pink;red
11268,Father Goose The Honker,father goose;honker;gray;red text,gray;gold
11269,xnetwork,xnetwork;black and white;net;gradient,gray;white;black
11271,Astro the Space Duck,space duck;psychedelic;cartoon;black,black;green
11272,Daisuke,daisuke;brown;steampunk;machine,brown;gray;black
11273,キース Cloud,anime;girl;purple hair;red eyes;japanese,blue;white;purple
11274,ミさん,japanese;anime;face;eyes;black,gray;black;white
11275,Lord Tenchi,tenchi muyo;triforce;zelda;anime;black,black;gray;red
11276,SLOWER TRAFFIC,wheelchair;handicap;joke;sign;blue,blue
11277,grade-1,skull;gear;blue;gradient,blue;white;gray
11278,,icons;smiley;black;colorful;bar,white;black;gray
11279,CyberCzar CYBERCZAR,cyberczar;globe;blue;tech,gray;blue
11280,Zombi,zombie;blue;teal;texture,blue;cyan;black
11281,,demon;devil;pentagram;cross;pink,pink;red
11282,POPE SoSueMe Neo,pope;sosueme;rainbow;colorful;gradient,white;gray;green
11283,WhoMe,question mark;black;yellow;blue;stripes,black;gold
11284,Samus SAMUS ARAN,metroid;samus aran;nintendo;video game;black,black;red;gray
11285,BJC,rainbow;black;pixel;wave,black
11286,Cam APPLECAM,apple;rainbow apple;camera;blue;gradient,gray;blue
11287,,black;dark;red;pattern,black;red;brown
11288,Canyon CANYON,canyon;fire;orange;red,brown;red;orange;gray
11289,,apple;finder;mac os;gold;clouds,white;blue;brown
11290,BrSw,woman;eyes;face;black;dark,black;gray;brown;white
11291,cool Think Cool,think different parody;apple;finder;mac;black,black;white;gray
11292,Coyote Prime,coyote prime;apple;gray;blue text,gray;blue
11293,Death Noodle,death noodle;black;red text;dark,black;red
11294,DMo DMo,dmo;psychedelic;colorful;abstract,gray;blue
11295,Dr. Fate DR. FATE,dr. fate;dc comics;red;orange;pattern,brown;red;black
11296,Sublime,sublime;band;flowers;pink;black,black;brown;pink
11297,,atom;face;man;black;science,gray;black
11298,Firefall FS,firefall;red eyes;green;gradient,black;gray;green
11299,Copeland,copeland;mac os;white;black,white;gray
11300,freaky FREAKY,freaky;black and white;gradient;gray,gray;white
11301,,frog;anime;girl;face;green,gray;green
11302,G3SAM,apple;g3;hexagons;blue;white,white;gray;blue;cyan
11303,GAMBIT,gambit;x-men;marvel;comic;red,red;white
11304,LEXX,lexx;tv show;sci-fi;gray;red,gray;white;red
11305,Think Different,apple;think different;rainbow apple;car;purple,blue;purple
11306,Java,java;black;gray;pixel,gray;black
11307,Jodo Kast,star wars;jodo kast;bounty hunter;mandalorian;brown,brown;gray;red
11308,Kaneda LANarchists of Vegas,akira;kaneda;anime;lan;gray,gray;red
11309,Robyn ROBYN,robyn;red;orange;gradient,red;black;brown
11310,Jade,eyes;green;face;creepy;jade,green;gray;black
11311,Cyberwave,cyberwave;blue;red;pattern,blue;white;gray
11312,Airling,airling;eye;face;sparkle;gold,brown;gray
11313,AB,cat;green;gradient;black,green;black
11314,Astro the Space Duck Kwax,space duck;rainbow;purple;psychedelic,black;green;pink
11315,BaByGiRL,babygirl;purple;pink;text,purple
11316,Budweiser,budweiser;beer;american flag;usa;stars,orange;gray;gold
11317,Aeris,final fantasy vii;aeris;aerith;anime;blonde,gray;white;blue
11318,spyder,spyder;apple;rainbow apple;green;gradient,green;black
11319,,eye;red eye;dark;creepy;yellow,black;brown
11320,Reason Sigurd,sigurd;xenogears;anime;face;gray,gray
11321,Kiyone,tenchi muyo;kiyone;anime;girl;blue,white;gray;yellow
11322,G3,g3;magnifying glass;lightning;blue;purple,blue;gray;pink
11323,,lightning;face;black;dark,gray;black
11324,BUNGIE G3 man Think different.,bungie;apple;think different;rainbow apple;black,gray;black
11325,,blue;sparkle;pattern;glitter,blue;white
11326,Kamikaze,kamikaze;red eyes;dark;orange;gradient,red;black;pink
11327,STARCRAFT,starcraft;blizzard;video game;red;black,black;pink;red
11328,MacMan Think different.,apple;think different;finder;mac os;teal,cyan
11329,,pac-man;video game;retro;yellow;pixel,white;black;gold
11331,,transformers;autobot;logo;cyan;green,cyan;green
11332,,dog;cartoon;white;gray;gradient,white;gray
11333,,transformers;decepticon;logo;purple;robot,pink;gray
11334,rossco,woman;red hair;pin-up;yellow;illustration,white;red;orange
11335,QaJuRRiA QaJ4XoR,qajurria;black;red;gradient,black;red;gray
11336,Luke,luke;anime;character;space;green,black;green
11337,,anime;character;stripes;black and white;gun,gray;black;white
11338,Fox,fox;black;white;plain,gray;black;white
11339,iMacMan Neo,imac;apple;teal;blue;computer,cyan;white
11340,MC,heart;woman;face;eyes;black and white,gray;white;black
11342,,anime;man;face;explosion;white,white;blue;orange
11343,koopa,skull;crossbones;koopa;red;white,white;red
11344,マーク TWIZ,anime;girl;face;japanese;white,white;gray
11345,ZapfChance,zapfchance;font;arrow;black and white,gray;white
11346,,collage;gray;green;abstract,gray
11347,VhD,anime;face;black and white;sketch,white;gray;black
11348,Zell,final fantasy viii;zell;anime;purple;cyan,purple;cyan
11349,Woods,cow;cartoon;faces;white;black,white;black;gray
11350,MISFITS,misfits;band;punk;skull;green,green;black
11351,Bansaku,bansaku;mac os;finder;anime;dark,gray;black;brown
11352,,anime;girl;face;eyes;gray,gray;black;white;brown
11353,208 Benington,checkered flag;race car;formula 1;racing;red,blue;gray;white;black
11354,Entil'Zha,babylon 5;entil'zha;eye;red;sci-fi,gray;black;red
11355,Phauwn BOP,phauwn;spaceship;black;green,black;gray;green
11356,Skittles,skittles;candy;triangle;blue;pink,blue;gray
11359,TOT TOT,tot;eyes;face;black and white,gray;black
11360,007 mgjbond007 MACSRULE,james bond;007;mac;blue;gradient,blue
11364,PanaKent,mega man;megaman;capcom;video game;blue,blue;red
11365,I love Chicks,gun;heart;chicks;purple;light blue,blue
11366,mic.,mic;heart;purple;gradient,blue;purple
11367,LLAmat,match;fire;red;orange;gradient,orange;red;yellow
11368,fat_ph,fat ph;brown;texture;grunge,gray
11369,SONY,sony;logo;brand;speaker;white,white;gray
11370,TwisTa,twista;swirl;gray;red;abstract,gray;red;white
11371,Seid ihr der Stier,german;blue;script;navy,blue
11373,,gray;white;plain;small image,white;gray
11374,Vital Dema,binary;numbers;code;black and white;red,gray;white;black
11375,MP3 OmniBoffo,mp3;music;light blue;pink;faded,white;blue
11376,$N ButtaFuco $aucy Nomads,saucy nomads;gun;gray;black,gray;white
11377,Bliz Vitality,evangelion;rei ayanami;anime;red eyes;brown,brown;gray
11378,BlackKnight offals,black knight;wheel;gray;dark,gray;red;black
11379,BigMike BigMike,bigmike;green;black;camouflage,green;black
11380,*MDK*,mdk;anime;man;face;white,white;brown
11381,"Damnit, Jim!! NCC1701",star trek;ncc-1701;enterprise;starfleet;gray,gray;white
11382,$N Yellow Man ($N) $aucy Nomads,saucy nomads;yellow;figure;pixel,yellow;blue;gold
11383,,white;blue;lightning;plain;faded,white;blue
11384,OMR Omega,omega;blue;red;plain,blue
11385,surf.to/jcweb,keroppi;frog;green;gradient;website,green
11386,,face;gray;collage;dark,gray;black
11387,GENERAL,gimp;wilber;circuit board;green;general,gray;black;white;green
11389,,anime;face;eye;orange hair;blue,gray;brown;blue
11390,Sakura,sakura;anime;face;gray;gradient,gray;white;brown
11391,Razor Edge Razor Edge,razor edge;fire;black;orange,black;gray;brown
11392,,transformers;decepticon;purple;robot;gradient,pink;gray
11393,Senomi,senomi;lightning;black and white;gradient,gray;black;white
11394,Stuporman,superman parody;stuporman;pixel;icons;white,white;gray
11395,bloodbeard,bloodbeard;black;white;pirate,black;gray;white
11396,Vegitto ベジット DragonBallZ,dragon ball z;vegito;anime;red;japanese,red;black
11397,Cid,final fantasy;cid;anime;face;blue,blue;white
11398,Trojn,anarchy;red eyes;black;red,red;black
11399,$N White Lightning ($N) $aucy Nomads,saucy nomads;lightning;blue;navy,blue
11400,Zaphod ($N) ZAPHOD,zaphod;hitchhiker's guide;fish;blue;saucy nomads,blue;gray;cyan
11402,,eyes;face;photo;colored eyes;gray,gray;white
11403,Kanja,kanja;anime;sword;red;pixel,red;gray
11404,AxsMac,skull;green;gradient;mac,green;red;black
11405,Nazrack,nazrack;galaxy;space;purple;blue,gray;white;blue
11406,Myuushii,pokemon;pokeball;mewtwo;anime;black,black;white;gray
11407,AC NIZREL,nizrel;blue;black;pixel;gothic,gray;black;white;blue
11408,PHANTOM LORD,phantom lord;red eyes;dark;red,black;red
11409,NSA,nsa;rocket;missile;smiley;gray,white;gray
11410,$N Santos ($N) $aucy Nomads,saucy nomads;ghost;green;pixel,green
11411,TOMB RAIDER II,tomb raider;lara croft;video game;black;face,black;gray
11412,Setag Live [The Love Bunny],setag live;love bunny;computer;blue;green,green;cyan;blue;black
11414,Cloud Strife,final fantasy vii;cloud strife;anime;eyes;blonde,brown;gray;black
11415,R55,cartoon;gray;gradient;yellow,gray;white;orange
11416,bum SYSTEM OF A DOWN,system of a down;band;metal;black;white,black;gray
11417,,black;white;abstract;shapes;plain,white;black
11418,ByPaSS,bypass;yellow;green;black;pattern,gold;black;green
11419,Android 16 人造人間16号,dragon ball z;android 16;anime;japanese;face,white;gray;pink
11420,atom1221,atom;cartoon;orange;white;pixel,red;white;pink
11421,,cartoon;moon;night;characters;blue,blue;white;gray
11422,Chupon,chupon;face;black and white;gradient,gray;white;black
11423,anubis,anubis;dragon ball z;anime;orange;gray,gray;brown;orange
11424,Bansaku,bansaku;mac os;finder;black;gradient,black;gray
11425,iMac,imac;apple;lightning;electric;blue,blue;white
11427,Gotenks ゴテンクス ドラゴンボール,dragon ball z;gotenks;anime;japanese;orange,white;red;brown
11428,Gau,final fantasy vi;gau;anime;green;red,black;gray;red
11429,Freefall,freefall;woman;red hair;face;comic,blue;red;gray
11430,Flying Monkey Squadron,flying monkey;monkey;gray;pixel,gray
11431,evilsun,evil sun;stars;space;blue;yellow,blue;yellow
11432,DC dc,anime;girl;face;black;purple,black
11433,CIT rramir16 Da Master,da master;white;plain;gray,white;gray
11434,,transformers;decepticon;robot;green;gradient,green;white
11435,[Scythe] Scythe,scythe;black;red;green,black;red
11436,Razer,razer;fire;orange;black,orange;red;black;yellow
11437,Yablo,yablo;psychedelic;rainbow;swirls;colorful,green;red;blue;orange
11438,,hazard stripes;warning;yellow;black,gold;black;gray
11439,toy machine,toy machine;skateboard;brand;green;monster,green;red;gold
11440,MC,heart;woman;face;eye;black and white,gray;white;black
11441,Kul TiraS KUL TARAS,kul tiras;stars;space;black;gray,gray
11442,Krillin DragonBallZ,dragon ball z;krillin;anime;black;white,red;white;black
11443,[DsR],palm trees;tropical;plants;green;dsr,white;gray;green
11444,JACKIE,jackie;champagne;bottle;roses;red,red;orange;white
11445,,jet;plane;military;blue;face,blue;gray
11446,Shorty,shorty;apple;finder;mac os;green,white;black;gray;green
11447,kamog,pixel art;sprites;video game;characters;retro,blue;brown;gray
11448,Tora,tora;face;gray;dark,gray;white;black
11449,Phooey Phooey,phooey;gray;pattern;green,white;green;gray;blue
11450,Mr. Croft Think different.,think different;apple;black;red,black;gray;red
11451,MacDaddy,macdaddy;apple;mac;teal;blue,blue;cyan;white
11452,Gotenks DBZ,dragon ball z;gotenks;anime;yellow;red,yellow;red;orange;pink
11453,Luuuuk,smiley;yellow;black;gradient,yellow;black;gold
11454,Goose Goose,goose;planet;dark;teal;texture,blue;cyan
11455,$N Flint ($N) $aucy Nomads,saucy nomads;blue;sword;character,blue
11456,moon rwer,apple;rainbow apple;yellow;grunge,gray;gold;white
11457,Bobu,fire;orange;lava;texture,red;orange;brown
11458,AciDRaiN AciDRaiN,acid rain;finder;mac os;green;red,black;green;red;gray
11459,Blade,blade;world map;blue;red;green,blue
11460,blew,face;man;purple;gradient,blue;white;gray
11461,BlackHole,black hole;saturn;planet;space;purple,purple;black
11462,BLACK FLY,black fly;fly;insect;black and white,gray;black;white
11463,Azazel The Fallen Angel,azazel;fallen angel;demon;hooded;red;blue,red;black;pink;blue
11464,Adam JESUS SAVES,jesus;christian;religion;cross;penguin;blue,red;blue
11465,Maverick,maverick;eye;gray;white,white;gray
11466,Chupon,chupon;face;black and white;gradient,gray;white;black
11467,BareFoot,barefoot;foot;yellow;white;mountains,white;gray
11468,Think different,think different;apple;clock;blue;white,white;blue
11469,,black;gray;orange;pattern;grunge,gray;black
11470,FLAME HYBRID HEAVEN,hybrid heaven;video game;n64;fire;eyes,brown;black;orange;red
11471,Darth Maul DARTH MAUL,star wars;darth maul;sith;red;face,gray;red;black
11472,Joane&JoKKi Joane&JoKKi,joane;anime;face;blue;purple,pink;gray;black;blue
11473,the imageUnderground,image underground;gold;blue;circle,brown;blue;gold;orange
11474,Hotbod,pi;dna;helix;black and white,black;gray
11475,SSJ Gogeta,dragon ball z;gogeta;super saiyan;anime;purple,blue;purple;gray;red
11476,,black;dark;creature;armor,black;gray
11477,DonT DonT,apple;rainbow apple;gray;dark,black;gray
11478,DJ Pope,dj pope;woman;face;eyes;red,black;white;yellow;gray
11479,9 DaBek,dabek;black and white;gradient;nine,gray;white;black
11480,Crispin (LM),crispin;anime;face;teal;character,gray;cyan;green;white
11481,matrix GAMDEX,mega man;megaman;capcom;video game;red,black;red;blue
11482,morphiUS,morphius;gray;checkered;black and white,gray;white;blue
11483,Vader Vader,darth vader;star wars;red;grid,black;red
11484,PSYCO,psyco;finder;mac os;red;black,black;red
11485,cellus (O.O),dots;gray;green;abstract,gray
11486,XL G3,anime;girl;face;apple;white,white;gray
11487,ZoooP,zooop;green;splat;black and white,green;white
11488,TAO,tao;red;black;gradient,red;black
11489,Fyree,fyree;eyes;dark;blue;red eyes,black;blue;gray
11490,Spade G3,spade;playing cards;red;gradient,red;pink;black
11491,Oliver Kofoed Pixel Design,pixel design;cartoon;character;white,gray;green;black;cyan
11492,Mystical88 Seek The Power,seek the power;dark;green;red,black;red
11493,Cyberwolf,cyberwolf;navy;dark;red text,black;blue
11494,,face;dark;blue;collage,blue;black
11495,Colquhoun Think Kilts,kilt;scotland;plaid;tartan;apple;think different parody,gray;green
11496,Oni CASHMAN,cashman;oni;french flag;red;pink,white;pink;red
11497,Budweiser,budweiser;beer;brand;red;face,gray;white;brown
11498,Bachus BACHUS,bachus;anime;face;gray,gray;black;brown;white
11499,Angel Gau,angel gau;anime;black;orange,black;pink
11500,angel girl JESUS FREAK!,jesus freak;christian;cross;religion;blue,blue
11501,<OvErLoRd>,overlord;anime;eyes;face;yellow,yellow;orange;black;gold
11502,ZeRo CooL SSM,zero cool;blue;scribble;ssm,cyan;blue;white
11503,PURGE,purge;green;black;stripes,green;black
11504,Number Three,number three;blue;white;gradient,blue
11505,,finder;mac os;pink;pattern,pink
11506,NESS,earthbound;ness;nintendo;video game;globe;pixel art,blue;orange;white
11507,Mr. Mac Hack different.,apple;think different parody;hack;mac;gray,gray;white
11508,OMR MR. BLUE,mr. blue;finder;mac os;teal,cyan;white
11509,jMan King of tha Apez,ape;monkey;king;green;purple,green;blue
11510,,heart;purple;squiggle;red,blue
11511,jjabba,jjabba;copyright;white;gray;sketch,white
11512,,playstation;sony;controller;video game;lightning,blue;white;purple
11513,else if,code;programming;gray;white;sketch,white
11514,,anime;face;character;white;orange,white;orange;brown
11515,Link,zelda;link;triforce;master sword;nintendo;anime,gray;brown;white
11516,,face;sunglasses;green;abstract,gray;green
11517,X Y,anime;eyes;face;rainbow;purple,purple;blue;orange
11518,Trojn,anarchy;red;black;white;pixel,red;black;white;pink
11519,Sick and fucked,anime;girl;face;black;profanity,gray;black;blue
11520,SHADOW LOVES MEN,shadow;colorful;psychedelic;pink;yellow,pink;green
11521,,final fantasy;sephiroth;anime;collage;green,gray;white;green
11522,$ seph-THA-galer Seph-THA-galer,sephiroth;final fantasy vii;dollar sign;green;texture,green;gray
11523,Pyro Monkey,pyro monkey;fire;flames;yellow;orange,yellow;orange
11524,,black;gold;texture;grunge,black;brown
11525,nin nine inch nails,nine inch nails;nin;band;industrial;black,black;gray
11526,SwEEtY Got Me?,sweety;heart;pink;magenta,pink
11527,WWW.LANARCHISTS.COM,lanarchists;anime;face;pink;website,gray;white;pink
11528,Crono,chrono trigger;crono;sword;video game;anime;yellow,yellow;white;gray
11529,Changling,changeling;cartoon;orange;brown,orange;black;red
11530,South Park,south park;cartoon;tv show;kenny;cartman;yellow,yellow;gold
11531,CID,star;glitch;black;colorful,black;gray
11532,Sim,hazard stripes;warning;yellow;black,black;gold
11533,,ladybug;insect;grass;nature;white,white;green;gray
11534,Tac-Tic,tac-tic;pyramid;flowers;lime green;yellow,green;yellow
11535,Cube CUBE,cube;finder;mac os;black;gray,gray
11536,Alan Jackson,alan jackson;country music;singer;brown,brown;red
11537,CheeseWiz,cheesewiz;space;red;blue,white;red;blue;pink
11538,,black;red;gray;metallic;emblem,gray;black
11539,GENE-TIC GENE-TIC,genetic;black;pink;circles,black;gray
11540,,man;sunglasses;face;navy;blue,blue;gray
11541,dMac iMac Kicks Ass!,imac;apple;finder;mac os;light blue,cyan;white
11542,Vertigo,vertigo;apple;rainbow apple;cd;blue,gray;white;blue
11543,secular SECULAR,secular;space;stars;green text,gray;blue;black;green
11544,SCOOBY-D,scooby-doo;cartoon;teal;dark,blue;orange
11545,Touji,evangelion;touji;anime;purple,purple;pink;gray;black
11546,Hoichi Hoichi The Earless,hoichi the earless;anime;face;japanese;banner,red;orange
11547,Sin,eyes;anime;face;angry eyes;banner,red;brown;blue
11548,Electrik,lightning;electric;neon;banner,cyan;black
11549,Death,skull;skulls;death;grim reaper;horror;banner,gray;white;black
11550,ZEOLITE,face;man;sunglasses;anime;caution stripes;banner,gray
11551,Kefka,kefka;final fantasy;final fantasy vi;villain;clown;banner,gray;black;white
11552,Moo Frog moo frog,frog;eyes;cartoon;cute;banner,green;gray;yellow
11553,,eye;eyes;face;creepy;gradient;banner,gray;brown;black
11554,Meridian MERIDIAN,planet;globe;metallic;chrome;banner,gray
11555,,pixel art;character;detective;trench coat;banner,green;black
11556,Nightmare Nightmare,woman;face;horror;banner,orange;red;yellow
11557,Krelian,xenogears;woman;face;anime;banner,black;gray;red;brown
11558,RPG Tabard ADMIN,admin;rpg;anime;pixel art;banner,white
11559,ENDOR,endor;star wars;logo;banner,white
12000,Bad Moon Collection,bad moon;crescent moon;moon;gold;banner,gold;yellow
12001,,bad moon;crescent moon;face;mask;creepy;horror;banner,white;brown;yellow;gray
12002,,bad moon;crescent moon;skull;horror;banner,brown;gold;yellow
12003,,bad moon;crescent moon;eyes;face;monster;horror;banner,brown;orange;gray
12004,,bad moon;crescent moon;creature;horror;dark;banner,gray;white
12005,,bad moon;crescent moon;face;zombie;eyes;horror;banner,gray;white
12006,,bad moon;crescent moon;eyes;face;blue;banner,black;blue
12007,,bad moon;crescent moon;gargoyles;stone;horror;banner,brown;gray;white;black
12008,,bad moon;crescent moon;eye;eyeball;spiral;hypnotic;banner,gold;brown;white;gray
12009,,bad moon;crescent moon;face;woman;banner,brown;white
12010,,bad moon;crescent moon;eyes;woman;tiger;banner,black;white;gray
12011,,bad moon;crescent moon;statues;stone;gothic;banner,gray;white
12012,,bad moon;crescent moon;skull;horror;banner,gray;white
12013,,bad moon;crescent moon;face;man;eyes;banner,gray;brown;red
12014,,bad moon;crescent moon;eye;eyeball;monster;horror;banner,gray;pink;black
12015,,bad moon;crescent moon;creature;monster;horror;banner,gray;black
12016,,bad moon;crescent moon;face;monster;horror;banner,gray;black;brown
12017,,bad moon;crescent moon;eyes;face;monster;horror;banner,gray;black
12018,,bad moon;crescent moon;skulls;horror;banner,gray;brown;black
12019,,bad moon;crescent moon;dark;creature;horror;banner,gray;black
12020,,bad moon;crescent moon;skull;skulls;horror;banner,gray;black
12021,,bad moon;crescent moon;eyes;face;woman;banner,gray;brown;black
12022,,bad moon;crescent moon;face;monster;horror;banner,gray;brown;black
12023,,bad moon;crescent moon;eyes;face;green;banner,brown;gray;black
12024,,bad moon;crescent moon;eyes;cartoon;monster;banner,gray;white
12025,,bad moon;crescent moon;dragon;cartoon;monster;banner,gray;white;green
12026,,bad moon;crescent moon;monster;cartoon;teeth;banner,gray;white;blue
12027,,skulls;eye;eyeball;horror;banner,black;gray;brown
12028,,skulls;face;monster;horror;banner,black;brown
12029,,skulls;skull;horror;banner,black;brown
12030,,skull;bird skull;horror;banner,gray
12031,,skull;skulls;horror;dark;banner,black;brown;gray
12032,,skull;zombie;horror;banner,gray;brown;black
12033,,face;eyes;zombie;horror;banner,brown
12034,,skull;horror;banner,brown;yellow;orange
12035,,face;eyes;zombie;horror;banner,orange;brown
12036,,skull;horror;dark;banner,gray
12037,,bad moon;crescent moon;face;demon;horror;banner,black
12038,,bad moon;crescent moon;face;eyes;monster;horror;banner,brown
12039,,bad moon;crescent moon;skull;face;horror;banner,brown;red
12040,,bad moon;crescent moon;face;monster;horror;banner,orange;brown
12041,,bad moon;crescent moon;face;eyes;horror;banner,brown;red;black
12042,,bad moon;crescent moon;face;eyes;zombie;horror;banner,gray;brown
12043,,bad moon;crescent moon;face;eyes;mask;banner,brown;orange
12044,,bad moon;crescent moon;face;clown;horror;banner,brown;black
12045,,bad moon;crescent moon;demon;face;eyes;horror;banner,blue;gray
12049,Music,music;abstract;banner,brown;red;gold
12050,,concert;crowd;lights;purple;music;banner,black;purple;pink
12051,Og Rulz,abstract;graffiti;banner,red
12052,Mudvayne,mudvayne;band;metal;music;face paint;banner,white;gray;black;red
12053,Disturbed,disturbed;band;metal;music;logo;banner,gray;black;white
12054,White Pony deftones,deftones;white pony;band;music;album;banner,gray;white
12055,Staind,staind;band;music;logo;banner,gray
12056,Crazy Town,crazy town;band;music;banner,gray;white;pink
12057,Rammstein,rammstein;band;metal;music;logo;banner,gray;white
12058,a perfect circle,a perfect circle;band;music;logo;banner,white;gray
12059,Something's Going DOWN in the underground,underground;music;abstract;banner,gray
12060,Led Zeppelin,led zeppelin;band;rock;music;stars;banner,gray;white
12062,Eminem,eminem;rapper;hip hop;music;man;banner,brown;red;gray;white
12063,The Cure,the cure;band;music;robert smith;face;banner,white;black;brown;gray
12065,digweed,john digweed;dj;electronic;music;banner,gray;blue
12200,Animae/Cartoon,bad moon;crescent moon;anime;cartoon;gold;banner,gold;yellow
12201,,monster;creature;anime;green;banner,gray;green
12202,,dragon;creature;face;anime;banner,blue;gray
12203,,monster;creature;dark;banner,gray;black;green
12204,,monster;cartoon;creature;banner,blue;gray
12205,,comic;woman;face;fantasy;banner,blue;gray
12206,,demon;eyes;glowing eyes;comic;dark;banner,pink;black
12207,,demon;comic;face;red;banner,red;gray
12208,,comic;skull;face;dark;banner,gray;brown
12209,,comic;lightning;face;glowing eyes;banner,black;gray;red;brown
12210,,comic;monster;creature;banner,gray;black
12211,,comic;woman;face;blue;banner,blue;gray
12212,,comic;woman;face;dark;banner,gray
12213,,fire;flames;demon;face;cartoon;banner,yellow;red;orange
12214,,woody woodpecker;cartoon;bird;banner,gray;black;red
12215,RatFink,rat fink;ed roth;cartoon;monster;hot rod;banner,black;green
12216,,eyes;vines;psychedelic;cartoon;banner,black;gray;green;blue
12217,,anime;man;face;gradient;banner,purple;gray;white
12218,,goku;dragon ball z;anime;face;banner,white;brown
12219,,hulk;marvel;comic;green;face;banner,green;gray
12220,,south park;cartoon;kenny;stan;kyle;cartman;banner,white;green;gray
12221,,anime;eyes;face;banner,blue;black
12222,,rei ayanami;evangelion;anime;eyes;face;banner,pink;blue;gray
12223,,anime;face;eyes;banner,brown;red
12224,,anime;face;eyes;dark;banner,brown;red
12225,,anime;eyes;glowing eyes;dark;banner,black;red
12226,,elmo;sesame street;muppet;eyes;banner,white
12227,,pinky and the brain;animaniacs;cartoon;mice;banner,white;red;pink;gray
12228,,animaniacs;yakko wakko dot;cartoon;warner bros;banner,white;red;gray
12229,,cartoon;colorful;characters;banner,green
12230,VANEN®),anime;eyes;face;girl;banner,gray;pink
12231,,anime;eyes;face;banner,black;red;gray
12232,,anime;eye;face;closeup;banner,white;red;pink;gray
12233,,bad moon;crescent moon;anime;face;banner,blue;gray;black
12234,,anime;face;dark;banner,gray;blue
12235,,glowing eyes;red;mask;banner,black;pink;red;gray
12236,,bad moon;crescent moon;face;red;eyes;banner,red;pink
12237,,monster;creature;landscape;banner,blue;black;gray
12238,,anime;monster;fantasy;banner,orange;black;gray;brown
12239,,anime;monster;creature;banner,gray;red;white
12240,,cat;eyes;cartoon;pink;banner,pink;brown
12241,,zebra;stripes;pixel art;banner,black;gray;white
12242,,middle finger;cartoon;pixel art;rude;banner,blue
12243,,tornado;pixel art;plain;banner,blue
12244,,orcs;goblins;monsters;fantasy;banner,brown;red;black
12245,,comic;face;glowing eyes;robot;banner,gray;blue;cyan
12246,,face;man;eyes;dark;banner,black
12247,,bug;insect;creature;fantasy;banner,orange;pink
12248,,pumpkin;mask;dark;banner,blue;black;brown
12249,,johnny bravo;cartoon network;cartoon;sunglasses;banner,blue;gray
12250,,dexter's laboratory;dexter;cartoon network;cartoon;glasses;banner,gray;blue
12251,,scooby doo;scrappy doo;cartoon;dog;banner,green;black
12252,,cartoon;mickey mouse;flintstones;characters;banner,purple;orange
12253,,tom and jerry;cartoon;cat;mouse;banner,blue;cyan;gray
12254,,cartoon;monsters;colorful;banner,blue;pink
12255,,bad moon;crescent moon;eyes;face;man;banner,blue;black;brown;white
12256,,bad moon;crescent moon;eyes;face;angry;banner,blue;orange;white
12257,,bad moon;crescent moon;eyes;face;banner,blue;red;white;black
12258,,bad moon;crescent moon;eyes;face;banner,blue;red;white
12259,,bad moon;crescent moon;eyes;face;banner,blue;black
12260,,bad moon;crescent moon;eyes;green;face;banner,green;black
12261,,bad moon;crescent moon;eyes;green;face;banner,green;black
12262,,bad moon;crescent moon;eyes;green;face;banner,green;black
12263,,anime;girl;face;eyes;banner,white;blue
12264,,anime;girl;face;eyes;banner,white;blue;gray
12265,,anime;girl;face;banner,white;cyan
12266,,anime;girl;face;hat;banner,blue;orange;brown
12267,,anime;girl;face;eyes;banner,white;pink;gray
12268,,anime;girl;face;cat;banner,pink;white;purple
12269,,sailor moon;anime;girl;face;banner,white;blue
12270,,sailor moon;anime;girl;face;banner,blue;white;yellow
12271,,anime;girl;face;eyes;banner,blue
12272,,anime;girl;face;cute;banner,white;blue;pink;purple
12273,,anime;face;eyes;banner,white;blue;purple
12274,,anime;girl;face;cute;banner,white;green
12275,,bad moon;crescent moon;anime;girl;eyes;banner,white;blue
12276,,bad moon;crescent moon;anime;girl;eyes;banner,white;purple
12277,,bad moon;crescent moon;anime;girl;eyes;banner,gray;black;brown
12278,,bad moon;crescent moon;anime;girl;eyes;banner,black;red
12279,,anime;girl;wink;face;banner,pink;white;black;gray
12400,Art/Abstracts,bad moon;crescent moon;art;abstract;gold;banner,gold;yellow
12401,,bad moon;crescent moon;abstract;art;banner,gray;white
12402,,eye;wings;winged eye;psychedelic;pixel art;banner,black;blue
12403,,fire;flames;eye;pixel art;banner,yellow;orange;red;black
12404,,fire;space;stars;creatures;pixel art;banner,black;blue;green;red
12405,,abstract;texture;green;banner,green;black
12406,,zebra;stripes;animal print;banner,black;white
12407,,leopard;animal print;spots;banner,yellow;gold;black
12408,,abstract;noise;colorful;banner,gray;pink
12409,,abstract;collage;art;banner,black;white;gray
12410,,polka dots;dots;psychedelic;colorful;banner,white;green
12411,,polka dots;dots;psychedelic;colorful;banner,cyan;blue;green
12412,,gradient;lines;abstract;gray;banner,gray;white
12413,,abstract;art;gray;banner,gray;blue;white
12414,,abstract;lines;black and white;banner,gray;black;white
12415,,green balls;spheres;spiral;abstract;banner,gray;white;green
12416,,people;figures;pixel art;icons;banner,white;gray
12417,,bad moon;crescent moon;abstract;swirl;banner,green;blue;white
12418,,bad moon;crescent moon;abstract;swirl;banner,yellow;brown;gray;blue
12419,,bad moon;crescent moon;abstract;swirl;purple;banner,blue;purple
12420,,bad moon;crescent moon;abstract;swirl;banner,blue;cyan
12421,,bad moon;crescent moon;lightning;electric;plasma;banner,blue
12422,,bad moon;crescent moon;abstract;fire;banner,blue;red;gray;pink
12423,,bad moon;crescent moon;dinosaur;landscape;banner,blue;pink;white
12424,,bad moon;crescent moon;sphere;red;planet;banner,blue;red;white
12425,,bad moon;crescent moon;abstract;organic;banner,orange;blue;red
12426,,bad moon;crescent moon;abstract;purple;banner,purple;pink;blue
12427,,bad moon;crescent moon;circuit;technology;blue;banner,blue
12428,,bad moon;crescent moon;abstract;embossed;banner,blue;gray
12429,,bad moon;crescent moon;mountains;landscape;banner,gray;white;blue
12430,,bad moon;crescent moon;texture;stone;banner,gray;blue;white
12431,,bad moon;crescent moon;hand;skeleton;horror;banner,gray;brown;blue;black
12432,,bad moon;crescent moon;skull;horror;banner,gray;black;blue
12433,,bad moon;crescent moon;skull;horror;banner,gray;black;blue
12434,,bad moon;crescent moon;skull;horror;banner,gray;black;blue
12435,,abstract;gradient;orange;banner,brown;orange;red;pink
12436,,abstract;gradient;red;banner,red;brown;orange;pink
12437,,abstract;art;fantasy;banner,pink;brown
12438,,abstract;art;fantasy;banner,brown;red;gray;pink
12439,,abstract;art;fantasy;banner,pink;gray
12440,,abstract;art;fantasy;banner,brown;pink;gray;black
12441,,diamonds;argyle;pattern;blue;banner,blue;black;white
12442,,texture;red;black;grunge;banner,red
12443,,gradient;blue;plain;banner,blue;black
12444,,lightning bolt;yellow;red;banner,red;black;yellow
12445,,comic;collage;faces;banner,blue;red;gray;black
12446,,gem;ruby;abstract;gradient;banner,gray;brown
12447,,bubbles;abstract;gray;banner,gray;white
12448,,bad moon;crescent moon;pop art;woman;eyes;comic;banner,white;gray;pink
12471,Ozzfest,ozzfest;ozzy osbourne;metal;music;festival;demon;banner,black;red;gray
12472,KMFDM,kmfdm;band;industrial;music;banner,gray;black
12477,Black Flag,black flag;band;punk;music;logo;banner,green;black;gray
12480,Static-X,static-x;band;metal;music;banner,gray;red;brown;white
12481,Dido,dido;singer;music;woman;face;banner,gray;black;white
12482,Pink Floyd,pink floyd;band;rock;music;banner,gray;brown;orange
12485,,eye;eyeball;closeup;orange;banner,black;brown
12490,Movies,movies;film;banner,brown;red;gold
12491,The Shining,the shining;movie;stephen king;horror;banner,white;black;gray
12492,A Clockwork Orange,a clockwork orange;movie;kubrick;face;eye;banner,orange;brown
12494,Reservoir Dogs,reservoir dogs;movie;tarantino;men;faces;banner,orange;red;brown
12495,TheOneRing.net,lord of the rings;the one ring;tolkien;fantasy;gandalf;banner,black;gray
12496,Run Lola Run,run lola run;movie;woman;red hair;banner,red;cyan;gray
12497,Drowning Pool,drowning pool;band;metal;music;banner,blue;black;gray
12499,Underground,london underground;tube;subway;logo;banner,blue;white;red
12500,OnLine & Media,online;media;internet;banner,brown;red
12501,slackware linux,slackware;linux;operating system;logo;banner,white;gray
12502,,linux;computer;logo;plain;banner,white;gray
12503,LinuxMall.com,linux;tux;penguin;linuxmall;banner,white;gray;blue
12504,XBox,xbox;microsoft;console;video games;banner,blue;gray
12520,PlayStation,playstation;sony;console;video games;logo;banner,black
12524,emusic,emusic;music;logo;banner,black;cyan
12525,webmonkey,webmonkey;monkey;cartoon;website;banner,blue;orange
12526,Counter-Strike,counter-strike;video game;fps;soldier;banner,gray;gold;yellow;black
12527,Counter-Strike,counter-strike;video game;fps;sniper;soldier;banner,brown;black;gray
12528,Counter-Strike,counter-strike;video game;fps;gun;banner,gray;black
12600,Cityscapes,bad moon;crescent moon;city;cityscape;gold;banner,gold;yellow
12601,,bad moon;crescent moon;architecture;building;banner,blue;white
12602,,bad moon;crescent moon;city;building;blue;banner,blue;white
12603,,bad moon;crescent moon;skyscraper;building;city;banner,blue;white
12604,,bad moon;crescent moon;architecture;teal;banner,blue;white;gray;cyan
12605,,bad moon;crescent moon;bridge;net;architecture;banner,brown;white;red
12606,New York City,new york city;nyc;city;skyline;banner,gray;blue
12607,,skull;american flag;gun;globe;collage;banner,yellow;gold;gray;brown
12700,Computer,bad moon;crescent moon;computer;gold;banner,gold;yellow
12701,31337,bad moon;crescent moon;elite;leet;hacker;numbers;banner,black;gray;white;green
12702,REALbasic,realbasic;programming;software;logo;banner,white;blue;gray
12703,,hard drive;computer;dark;banner,black;gray
12704,Macintosh OS,mac os;macintosh;apple;finder;logo;banner,blue;gray;black
12705,C:\ \Dos_Sucks\,dos;command line;windows;computer;banner,black
12706,[hx version 0.7.8],hx;hotline;software;version;banner,blue
12707,MkLinux,mklinux;linux;operating system;banner,white
12708,LinuxPPC,linuxppc;linux;operating system;banner,white
12709,,plain;light blue;blank;banner,blue;white
12710,Be,beos;be inc;operating system;logo;banner,white;blue;red
12711,,bad moon;crescent moon;circuit board;computer;banner,gray;white
12712,11.8,interface;ui;display;buttons;banner,gray
12713,,interface;ui;green;grid;banner,gray;green
12714,,media player;buttons;key;interface;banner,gray
12715,,interface;slider;ui;banner,gray;blue
12716,T3,t3;network;connection;cable;computer;banner,white;gray
12717,MODEM,modem;phone cable;connection;computer;banner,white;gray
12718,ATM,atm;network;fiber;cable;banner,white;gray
12719,,progress bar;interface;mac;banner,white;gray;blue
12770,Dark Angel,bad moon;crescent moon;dark angel;gold;banner,gold;yellow
12771,I have a hangover.,dark angel;hangover;face;humor;banner,gray;black
12772,,dark angel;eyes;woman;face;banner,black;brown
12773,Fatality,dark angel;fatality;mortal kombat;blood;banner,black;red
12774,,dark angel;eyes;woman;face;banner,black;brown;red
12775,Advisory,dark angel;parental advisory;explicit;banner,black;gray
12776,,dark angel;fire;flames;banner,black;red
12777,,dark angel;face;monster;black and white;banner,black;gray
12778,,dark angel;face;eyes;black and white;banner,black;gray
12779,,dark angel;face;black and white;banner,gray;black
12780,,dark angel;woman;eyes;face;banner,black;gray;red
12781,,dark angel;lips;mouth;woman;banner,black;pink;gray
12782,,dark angel;lips;mouth;woman;banner,black;pink
12783,,dark angel;eye;woman;face;banner,black;red
12784,,dark angel;skin;closeup;banner,red;pink;black;orange
12785,,abstract;smoke;black and white;banner,white;black
12786,Stigma,stigma;red;grunge;banner,red
12787,NIHLIST,nihilist;american flag;usa;banner,black;gray
12788,,plain;gradient;light blue;banner,white;blue
12800,Games/Sports,bad moon;crescent moon;games;sports;gold;banner,gold;yellow
12801,,phoenix;logo;game;dark;banner,brown;gray;red
12802,,phoenix;logo;game;red;banner,pink;red;gray
12803,pig,pig wheels;skateboarding;skate brand;pig;logo;banner,yellow;gray;black
12804,,devil;demon;cartoon;skateboarding;banner,gray;black;white;red
12805,,alien;monster;cartoon;skateboarding;banner,blue;cyan;gold
12806,toy machine,toy machine;skateboarding;skate brand;monster;cartoon;banner,gold;green;red
12807,id,id software;quake;doom;video game;banner,black;gray
12808,Quake,quake;id software;video game;fps;logo;banner,black
12809,Clan KMA,clan;kma;gaming;caution stripes;banner,gray;green;white
12810,,quake;monster;video game;banner,gray;black;brown
12811,,quake;monster;video game;banner,gray;black
12812,,quake;monster;green;video game;banner,green
12813,,spots;cow print;orange;banner,red;white
12814,Angels Baseball,anaheim angels;angels;baseball;mlb;sports;logo;banner,black;blue
12815,Pro Wrestling,pro wrestling;wrestling;man;face;eyes;banner,black;red
12816,tot,quake;quake 3;video game;soldier;banner,pink;black
12817,,quake;quake 3;video game;cyborg;banner,gold;black;brown
12818,,quake;quake 3;video game;skull;cyborg;banner,green;black;brown
12819,,quake;quake 3;video game;monster;banner,cyan;black
12820,,quake;quake 3;video game;cyborg;banner,black;purple;blue
12821,tot,quake;quake 3;video game;monster;banner,blue;black
12900,Landscapes,bad moon;crescent moon;landscapes;gold;banner,gold;yellow
12901,,bad moon;crescent moon;landscape;texture;banner,gray;white;yellow
12902,,bad moon;crescent moon;landscape;rocks;banner,gray;white
12903,,bad moon;crescent moon;landscape;rocks;clouds;banner,gray;white
12904,,bad moon;crescent moon;sky;clouds;banner,blue;white
12905,,bad moon;crescent moon;mountain;landscape;banner,blue;white
12906,,bad moon;crescent moon;autumn;trees;landscape;banner,gray;white;red
12907,,crescent moon;moon;landscape;night;banner,pink;white;gray
12908,,moon;night;mountains;landscape;banner,blue
12909,,sky;clouds;landscape;blue;banner,blue
12910,,bad moon;crescent moon;forest;trees;landscape;banner,white;green;cyan
12911,,landscape;rocks;nature;banner,gray;blue;orange
12912,,landscape;canyon;desert;banner,red;brown;gray
12913,,landscape;lake;trees;nature;banner,gold;cyan;brown
12914,,landscape;forest;trees;mountains;banner,green;cyan
12915,,landscape;rocks;desert;banner,gray;brown;orange
13000,Servers,servers;hotline;banner,brown;red;gold
13001,G God damn bad movie,movie rating;g rating;humor;parody;banner,white;gray
13002,NC-17 Over 17 not permited,movie rating;nc-17;adult;banner,white;gray
13003,PG-13 Parents Strongly Cautioned,movie rating;pg-13;banner,white;gray
13004,Halloween II,bad moon;crescent moon;halloween;pumpkin;horror;movie;banner,gray;white;black;brown
13005,Halloween 5,bad moon;crescent moon;halloween;michael myers;horror;movie;banner,gray;white;black
13006,MST3000,mst3k;mystery science theater 3000;tv show;eyes;banner,black;gray
13007,The Files,x-files;tv show;mulder;scully;faces;banner,black;gray
13008,X Files,x-files;tv show;sci-fi;logo;banner,black;gray
13009,,alien;face;eyes;blue;banner,black;blue
13010,007,james bond;007;movie;eyes;banner,black;brown
13011,It Stinks!,cartoon;eye;humor;banner,gold;orange
13012,Remember Phil 1948-1998,phil hartman;memorial;tribute;man;face;banner,cyan;white
13013,Remember Chris 1964-1997,chris farley;memorial;tribute;man;face;banner,green;white
13014,,star wars;luke skywalker;darth vader;tatooine;movie;banner,gray;white
13015,,star wars;han solo;faces;movie;banner,brown;orange;pink;white
13016,,star wars;faces;movie;banner,gray;white
13017,,eyes;face;man;dark;banner,black
13018,PRESS,press;face;man;keyboard keys;banner,blue;black;orange;white
13019,,face;eyes;black and white;banner,white;gray
13020,007,james bond;007;movie;face;gun;banner,gray;black
13021,,eyes;red eyes;face;creepy;banner,brown;red;gray
13022,,darth vader;star wars;plain;banner,white;gray
13023,,face;hand;man;banner,red;brown;black
13024,,face;man;dark;banner,red
13025,,face;creature;gradient;banner,gold
13026,,eyes;face;closeup;banner,brown;red
13027,,eyes;face;closeup;banner,blue;black
13028,,swirl;face;black and white;banner,gray;black
13029,,face;eyes;dark;creepy;banner,green;black;yellow
13030,,bad moon;crescent moon;faces;men;black and white;banner,white;gray
13031,,eyes;blue eyes;face;closeup;banner,gray;black
13032,,toy story;alien;little green men;pixar;banner,white
13099,System Down,system of a down;band;music;capricorn;banner,blue;gray;cyan
13100,Music,bad moon;crescent moon;music;gold;banner,gold;yellow
13101,Smashing Pumpkins,smashing pumpkins;band;music;billy corgan;banner,white;gray
13102,NIN,nine inch nails;nin;band;industrial;music;banner,black;gray
13103,Zombie,white zombie;rob zombie;band;music;collage;banner,gray;black;red
13104,Only 98¢,collage;newspaper;ransom note;banner,gray;white;black
13105,Make Me,collage;newspaper;ransom note;banner,gray;white;black
13106,My Hot Mouth and Wet Pussy,nsfw;sexual;collage;explicit;banner,gray;black
13107,Rammstein,rammstein;band;metal;music;banner,black;gray;white
13108,Reload,metallica;reload;album;music;banner,black;gray
13109,Single Track Mind,collage;faces;music;banner,gray;white
13110,Slayer,slayer;band;metal;thrash;music;logo;banner,black;gray
13111,GWAR,gwar;band;metal;music;banner,black;gray
13112,Crave the Flesh,collage;grunge;horror;banner,orange;yellow;red;white
13113,Zombie,white zombie;rob zombie;collage;ransom note;music;banner,gray;brown
13114,Roland BassLine,roland;tb-303;bassline;synthesizer;music;banner,gray
13115,Grinch,grinch;crowns;money;banner,gray;brown
13116,,dj;turntable;vinyl;record;music;banner,gray
13117,DJB,dj;djz booth;turntable;vinyl;music;banner,white;gray
13118,DJB DJ'Z Booth,djz booth;dj;music;gold;banner,gold;yellow
13119,DJB djbooth.ml.org,djz booth;dj;music;website;banner,red;black
13120,DJ'z Booth,djz booth;dj;crowns;technics;turntable;banner,yellow;gray
13121,DJ'z Booth,djz booth;dj;crowns;technics;turntable;banner,gray;white;blue
13122,DJB,djz booth;dj;turntable;music;banner,black;blue
13123,DJ'z Booth,djz booth;dj;graffiti;music;banner,gray;brown
13124,,train;subway;black and white;banner,gray
13125,DJ'Z Booth,djz booth;dj;graffiti;brick wall;crown;turntable;banner,red;black;gray
13126,BeatleMania,the beatles;beatlemania;band;music;faces;banner,white;gray;brown
13127,Explicit Lyrics,explicit lyrics;parental advisory;music;banner,black;white;gray
13128,NIHLIST,nihilist;american flag;usa;banner,black;gray
13129,Advisory,dark angel;parental advisory;explicit;banner,black;gray
13130,,face;eyes;man;banner,white;black
13131,INS,face;eyes;gradient;banner,gray;black;white
13132,RZA,rza;wu-tang clan;rapper;hip hop;face;banner,white
13133,TY,turntable;dj;music;banner,black;gray
13134,,turntable;dj;music;black and white;banner,black;white;gray
13135,,turntable;dj;music;blue;banner,black;blue
13136,Clouds,speaker;music;black and white;banner,black;gray;white
13137,NIN February '99,nine inch nails;nin;band;industrial;music;banner,black;gray
13138,,bad moon;crescent moon;face;eyes;black and white;banner,black;gray;white
13139,,bad moon;crescent moon;eye;face;black and white;banner,black;gray;white
13140,,bad moon;crescent moon;face;eyes;black and white;banner,white;black;gray
13141,,bad moon;crescent moon;eyes;demon;face;banner,black;brown
13142,,bad moon;crescent moon;face;eyes;creepy;banner,gray;black;white
13143,Rancid,rancid;band;punk;music;banner,gray;black;red
13144,Misfits,misfits;band;punk;crimson ghost;skull;music;banner,black;red
13145,NOFX,nofx;band;punk;music;banner,red
13200,Objects,bad moon;crescent moon;objects;gold;banner,gold;yellow
13201,,bad moon;crescent moon;jelly beans;candy;banner,pink;white;red
13202,,bad moon;crescent moon;pennies;coins;money;banner,red;white;brown;orange
13203,,bad moon;crescent moon;chocolate;candy;banner,red;brown;white;black
13204,,bad moon;crescent moon;blocks;wood;banner,brown;white
13205,,bad moon;crescent moon;abstract;shapes;banner,white;green;pink;yellow
13206,,arrow;arrows;red;banner,white;red
13207,,yin yang;chinese;dragon;gold;asian;banner,red
13208,,celtic;knot;ornate;frame;banner,gray;yellow;gold;brown
13209,,parchment;scroll;texture;banner,brown;orange;black
13210,,circuit board;computer;green;technology;banner,black;brown;green
13211,PING,interface;ui;green;ping;banner,black;green
13212,,saw blade;gear;gray;banner,white;gray
13213,,metallic;chrome;interface;gray;banner,gray;white
13214,,metallic;chrome;interface;gray;banner,gray;white
13215,,stripes;lines;metallic;gray;banner,gray
13216,,money;hundred dollar bill;benjamin franklin;cash;banner,gray
13217,,rose;flower;black;banner,white;gray
13218,,bubbles;pearls;spheres;banner,white
13219,,fruit;food;colorful;banner,orange;brown;purple;cyan
13220,,water;ice;texture;blue;banner,cyan;blue
13221,,bad moon;crescent moon;interface;ui;banner,gray;white
13222,PEZ,pez;candy;logo;banner,orange;yellow
13223,,screwdriver;tool;banner,white
13224,,syringe;needle;banner,white
13225,,plain;blank;black;banner,black
13300,Occult,bad moon;crescent moon;occult;gold;banner,gold;yellow
13301,,eye;creature;dark;occult;banner,cyan;black
13302,,eyes;psychedelic;purple;occult;banner,purple;gray;pink
13303,,spider;dark;black and white;occult;banner,gray;black
13304,,pentagram;fire;flames;satanic;occult;banner,red;yellow;black;orange
13305,,pharaoh;egypt;egyptian;face;banner,brown;gray;orange
13306,,eyeballs;eyes;creepy;horror;banner,gray;black;blue
13307,Hellbound,hellbound;hellraiser;horror;face;banner,gray;black
13308,Hellbound,hellbound;hellraiser;horror;face;eyes;banner,gray;black
13309,Hellbound,hellbound;hellraiser;horror;face;banner,gray
13310,Hellbound,hellbound;hellraiser;horror;face;eyes;banner,gray
13311,Hellbound,hellbound;hellraiser;horror;face;eyes;banner,gray;brown
13312,Hellbound,hellbound;hellraiser;horror;face;red eyes;banner,gray;black
13313,Øwn3ris†,star;red;black;banner,black;red
13314,,blank;plain;white;broken;banner,white
13315,,blank;plain;white;broken;banner,white
13316,,blank;plain;white;broken;banner,white
13317,,blank;plain;white;broken;banner,white
13318,,blank;plain;white;broken;banner,white
13319,,blank;plain;white;broken;banner,white
13320,,blank;plain;white;broken;banner,white
13321,Aquarius,aquarius;zodiac;astrology;horoscope;water bearer;banner,blue;cyan
13322,Pisces,pisces;zodiac;astrology;horoscope;fish;banner,blue
13323,Aries,aries;zodiac;astrology;horoscope;ram;banner,orange;brown
13324,Taurus,taurus;zodiac;astrology;horoscope;bull;banner,green;gray
13325,Gemini,gemini;zodiac;astrology;horoscope;twins;banner,blue;cyan;gray;white
13326,Cancer,cancer;zodiac;astrology;horoscope;crab;banner,blue
13327,Leo,leo;zodiac;astrology;horoscope;lion;banner,orange;brown
13328,Virgo,virgo;zodiac;astrology;horoscope;maiden;banner,green;gray
13329,Libra,libra;zodiac;astrology;horoscope;scales;banner,blue;cyan;gray
13330,Scorpius,scorpio;zodiac;astrology;horoscope;scorpion;banner,blue
13331,Sagittarius,sagittarius;zodiac;astrology;horoscope;archer;banner,orange;brown;white
13332,Capricornus,capricorn;zodiac;astrology;horoscope;goat;banner,green;gray;white
13333,,eyes;face;psychedelic;purple;banner,purple;black
13334,,face;collage;psychedelic;banner,brown;gray;black
13335,,eyes;face;psychedelic;banner,black;gold
13336,,collage;abstract;psychedelic;banner,brown;black
13337,,abstract;collage;orange;banner,red;brown
13338,,egyptian;hieroglyphics;egypt;gods;banner,white;yellow;brown
13339,,face;eyes;creature;blue;banner,blue;gray
13340,,sketch;drawing;black and white;banner,white;gray
13341,,scarab;egyptian;face;eyes;creepy;banner,gray;white
13342,,face;eyes;monster;creepy;banner,gray
13343,,eye;glowing;green;banner,green;cyan;blue
13344,,face;green;dark;banner,green;cyan
13345,,eyes;green;red;banner,green;red;black
13346,,eye;eyeball;purple;red;banner,pink;red;black;orange
13347,,eye;eyeball;purple;banner,purple;black;pink
13348,,eyes;orange;cat eyes;banner,red;pink;black;orange
13349,,eyes;glowing eyes;purple;banner,purple;black;brown
13354,,eyes;face;man;black and white;banner,blue;gray;black
13355,,eyes;glowing eyes;face;creepy;banner,red;brown
13356,,cat;eyes;purple;banner,purple;black
13357,,eyes;yellow eyes;face;creature;banner,brown;black
13358,,eyes;yellow eyes;demon;red;banner,red;brown;gold
13359,,eyes;face;blue;banner,blue;purple
13400,People,bad moon;crescent moon;people;gold;banner,gold;yellow
13401,,bad moon;crescent moon;eyes;face;woman;banner,brown;white;orange;red
13402,,bad moon;crescent moon;eyes;face;banner,red;white;brown
13403,,bad moon;crescent moon;eyes;face;woman;banner,red;white;brown;pink
13404,,bad moon;crescent moon;eyes;face;banner,brown;red;white;orange
13405,,bad moon;crescent moon;eyes;face;woman;banner,red;brown;white
13406,,bad moon;crescent moon;eyes;face;woman;banner,red;brown;white
13407,,bad moon;crescent moon;eyes;face;man;banner,green;white
13408,,bad moon;crescent moon;eyes;face;man;banner,white;black
13409,,bad moon;crescent moon;eyes;blue eyes;face;banner,white;blue
13410,,face;man;glasses;black and white;banner,black;gray
13411,,the matrix;sunglasses;green code;hacker;banner,green;black
13412,,woman;face;eyes;triangle;banner,white;black
13413,,woman;face;eyes;banner,white;gray
13414,,faces;eyes;collage;black and white;banner,gray
13415,,face;eyes;dark;banner,black;brown
13416,,face;eyes;grunge;banner,brown;orange
13417,,face;abstract;collage;banner,blue;cyan
13418,,face;eyes;collage;banner,gray
13419,,face;eyes;collage;banner,gray;white
13420,Think Antichrist,marilyn manson;antichrist;shock;band;music;eyes;banner,red;black
13428,,face;eyes;dark;banner,green;gray;black
13429,,woman;eyes;face;asian;banner,red;blue;black;brown
13430,,eyes;blue eyes;face;closeup;banner,gray;pink;brown;red
13431,,headphones;face;black and white;banner,white;black
13432,,star wars;darth vader;lightsaber;banner,black;blue
13433,,woman;eyes;face;banner,brown;black;gray;red
13434,Asuka,bad moon;crescent moon;headphones;asuka;banner,white;gray;black
13435,,woman;face;eyes;dark;banner,black;gray
13436,,woman;lips;face;banner,red;gray
13437,,star wars;jawa;glowing eyes;banner,yellow;orange
13438,,star wars;jabba the hutt;banner,white;gray;blue;brown
13439,,star wars;darth vader;plain;banner,white;black
13440,,face;eyes;man;collage;banner,gray;black
13441,,squirrel;pixel art;cartoon;banner,white
13442,,cartoon;pixel art;creature;plain;banner,white
13443,,woman;eyes;face;blue;banner,gray;black;blue
13488,music.pulsedetonation.com sounds for a new generation,pulse detonation;music;website;banner,black;red;gray
13490,pulsedetonation.com,pulse detonation;music;website;banner,white;black;red;gray
13491,pulsedetonation.com,pulse detonation;music;website;banner,gray;black;white
13493,caoine.org,caoine;website;face;eyes;black and white;banner,gray
13495,caoine.org,caoine;website;face;eyes;banner,blue;black
13497,caoine.org,caoine;website;woman;eyes;banner,gray;white
13498,caoine.org,caoine;website;black and white;banner,gray
13500,trancend.net,trancend;website;black and white;banner,black;gray
13501,trancend.net,trancend;website;black and white;banner,black;gray;white
13502,Filez R Us,files;warez;green;banner,green
13503,NUMBSKULL,numbskull;face;man;black and white;banner,gray;black
13504,F-22,bad moon;crescent moon;f-22;fighter jet;military;banner,gray;white
13505,AfterWorld,afterworld;gray;banner,gray;white
13506,DREAMLAND,dreamland;metallic;gray;banner,gray
13507,EAY,playboy;bunny;skin;collage;banner,red;brown;gray;pink
13508,TK Hom,gradient;yellow;logo;banner,yellow;gold
13509,Chuckles,chuckles;emblem;banner,gray;brown;red
13510,HAIKU,haiku;abstract;banner,gray;brown;white
13511,HK,abstract;collage;colorful;banner,white;red
13512,AREA 51,area 51;alien;ufo;sci-fi;banner,gold;yellow;green
13513,HL Cafe,hl cafe;hotline;cafe;purple;banner,purple;black;blue
13600,Political,bad moon;crescent moon;political;gold;banner,gold;yellow
13601,Destroy Your Idols,bad moon;crescent moon;political;slogan;banner,gray;black
13602,Jesus Saves,bad moon;crescent moon;jesus;christian;religion;banner,gray;white
13603,,bad moon;crescent moon;chain;chains;banner,gray;white
13604,K786740712 12884,bad moon;crescent moon;numbers;prisoner;banner,white;gray;black
13605,BELIEVE,believe;ufo;x-files;sci-fi;banner,white;gray;cyan
13606,Underworld,underworld;black and white;banner,white;gray;black
13607,Nevermind,nevermind;nirvana;music;banner,white;gray
13608,Strong,american flag;usa;barcode;banner,white;gray;black
13609,I AM NOT A PEON,peon;humor;cartoon;banner,gray;red
13610,,hand;gun;arm;banner,brown;orange;red
13611,,american flag;usa;patriotic;military;air force roundel;banner,white;blue;red
13612,,military;camouflage;tiger;banner,gray;green;brown
13613,USCG,us coast guard;uscg;military;banner,cyan;blue;red;gray
13614,Air Force,us air force;stealth bomber;b-2;military;aircraft;banner,gray;white;blue
13615,,navy;aircraft carrier;ship;military;banner,blue;gray
13616,ARMY,us army;tank;military;banner,white;gray;black
13617,unnamed,unnamed;pixel art;cartoon;face;banner,white
13618,unnamed,unnamed;gun;pixel art;cartoon;banner,white
13619,sXe,straight edge;sxe;punk;hardcore;banner,black
13800,Smokers,bad moon;crescent moon;smokers;smoking;gold;banner,gold;yellow
13801,is a POT HEAD,marijuana;pot;weed;joint;alien;banner,black;gray
13802,,marijuana;weed;buds;banner,orange;brown
13803,,marijuana;weed;buds;banner,brown;orange
13804,COHIBA,cohiba;cigar;smoking;banner,orange;gray
13805,,cigar;smoking;banner,orange;brown
13806,,cigarette;smoking;banner,white;pink;brown;gray
13807,,cigarette;smoking;plain;banner,white;gray;brown
13808,,cigarette;joint;smoking;plain;banner,white;gray
13809,,joint;marijuana;smoking;blunt;banner,orange;gray;white;brown
13810,,marijuana;weed;plants;leaves;banner,white;gray;green
13900,Techno,bad moon;crescent moon;techno;music;gold;banner,gold;yellow
13901,,bad moon;crescent moon;abstract;purple;techno;banner,blue;white;purple
13902,,bad moon;crescent moon;abstract;purple;techno;banner,purple;white
13903,,bad moon;crescent moon;abstract;techno;banner,gray;white;blue
13904,,bad moon;crescent moon;squares;grid;techno;banner,blue;white
13905,Digital,digital sin;hotline server;multi-part banner;gray;banner,gray
13906,SIN,digital sin;hotline server;multi-part banner;gray;banner,gray
13907,Hotline Server,digital sin;hotline server;multi-part banner;gray;banner,gray
13908,,symbols;japanese;black and white;abstract;banner,white;gray
13909,tubescan,tubescan;techno;blue;circuit;banner,blue
13910,,techno;blue;circuit;abstract;banner,blue;cyan
13911,,neon;blue;techno;banner,blue;black
13912,Saiyan Rage,dragon ball z;saiyan;anime;goku;multi-part banner;banner,brown;gray;orange
13913,,dragon ball z;saiyan;anime;super saiyan;multi-part banner;banner,brown;gray;orange
13914,,dragon ball z;saiyan;anime;goku;multi-part banner;banner,brown;gray;orange;red
13915,,dragon ball z;saiyan;anime;multi-part banner;banner,gray;brown;red
13916,A Digital,digital revolution;s logo;multi-part banner;red;banner,red;white
13917,,digital revolution;s logo;multi-part banner;red;banner,red;black
13918,Revolution,digital revolution;s logo;multi-part banner;red;banner,red;white
13919,,anime;chinese characters;sketch;multi-part banner;banner,white;brown
13920,,anime;chinese characters;sketch;multi-part banner;banner,white;brown
13921,,anime;chinese characters;sketch;multi-part banner;banner,white;brown
13922,,anime;chinese characters;sketch;multi-part banner;banner,white;brown;gray
13923,,anime;sketch;multi-part banner;banner,white;brown
13924,,face;silhouette;purple;multi-part banner;banner,gray;pink
13925,,face;purple;multi-part banner;banner,gray;pink
13926,,purple;abstract;multi-part banner;banner,gray;pink
13927,Sin Graphix,sin graphix;purple;multi-part banner;banner,gray;pink
13929,,s logo;glowing;black;multi-part banner;banner,black
13930,,s logo;glowing;black;multi-part banner;banner,black
13931,,s logo;glowing;black;multi-part banner;banner,black
13932,,s logo;glowing;black;multi-part banner;banner,black
13935,chi.,chi;abstract;multi-part banner;banner,white;orange
13936,chi.,chi;abstract;fire;multi-part banner;banner,gray;red;orange;white
13937,,chi;eye;fire;multi-part banner;banner,orange;red;yellow;white
13938,,chi;eye;fire;multi-part banner;banner,white;orange;red;yellow
13940,Digital,digital ink;script;blue;multi-part banner;banner,blue;gray;black
13941,,digital ink;script;blue;multi-part banner;banner,blue;gray
13942,Ink,digital ink;script;blue;multi-part banner;banner,blue;black;gray
13944,,digital ink;script;blue;multi-part banner;banner,gray;blue
14000,Personals,personals;banner,brown;red;gold
14001,,collage;faces;black and white;banner,gray;black
14002,SK,sk;dark;figure;banner,blue;gray;black
14003,Joker,joker;blue;banner,blue;cyan
14004,,anime;face;eyes;man;banner,blue;white
14005,DRAGON,dragon;sword;red;banner,gray;black;red
14006,,cartoon;hat;face;small icon,orange;white;blue;black
14007,,at sign;@;email;gray;banner,white;gray
14008,Phoenix Wrath,phoenix wrath;anime;girl;banner,gray;black
14009,Crusty,crusty;eye;eyeball;banner,yellow;white;red
14010,Casper,casper;ghost;s logo;banner,gray;black
14011,Divine Wind かみかぜ,kamikaze;divine wind;japanese;rising sun;banner,white;gray;black;pink
14012,eXterm3n,exterminator;face;cartoon;banner,white;blue
14013,,alien;cartoon;purple;small icon,white;pink;black
14014,,bear;dog;animal;cartoon;small icon,orange;white;black
14015,Aeris,aeris;aerith;final fantasy vii;anime;girl;eyes;banner,blue;white;brown
14016,frog.,frog;tree frog;red eyes;banner,green;white
14017,,mouse;face;cartoon;small icon,white;gray;black;red
14018,Sil own3r omegax,omegax;owner;blue;banner,white;blue;cyan
14019,Nova,nova;blue;sky;banner,blue
14020,NIGHTMARE,nightmare;skull;red eyes;horror;banner,brown;red;black
14021,Neofever,neofever;eyes;orange;banner,black;brown;orange;gray
14022,Joane,joane;anime;girl;wink;pink;banner,pink;gray;white
14023,,alien;face;black and white;small icon,black;white;gray
14024,,x-files;x;green;small icon,black;gray
14025,,face;hood;dark;small icon,gray;black;white
14026,,woman;pinup;photo;banner,gray;white
14027,,hooded figure;pixel art;orange;small icon,white;orange
14028,,powerpuff girls;bubbles;cartoon;hearts;stars;cute;banner,white
14029,HYPT,apple;apple logo;mac;blue;banner,white;blue
14030,,bug;insect;green;pixel art;small icon,white;black
14031,,marijuana;pot leaf;weed;small icon,white;green
14032,,face;man;cartoon;small icon,white;black;red
14033,,8 ball;eight ball;billiards;pool;small icon,gray;black;white
14034,,fish;bubbles;cartoon;underwater;banner,blue;purple
14035,,apple;apple logo;rainbow apple;mac;small icon,white
14036,,cartoon;face;white;small icon,white;black
14037,,anime;face;eyes;dark;banner,gray;black;blue
14038,GOTENKS,gotenks;dragon ball z;anime;banner,orange;yellow;red
14039,,face;man;sunglasses;small icon,black;orange;white;brown
14040,UNIX,unix;operating system;computer;small icon,black;white;green
14041,,gorilla;ape;silhouette;small icon,white;gray;black
14042,Aeris frog,aeris;aerith;final fantasy vii;anime;frog;heart;banner,green;white;blue
14043,69,69;number;sexual;small icon,white
14044,,face;man;photo;small icon,gray;white
14045,,frog;cartoon;cute;small icon,white;green;black
14046,Dragon Girl,dragon;wings;purple;fantasy;banner,blue;gray
14047,,jester;clown;face;dark;banner,black
14048,iMacMan,imacman;cancer zodiac;mac;banner,green;cyan;blue
14049,,smiley;smiley face;yellow;small icon,yellow;gray;black;white
14050,Drunken Master,drunken master;devil;eyes;dark;banner,black;gray
14051,P,superman logo;parody;shield;small icon,white;red
14052,FOX overd0se...,fox racing;fox;logo;motocross;banner,gray;black
14053,,cat;pixel art;small icon,white;gray
14054,鮮魷,chinese characters;asian;banner,gray;red;brown
14055,Q-Digital,q-digital;face;eye;banner,blue;green;gray
14056,Jade,jade;woman;face;eyes;comic;banner,cyan;blue
14057,WHITEMUD,marijuana;pot leaf;weed;banner,gray;green
14058,,microchip;chip;computer;small icon,gray;white;black
14059,,nsfw;nude;naked woman;breasts;banner,white;pink;red;brown
14060,DON'T MESSAGE,don't message;warning;red;small icon,white;red
14061,,south park;cartman;cartoon;small icon,white;yellow;red
14062,SiN Varan!,sin;anime;face;eyes;banner,gray;blue;black
14063,Coca-Cola,coca-cola;coke;soda;logo;arrows;banner,gray;white;black
14064,To rid yourself of an enemy outlive him. Vampire,vampire;skull;quote;black and white;banner,gray
14065,bloodredcarpet,bloodredcarpet;eyes;face;red;banner,red;white;black
14066,Mogwai,mogwai;gremlins;gizmo;movie;banner,orange;red;black
14067,CYGWIN No Mercy runs this bitch,cygwin;no mercy;blue;banner,blue
14068,ARAGORN,aragorn;lord of the rings;headphones;banner,white;gray
14069,X-P got milque?,got milk;parody;plain;banner,white;gray
14070,,face;cartoon;green hat;small icon,black;orange;white
14071,fRED,fred;woman;face;blonde;banner,gray;brown;black
14072,,face;cartoon;boy;small icon,orange;white;black
14073,,pixel art;figure;blue;small icon,blue;red;black
14074,THE BOSS,boss;face;monster;cartoon;small icon,red;gray;white
14075,,road runner;bird;cartoon;small icon,white
14076,CIA,cia;government;agency;small icon,black;white;gray
14077,FBI,fbi;government;agency;small icon,black;white;gray
14078,ATF,atf;government;agency;small icon,black;white;gray
14079,NSA,nsa;government;agency;small icon,black;white;gray
14080,,cat;eye;black and white;banner,gray
14081,Doctor Who,doctor who;tv show;bbc;logo;small icon,gray;black;white
14082,C2 duocell,duocell;gray;banner,gray;black
14083,Coca-Cola,coca-cola;coke;soda;logo;small icon,red;white
14084,Coca-Cola,coca-cola;coke;soda;logo;small icon,gray;red
14085,personal,personal;teal;plain;banner,cyan;green
14086,Coca-Cola,coca-cola;coke;soda;logo;small icon,red;white
14087,,skeleton;bones;fantasy;banner,brown;orange
14088,Shady,shady;eminem;car;sports car;face;banner,red;brown;gray
14089,,abstract;colorful;glitch;banner,red;pink;green
14090,,face;sunglasses;cartoon;small icon,white;black;gray
14091,,abstract;metallic;eyes;banner,gray;white
14092,Jason,jason;eye;blue;banner,blue;cyan
14093,,face;man;sunglasses;hat;small icon,gray;black;white
14094,Badmac,badmac;creature;fire;banner,orange;brown;white
14095,ePROM 電腦,eprom;chinese characters;computer;banner,blue;white;gray
14096,efrofen,katakana;japanese;mask;banner,orange;red
14097,,gun;pistol;hand;small icon,white;gray;black
14098,ADMIN,admin;red;small icon,white;red
14099,,abstract;gray;swirl;banner,white;gray
14100,CG,cg;blue;plain;banner,blue
14101,TreeFrog,tree frog;frog;fire;banner,orange;brown
14102,LSX #4452 C-001,marijuana;pot leaf;gun;label;banner,gray
14103,,pixel art;character;small icon,white;black
14104,,heart;arrow;small icon,white;red;gray
14105,IXPEEW,arrow;green;grid;banner,black;green;cyan
14106,,heart;arrow;small icon,white;red;gray
14107,SON,son;orange;banner,orange;red
14108,,abstract;purple;green;banner,pink;cyan
14109,Night Hawk,night hawk;small icon,white;black
14110,Marvin J,marvin;blue;banner,blue
14111,hp,hp;hewlett-packard;logo;small icon,white;purple;black
14112,MIB,men in black;mib;small icon,black;white;gray
14113,Gay Pride,gay pride;rainbow;pride;pink triangle;lgbt;banner,yellow;pink;green
14114,WEDGE,wedge;face;blue;banner,blue;gray;white
14115,Joe,joe;dots;gray;banner,white;gray
14116,Frostline,frostline;apple;fire;orange;banner,orange;red;yellow
14117,Sucks,sucks;arrow;up arrow;small icon,white;orange
14118,Sucks,sucks;arrow;right arrow;small icon,white;orange
14119,dumb ass,dumbass;arrow;insult;small icon,white;green;black
14120,BRANDON,brandon;car;sports car;red car;banner,white;gray;red
14121,,anime;face;man;dark;banner,black;gray;yellow
14122,Cool,cool;arrow;right arrow;small icon,white;blue
14123,Cool,cool;arrow;down arrow;small icon,white;blue
14124,Cool,cool;arrow;up arrow;small icon,white;blue
14125,BushLad,bushlad;orc;green;face;banner,white;green
14126,Dork,dork;arrow;up arrow;small icon,white;red
14127,Rules,rules;arrow;right arrow;small icon,white;purple;pink
14128,,person;figure;pixel art;small icon,white;gray
14129,I ♥ NY,i love new york;heart;new york;nyc;small icon,white;black;red
14130,,flag;canada;canadian flag;maple leaf;small icon,red;white
14131,,flag;united kingdom;union jack;uk;british flag;small icon,red;blue
14132,Myth,myth;bungie;video game;logo;small icon,white;orange
14133,BUNGIE,bungie;video game;logo;small icon,black;gray
14134,π DrunkenMaster,pi;numbers;math;drunken master;banner,gray;black
14135,,alien;face;black and white;small icon,black;white;gray
14136,,skull;crossbones;pirate;pixel art;small icon,black;gray
14137,,fc barcelona;barcelona;soccer;football;crest;small icon,white;black
14138,,anime;girl;face;small icon,red;white;yellow
14139,A Clockwork Orange,a clockwork orange;movie;kubrick;banner,black;gray
14140,,face;mask;black and white;small icon,white;gray;black
14141,,space;stars;face;dark;banner,gray;black
14142,,wizard;beard;hat;pixel art;small icon,white;gray
14143,,cat;black cat;face;pixel art;small icon,black;white;gray
14144,,anime;girl;face;small icon,black;white;pink
14145,,anime;face;red;small icon,red;black;gray
14146,,d logo;orange;circle;small icon,black;gray;white
14147,,pixel art;character;small icon,white;red;gray
14148,,anime;spiky hair;pixel art;small icon,white;red;orange;gray
14149,,anime;boy;face;small icon,orange;black
14150,,anime;face;small icon,orange;yellow;blue;red
14151,,anime;face;blonde;small icon,orange;yellow
14152,Xvo.,xvo;gradient;blue;banner,blue;white
14153,,face;man;hat;small icon,orange;gray;gold;white
14154,THUSDUDE,thusdude;running man;red;banner,gray;red;white
14155,SNUH 9000,hal 9000;2001 a space odyssey;red eye;parody;banner,black;red;blue
14156,,cartoon;face;small icon,orange;white;gold;black
14157,,cartoon;hand;small icon,orange;green;purple;red
14158,,eyes;red;flower;sunflower;banner,red;brown;black
14159,The Doughboy Part 2: Cookies From Hell,pillsbury doughboy;cookies;pentagram;parody;horror;banner,orange;white;brown;pink
14160,,anime;face;pixel art;small icon,pink;brown;black
14161,,cartoon;face;man;small icon,orange;brown;gray;blue
14162,,anime;face;small icon,red;orange;blue;gray
14163,,anime;yellow;fire;small icon,yellow
14164,,creature;alien;green;small icon,gold;gray
14165,,face;red;dark;small icon,black;red;purple
14166,,eye;red eye;closeup;small icon,red;brown;black;orange
14167,,user;person;outline;small icon,white;gray
14168,,glowing eyes;red eyes;dark;blue;small icon,black;blue
14169,7,number;seven;small icon,white;gray
14170,,eye;blue eye;closeup;small icon,gray;orange;white
14171,,gem;blue;orb;small icon,white;blue
14172,,anime;face;red;small icon,white;red;pink
14173,,book;blue;small icon,white;black;blue
14174,,monster;teeth;creature;small icon,gray;black
14175,,chinese character;purple;small icon,blue;black
14176,Bot,bot;robot;small icon,yellow;blue
14177,,eye;blue eye;closeup;small icon,gray;orange;white
14178,,speaker;sound;volume;audio;small icon,white;black;gray
14179,,face;sunglasses;hair;man;small icon,red;brown
14180,,x;lines;black;banner,black;gray
14181,digitalSiN Mhockey27,digital sin;mhockey27;purple;eyes;banner,pink;gray;green
14182,incubus,incubus;band;music;purple;banner,purple;gray
14183,,kilroy was here;wall;brick;cartoon;small icon,white;red
14184,,cartoon;orange;creature;small icon,white;red;black
14185,,dragon;red;small icon,white;yellow;red
14186,,robot;skull;cyborg;terminator;small icon,gray;white;black
14187,,flower;orange;small icon,white;orange
14188,,anime;face;man;small icon,black;gray;orange
14189,,blue;orbs;bubbles;interface;banner,blue
14190,PLAY,play;small icon,gray;white
14191,,anime;face;dark;banner,gray;pink;brown
14192,MasterMind,mastermind;green;banner,black;green;gray
14199,MAUL,darth maul;star wars;sith;face;banner,brown;yellow;black
14200,Wildlife,bad moon;crescent moon;wildlife;animals;gold;banner,gold;yellow
14201,,bad moon;crescent moon;flowers;fruit;banner,brown;pink;white
14202,WEEDMAN,weedman;blue;logo;banner,blue;black;gray
14203,JDOG2k1,jdog2k1;blue;logo;banner,blue;black;gray
14204,ZOMBI,zombi;blue;logo;banner,blue;black;gray
14205,DIGITAL INK,digital ink;blue;logo;banner,blue;black;gray
14206,natural blonde naturally dumb [shitinabox],shit in a box;blonde joke;humor;banner,blue
14207,natural blonde naturally dumb [shitinabox],shit in a box;blonde joke;humor;banner,orange
14208,,bad moon;crescent moon;lion;cougar;big cat;eyes;wildlife;banner,brown;white;blue;orange
14209,,logo;green;black;banner,green;red;brown;black
14210,,bad moon;crescent moon;eagle;bird;eyes;wildlife;banner,white;blue;gray;orange
14211,,bad moon;crescent moon;owl;bird;eyes;wildlife;banner,white;blue;orange;gray
14212,,bad moon;crescent moon;hawk;bird;wildlife;banner,white;blue;gray;orange
14213,,bad moon;crescent moon;monkey;eyes;wildlife;banner,white;blue;gray;orange
14214,,bad moon;crescent moon;owl;eyes;wildlife;banner,brown;gray;white;blue
14215,,bad moon;crescent moon;tree frog;frog;red eyes;wildlife;banner,green;blue;white;cyan
14216,,bad moon;crescent moon;bird;wildlife;banner,blue;gray;white;cyan
14217,,bad moon;crescent moon;tree frog;frog;wildlife;banner,blue;green;white;gray
14218,,bad moon;crescent moon;fox;wildlife;banner,orange;blue;white;gray
14219,,bad moon;crescent moon;snake;reptile;wildlife;banner,blue;gold;gray;white
14220,,wolf;howling;moon;owl;wildlife;banner,gray;black;white
14221,Bad Moon,bad moon;wolf;howling;full moon;banner,gray;white;black
14222,,animal;fur;wildlife;banner,white;black
14223,,shark;teeth;ocean;wildlife;banner,blue;black;gray
14224,,bird;flying;sky;wildlife;banner,blue;gray
14225,,penguin;bird;wildlife;banner,blue
14300,Transport,bad moon;crescent moon;transport;cars;gold;banner,gold;yellow
14301,,bmw;car;cars;logo;banner,black;gray;red
14302,Lexus,lexus;car;logo;banner,gray;white
14303,SAAB,saab;car;logo;banner,gray;white
14304,Lamborghini,lamborghini;car;sports car;banner,black;gray;yellow;gold
14305,Ferrari,ferrari;car;sports car;banner,red;black;gray
14306,JAGUAR,jaguar;car;logo;banner,blue;black;gray
14307,,mercedes-benz;mercedes;car;logo;banner,gray;blue;black
14308,,train;locomotive;railway;banner,gray;white
14309,,train;high speed train;railway;banner,gray;black;white;purple
14310,,car;tire;wheel;banner,orange;brown;white
14400,Servers,bad moon;crescent moon;servers;gold;banner,gold;yellow
14401,Bad Moon,bad moon;crescent moon;logo;black;banner,black;gold
14402,BADMOON,bad moon;crescent moon;red;logo;banner,black;red
14403,bad moon,moon;crescent;metallic;chrome;gradient,gray;black;white
14404,Good Sun,moon;crescent;sun;black and white;simple,white
14405,Tolkien Ring,ring;one ring;tolkien;lord of the rings;fantasy,blue;gray
14406,CyberPunks,cyberpunk;smiley;logo;black;hacker,black;gray
14407,Hotline,hotline;hotline logo;globe;gradient,white;red;gray;black
14408,Tech,tech;eye;abstract;collage;gradient,brown;white;gray;red
14409,BOFFO,metallic;chrome;gradient;logo,gray;white
14410,MacResource,mac;macintosh;apple;menu;popup;gift,white;gray
14411,SoSUCKinE,abstract;red;dark;texture,red
14412,,face;eyes;dark;photo;horror,black
14413,taboo,face;photo;sepia;collage,gray
14414,electrik monk,gorilla;ape;rainbow;gradient,blue;cyan
14415,bah,pattern;circles;pink;retro,pink;white
14416,bah,checkerboard;checkered;pattern;gray,gray;white
14417,R4,lens flare;light;abstract;logo,black;white;cyan;gray
14418,,plain;blank;white,white
14419,iAppleWorld,apple;apple logo;mac;blue;gradient,blue;cyan;gray
14420,HackAddict,hacker;hacking;gradient;red,white;black;blue;red
14421,MDF,star;burst;logo;black and white,gray;white;black
14422,kei's emu orgasm,anime;girl;face;emulator;emulation,white;gray
14423,mp3,mp3;music;lightning;bolt;logo,gray;white
14424,Tech,tech;eye;abstract;collage;gradient,brown;white;red;orange
14425,iAppleWorld,apple;apple logo;mac;blue;gradient,blue;cyan;gray
14426,Free Apple,apple;mac;script;blue;gradient,blue;gray;white
14427,ResExcellence,mac;finder;clown;jester;icon,white;blue
14428,Illegal,illegal;x;warez;black and white,gray;black;white
14429,PlayStation Penthouse,playstation;sony;controller;video games;gaming;console,gray;white
14430,PIMPSHACK,quake;quake logo;gaming;green,green
14431,Chuckles' Tavern,tavern;wood;medieval;fantasy;top half,red;brown;black;gray
14432,Chuckles' Tavern,tavern;wood;medieval;fantasy;bottom half,red;brown;gray
14433,wAcKa online!,hotline;hotline logo;gradient;stripes,gray;green
14500,Red Dragon's Collection,moon;crescent;dragon;gold;gradient,gold;yellow
14501,Red Dragon's Lair,dragon;yin yang;gold;yellow;figure,yellow;gold
14502,,dragon;yin yang;purple;abstract;red dragon's lair,white;purple
14503,,dragon;yin yang;gradient;red;blue;red dragon's lair,blue;red;white;pink
14504,Red Dragon's Lair,dragon;yin yang;fire;sword;red,black;brown
14505,Red Dragon's Lair,dragon;yin yang;pumpkin;halloween;orange,white;gray;orange
14506,,dragon;yin yang;gradient;purple;red dragon's lair,pink
14507,,dragon;yin yang;face;man;photo;red dragon's lair,black;red
14508,KING OF 3D,dragon;yin yang;3d;yellow;gradient,white;yellow
14509,The Mighty One,dragon;yin yang;figure;gradient;red dragon's lair,gray;white
14510,,dragon;yin yang;blue;texture;red dragon's lair,blue
14511,Ebony Dragon,dragon;yin yang;chinese dragon;red;gold,red;black
14512,,cow;sheep;pixel art;black and white;cartoon,white
14513,,nsfw;skin;body;breasts;cleavage;photo,orange;brown
14514,,nsfw;skin;body;breast;close-up;photo,white;red;brown
14515,,abstract;metal;blue;photo,blue;gray
14516,,nsfw;skin;body;photo;gradient,white;orange
14517,,painting;art;woman;face;fantasy,yellow;white;gray;orange
14518,,anime;girl;eyes;red hair;face,red;purple;pink
14519,,lips;mouth;woman;drawing;sketch,yellow
14520,,woman;face;eyes closed;drawing;art,green;yellow
14521,,drawing;sketch;sepia;art;figure,orange;gray;brown
14523,,texture;pattern;dark red;ornate,brown;red
14524,,arabic;persian;calligraphy;script;parchment,brown;orange;yellow;gray
14525,,chinese;asian;characters;scroll;pattern,white;yellow;brown;orange
14526,,black and white;photo;couple;kiss;woman,gray;white;black
14527,,mona lisa;da vinci;painting;eyes;classical art,yellow;gold;orange;black
14528,,painting;classical art;renaissance;face;woman,brown;orange
14529,,painting;classical art;woman;face;red hair,black;gray;brown
14600,Black Veil Collection,moon;crescent;gold;gradient,gold;yellow
14601,44 Jose Canseco,jose canseco;baseball;sports;face;photo,white;orange
14602,BV,rose;flower;collage;black veil,white;gray;red
14603,,slider;progress bar;mac;interface;ui,gray;white;blue
14604,,dragon;monster;cartoon;green;underwater,cyan;green;blue
14605,,bubbles;balls;metallic;chrome;yellow,gray;white
14606,Roll Da Beats,music;speaker;sound;mac;ui,yellow;white;gray
14607,,hazard stripes;caution;progress bar;ui;green,gray;black;gold
14608,,eye;gradient;gray,gray
14609,PotHead,face;man;sunglasses;marijuana;gradient,gray
14610,mentos,mentos;candy;brand;logo;mini,blue;white
14611,,playboy;bunny;logo;red;dark,red;black
14612,The Mystic,face;space;blue;abstract,blue
14613,,brick wall;bricks;face;cartoon;gray,gray
14614,,gradient;teal;small;partial,white;green;gray
14615,Xmodean,lens flare;gradient;small,white;blue;gray
14616,,figure;gradient;gray;small,white;gray
14617,,green;gradient;face;small,white;green;black
14618,,red;figure;small;gradient,white;red
14619,,eyes;green;gradient;small,green;white
14620,Problem Child,face;child;orange;small,white;orange;yellow
14621,,sky;clouds;blue;character,blue;white
14622,,mega man;mega man x;capcom;video games;blue,blue
14623,,skull;dark;gradient;horror,black;gray
14624,,fire;flames;glow;red eyes;dark,white;black
14625,,billiards;pool balls;pool table;green felt;8 ball,green;orange;red
14626,,fire;flames;small;dark,white;orange
14627,,spaceship;shooter;pixel art;video games;circuit,black;yellow
14628,,gray;texture;marble;logo,white;black
14629,,cat;cartoon;purple;glow;ghost,pink;white
14630,,hazard stripes;caution;yellow;black;cartoon,black;gold
14631,,eye;eyeball;gradient;gray,gray;white
14632,,barcode;stripes;black and white,black
14633,,icons;small;white;ui,white
14634,,black;shapes;white;minimal,white;black
14635,,coins;money;silver;photo,gray;white
14636,,metallic;gray;bar;gradient,gray
14637,cyROM,magnifying glass;search;yellow;ui,gray;yellow;gold;white
14638,,fire;dragon;glow;yellow;fantasy,yellow;white;orange
14639,,spider;black widow;insect;creepy,white;brown;red
14700,Lizard Lair Collection,moon;crescent;gold;gradient;lizard,gold;yellow
14701,Lizard,lizard;frog;green;reptile,green;gold
14702,,metallic;chrome;pipe;gray;lizard lair,gray;white
14703,,green;slime;organic;lizard lair,green
14704,,metallic;chrome;blade;gray;lizard lair,gray;white
14705,,metallic;green;tech;lizard lair,white;gray;green
14706,Lizard's Lair,lizard;frog;green;reptile,green
14707,,green;stone;organic;lizard lair,green;gray;white
14708,,metallic;chrome;gray;lizard lair,white;gray
14709,,metallic;chrome;gray;lizard lair,white;gray
14710,,metallic;chrome;pipe;gray;lizard lair,white;gray
14711,Baby Lizard,lizard;cartoon;cute;green,white;gray
14712,Baby Lizard,lizard;cartoon;cute;red,white;gray
14720,,metallic;green;pipe;tube,green;gray;white
14721,,red;sphere;teal;abstract,cyan;white;red;black
14723,,abstract;red;dark;texture,black;red
14725,,music;music note;guitar;red,white;red;gray;pink
14726,,gray;pattern;circles;black and white,gray;white
14727,,black;gradient;dark;minimal,black;white;gray
14728,,sunset;collage;orange;photo,orange;red;pink
14730,,space;comet;stars;dark,black;gray
14731,,yin yang;red eyes;face;creepy;black and white,gray;black
14733,,cartoon;face;duck;funny,white
14735,,music;music notes;trombone;horn;instrument,blue;pink
14737,,anime;girl;bubbles;white;blue hair,white
14738,,taz;tasmanian devil;looney tunes;cartoon;palm tree,white;gray;green
14739,,collage;pixel art;gradient;red text,gray
15000,iconvicts,eye;logo;orange;gradient,orange
15006,,plain;blank;white,white
16021,Porn,ear;nsfw;red;gradient,red;pink
16036,,tigger;winnie the pooh;disney;cartoon;tiger,white;brown;orange
17017,,static;noise;metallic;tv,gray
17019,,shark;zigzag;ocean;blue,cyan
17036,,face;eye;green;dark;alien,black;green
17122,,eye;close-up;brown;photo,brown;red
17137,,eye;eyeball;teal;gradient,cyan;white;blue
17153,,face;pale;red;dark;gothic,black;red;blue
17174,Transmission Error,error;metallic;gray;tech,gray;white
17177,,eye;yellow;circles;dots;ui,yellow;blue;gray
17259,,eyes;woman;face;close-up;photo,orange;pink
17296,,circles;dots;blue;pattern,blue;black
17409,Ithica,eye;blue;abstract;gradient,gray;brown;blue
17414,[6]UnderGround,gray;gradient;minimal;logo,white;gray
17433,i/6,woman;face;fantasy;wings;art,brown;gray
17437,i/6,woman;face;green;fantasy;art,black
19001,,eyes;radioactive;radiation;glow,gray;yellow;white
19002,Ed,eyes;purple;lens flare;glow,purple;blue;black
19003,Dee,eyes;pink;lens flare;glow,pink;orange;black
19025,Mad Max administrator,admin;blue;swoosh;gradient,blue;white;pink
20000,,arrow;return;enter;green;small,white;green;black
20001,Digital Obsession,blue;gradient;metallic;logo,blue;gray
20002,Digital Obsession,red;gradient;metallic;logo,red;brown
20003,Digital Obsession,green;gradient;metallic;logo,gold;green;yellow;gray
20004,iconvicts icons,gray;metallic;logo;gradient,gray;white
20005,iconvicts,eye;gray;metallic;logo,white;gray
20006,,crosshair;target;stripes;collage,gray
20007,F7 Forerunners,metallic;gray;red;logo;ui,gray;white;red
20013,,nsfw;nude;woman;reclining;painting,orange;blue;cyan
20014,Dee,jessica rabbit;who framed roger rabbit;lips;mouth;pixel art;red,red;pink;white
20020,Digital Obsession,metallic;gray;orange;logo;tech,gray;black
20021,Digital Obsession,red;stripes;logo;tech,red;black;pink;white
20022,Digital Obsession,blue;grid;logo;tech,blue;black
20023,Obsession,fire;orange;abstract;logo,brown;orange
20036,Obsession,blue;purple;abstract;logo,blue
20037,Obsession,orange;abstract;sky;logo,orange;brown;red;gray
20038,Digital Obsession,anime;eyes;face;blue,blue;white
20039,Digital Obsession,binary;gray;tech;gradient,gray;white
20040,Not Your Ordinary Obsession,clouds;sky;blue;gradient,blue;gray;white;black
20041,Digital Obsession,clouds;sky;gradient;blue,blue;white
20042,ruobsessed?,metallic;logo;gray;tech,gray;white;blue
20043,Digital Obsession,red;waves;logo;abstract,red;gray;brown
20044,Obsession,green;sparkle;logo;abstract,green
20045,Obsession,sepia;abstract;logo,gray;yellow
20046,Obsession,dark;gray;abstract;logo,gray;black;white
20047,Digital Obsession,texture;rock;brown;photo,brown;gray;black
20048,,eye;blue;swoosh;gradient;iconvicts,blue;white
20049,iconvicts,eye;red;logo;grunge,red;brown
20050,iconvicts,eye;gray;logo;grunge,gray
20051,iconvicts,eye;blue;logo;gradient,blue;white
20052,iconvicts,eye;green;logo;dark,black;green
20053,iconvicts,eye;cyan;logo;electric,cyan;white;gray;blue
20054,iconvicts,eye;gray;logo;metallic,gray;white
20055,iconvicts,eye;gold;logo;fur,brown;orange
20056,iconvicts,eye;green;marble;logo,gray;green;cyan
20057,iconvicts,eye;white;gray;logo,white;gray
20058,Digital Obsession,gold;logo;gradient,brown;orange;gray
20059,Digital Obsession,blue;logo;gradient;tech,blue
20060,Blood Obsession,blood;red;grunge;logo,red
20061,Death Obsession,death;blue;grunge;logo,gray;blue
20221,ABUSE,orange;gradient;grunge;logo,orange;brown
20251,Minotaur,axe;battle axe;weapon;fantasy,white
20351,,blue;abstract;dark;tech,blue;gray
20352,,gray;gradient;face;dark,gray
20353,,pixel font;black and white;blocky;minimal,white;gray;black
20354,,pixel font;yellow;black;blocky,yellow;gold;black
20355,,red;black;blocky;glyphs,red;black
20356,,pink;landscape;ui;gradient,gray;pink;red
20357,,sketch;white;abstract;texture,white;yellow
20358,,gold;brown;texture;sepia,yellow;brown;orange
20359,,gold;brown;texture;sepia,brown;black;orange
20360,,brown;abstract;dark;texture,gray;brown;pink
20361,,glow;orange;fire;spaceship,white;red;orange
20362,,gray;sketch;abstract;tech,white;gray
20363,,space;planet;stars;gray,white;gray
20450,://Aftermath,marathon;bungie;binary;gray;video games,white;gray
20451,AM,marathon;bungie;weapon;gun;video games,brown;orange
20452,Portal of Sigma,marathon;bungie;purple;video games;sci-fi,purple;blue;gray
20453,anomatic,marathon;bungie;blue;logo;video games,blue;black
20454,anomatic,gray;metallic;logo,gray
20455,://Marathon Red,marathon;bungie;red;video games;sci-fi,black;red;gray
20501,Myth,myth;bungie;video games;warrior;fantasy,brown;gray;white
20651,,anime;face;eyes;purple;gradient,purple
20751,Slayer,halo;bungie;game mode;blue;video games,blue;black
20752,King of the Hill,halo;bungie;game mode;crown;blue,blue;black
20753,Capture the Flag,halo;bungie;game mode;flag;ctf,blue;black
20754,Oddball,halo;bungie;game mode;skull;blue,blue;black
20755,,halo 2;halo;master chief;bungie;xbox,gray;brown
20756,,halo 2;halo;master chief;bungie;xbox,gray;white
20757,,triangle;red;dark;fantasy;creature,black;red;brown
20758,,pixel art;yellow;ui;robot,yellow;gray;gold
21001,Photoshop,adobe;photoshop;software;logo,red;orange
21002,ImageReady,adobe;imageready;software;eye;logo,gray;red;blue
21003,GoLive,adobe;golive;software;logo,yellow;orange;gold
21004,GraphicConverter,graphicconverter;mac;software;house;icon,white;gray
21006,InternetExplorer,internet explorer;microsoft;browser;software;logo,blue;gray
21007,Outlook Express,outlook express;microsoft;email;software,yellow;white;green;gray
21008,Netscape,netscape;browser;software;logo,gray
21009,Tex-Edit Plus,tex-edit;mac;software;text editor,gray;red;blue
21010,REALbasic,realbasic;software;programming;cube;green,green;red;gray
21011,Transmit,transmit;panic;ftp;mac;software,gray;white;yellow
21013,Norton AntiVirus,norton;antivirus;symantec;software,yellow;gray;red
21014,SoundJam MP,soundjam;mp3;music;software;mac,green
21015,Narcotics Anonymous,narcotics anonymous;logo;collage,yellow;gray
21016,PLAYDIUM,playdium;dark;tech;logo,black;blue
21017,Underground,london underground;stripes;red;blue,white;blue;red
21018,,tide;detergent;brand;logo;orange,orange
21019,ecko,ecko;ecko unltd;clothing;brand;logo,black;red
21020,Quality Papers,rolling papers;brand;logo;red,red
21021,Quality Papers,rolling papers;brand;logo;blue,blue;gray
21022,Magnum Larger Condoms Trojan,trojan;condoms;brand;spartan helmet;logo,white;gray
21023,Blue,water;ocean;blue;waves,blue
21024,Mac OS X,mac os x;apple;mac;aqua;ui,blue;white
21025,LinuxMall.com,linux;tux;penguin;logo,white;gray
21026,240SX,nissan;240sx;car;gray,white;gray
21027,,atari;logo;black and white;retro,white;gray;black
21282,[Na],anime;girl;pink;face,pink;red;gray
21301,Wideload Icons,red;title;header;logo,red
21302,Wideload,stubbs the zombie;zombie;video games;yellow,gray;gold
21401,zombie army,stubbs the zombie;zombie;video games;gray;ui,gray;white
21402,brains,stubbs the zombie;zombie;brains;video games;horror,gray;white;black
21403,'s brains,stubbs the zombie;zombie;heart;green;horror,black;green;gray
21701,Misc. Video Game Icons,video games;title;header;red,red;gray;white
21702,,video games;art;red;teal;fantasy,black;gray;cyan
21703,,video games;art;teal;white;fantasy,cyan;white
21704,,killzone;helghast;soldier;glowing eyes;video games,gold;brown;orange;yellow
21705,,killzone;helghast;soldier;glowing eyes;video games,gray;brown;black
21706,,star wars;republic commando;clone trooper;helmet;video games,black;gray
21707,,soldiers;video games;screenshot;military,gray;brown
21708,,forest;trees;video games;screenshot,white;gray
21709,,jungle;palm;video games;screenshot,gray;white;blue
21710,,zelda;triforce;legend of zelda;nintendo;video games,blue
21711,,mario;super mario;nintendo;pixel art;piranha plant,orange;green
21712,,toad;mario;nintendo;mushroom;red,red;white;pink
21713,,video games;cartoon;yellow;pixel art,brown;orange;yellow
21714,,video games;dark;blue;screenshot,gray;blue
21715,Metal Slug,metal slug;snk;video games;explosion;arcade,red;orange;brown
21716,Bomberman,bomberman;video games;pixel art;hudson,gray;white
21901,Apple,apple;apple logo;mac;gray;metallic,white;gray
21902,Apple,apple;apple logo;mac;gray;metallic,white;gray
21903,Apple,apple;apple logo;mac;gray;metallic,white;gray
21904,Apple,apple;apple logo;mac;gray;mouse,white;gray
21905,Apple,apple;apple logo;mac;ipod;gray,white;gray
21906,Apple,apple;apple logo;mac;gray;metallic,gray;white
21951,,aqua teen hunger force;meatwad;adult swim;cartoon,brown;red
21952,,aqua teen hunger force;mooninite;adult swim;cartoon;pixel art,blue;white;green
21953,Sewiouswy.,cartoon;seriously;funny;white,white;gray
21954,,penny arcade;webcomic;cartoon;face;blue,blue;gray
22001,Linkin Park,linkin park;band;music;rock;logo,gray;black
22002,Linkin Park,linkin park;band;music;rock;logo,cyan;gray;red
22004,LP Underground,linkin park;band;music;rock;logo,white;red;gray
22005,Devils Night,d12;devils night;eminem;rap;music,gray;black
22006,Eminem,eminem;rap;hip hop;music;middle finger,gray;white
22007,Trust Co.,trust company;band;music;star;rock,black;gray
22008,Kompressor,kompressor;music;face;dark,black;gray
22010,Lagwagon,lagwagon;band;punk;music,green;gold;yellow
22011,Pennywise,pennywise;band;punk;music,gray;white
22012,Rancid,rancid;band;punk;music;blue,blue;gray
22013,The Distillers,the distillers;band;punk;music;black and white,black;gray;white
22084,[Na],anime;girl;pink hair;green eyes;face,gray;pink;yellow;white
22101,ICP,icp;insane clown posse;juggalo;music;sepia,brown;orange
22102,Carnival of Carnage,icp;insane clown posse;juggalo;joker's card;music,pink;blue;red;purple
22103,Ringmaster,icp;insane clown posse;juggalo;joker's card;music,orange;brown;gray
22104,Riddle Box,icp;insane clown posse;juggalo;joker's card;music,pink;green;yellow
22105,Great Milenko,icp;insane clown posse;juggalo;joker's card;music,red;gray
22106,Jeckel Bros.,icp;insane clown posse;juggalo;joker's card;music,yellow;orange;red
22107,Tunnel Of Love,icp;insane clown posse;juggalo;music;pink,red;pink
22108,Pumpkin Carver,icp;insane clown posse;juggalo;music;gray,gray;white
22109,mutilation MIX,icp;insane clown posse;juggalo;music;clown,purple;red
22110,ICP forgotten freshness,icp;insane clown posse;juggalo;music;blue,blue;red
22111,,icp;insane clown posse;hatchetman;juggalo;clown,blue;gray
22151,Tara Reid,tara reid;actress;celebrity;woman;blonde,white;orange
22152,,woman;face;photo;blue;purple,blue;gray;white
22153,,men;faces;sunglasses;photo;movie,gray;white
22154,Yoda,yoda;star wars;jedi;pixel art;green,green;red
22201,Blade II,blade;blade 2;movie;vampire;marvel,gray;black;white
22202,,blade;vampire;movie;red;horror,white
22203,A Clockwork Orange,a clockwork orange;kubrick;movie;eye;black and white,gray;black
22204,Lord of the Rings,lord of the rings;lotr;one ring;tolkien;face;movie,purple;brown;blue;gray
22205,Lord of the Rings,lord of the rings;lotr;one ring;tolkien;face;movie,purple;gray;brown;blue
22206,Lord of the Rings,lord of the rings;lotr;one ring;tolkien;face;movie,purple;brown;gray;blue
22207,Lord of the Rings,lord of the rings;lotr;one ring;tolkien;face;movie,blue;white;brown;gray
22208,Lord of the Rings,lord of the rings;lotr;one ring;tolkien;eyes;movie,brown;blue
22209,Lord of the Rings,lord of the rings;lotr;one ring;tolkien;elf;movie,blue;brown;gray
22210,Lord of the Rings,lord of the rings;lotr;one ring;tolkien;face;green,green;brown
22211,Lord of the Rings,lord of the rings;lotr;one ring;tolkien;eyes;green,green;brown
22212,Lord of the Rings,lord of the rings;lotr;one ring;tolkien;face;blue,blue;gray
22213,Lord of the Rings,lord of the rings;lotr;one ring;tolkien;face;gold,orange;brown
22214,Lord of the Rings,lord of the rings;lotr;one ring;tolkien;eyes;gold,orange;brown;yellow
22215,Lord of the Rings,lord of the rings;lotr;one ring;tolkien;cyan,blue;gray;cyan
22216,Lord of the Rings,lord of the rings;lotr;one ring;tolkien;face;blue,blue;gray
22217,Lord of the Rings,lord of the rings;lotr;one ring;tolkien;eyes;old man,blue;gray
22218,Lord of the Rings,lord of the rings;lotr;one ring;tolkien;face;beard,brown;gray;blue;red
22219,Lord of the Rings,lord of the rings;lotr;one ring;tolkien;dwarf;beard,brown;gray;red
22220,Lord of the Rings,lord of the rings;lotr;one ring;tolkien;face;man,brown
22221,Lord of the Rings,lord of the rings;lotr;one ring;tolkien;face;blue,gray;blue;brown
22222,Lord of the Rings,lord of the rings;lotr;one ring;tolkien;face;eyes,gray;brown
22223,Lord of the Rings,lord of the rings;lotr;one ring;tolkien;eye;creature,gray;brown
22224,Lord of the Rings,lord of the rings;lotr;gollum;tolkien;eyes;creature,gray
22225,Lord of the Rings,lord of the rings;lotr;one ring;tolkien;face;man,brown;orange
22226,Lord of the Rings,lord of the rings;lotr;one ring;tolkien;face;man,brown;orange
22227,Lord of the Rings,lord of the rings;lotr;one ring;tolkien;face;elf,brown;gray;orange
22228,Lord of the Rings,lord of the rings;lotr;one ring;tolkien;creature;green,gray
22229,Lord of the Rings,lord of the rings;lotr;one ring;tolkien;orc;monster,gray
22230,Lord of the Rings,lord of the rings;lotr;tolkien;movie;landscape,gray;black;brown
22231,Apocalypse Now,apocalypse now;movie;helicopters;vietnam;war,red;orange
22232,the City of Lost Children,city of lost children;movie;french;film,brown;black
22233,A Clockwork Orange,a clockwork orange;kubrick;movie;face;eyes,pink
22234,Lola rennt,run lola run;lola rennt;movie;german;faces,gray;red;brown;white
22235,What is reality,the matrix;matrix;movie;code;green,green;black
22236,Minority Report,minority report;movie;eye;tom cruise,gray;blue;black
22237,Requiem for a Dream,requiem for a dream;movie;eye;pupil,gray;black;white;red
22238,singles,singles;movie;gray;texture,gray
22239,Tombstone,tombstone;movie;western;cowboys,gray;black;red;orange
22240,Trainspotting,trainspotting;movie;faces;orange,orange;gray
22241,Star Wars,star wars;yoda;lightsaber;movie;jedi,black;brown;red
22242,Harry Potter,harry potter;owl;hedwig;movie;wizard,brown;blue;gray
22251,Music Icons,music;title;header;red,red
22252,hoobastank,hoobastank;band;music;rock;logo,gray;white
22253,frogstomp,silverchair;frogstomp;frog;band;music,white;green
22254,Pearl Jam,pearl jam;band;music;rock;sky,blue
22255,pink floyd,pink floyd;band;music;rock,gray;white
22256,nine inch nails,nine inch nails;nin;band;music;industrial,brown;yellow;gray
22257,Axis of Justice,axis of justice;fist;music;activism,brown;gray
22258,The International Lovers,band;music;sunglasses;gray,gray
22301,Simpsons,the simpsons;simpsons;bart simpson;cartoon;tv show,gold;yellow;red
22302,Simpsons,the simpsons;simpsons;homer simpson;cartoon;tv show,gold;cyan;yellow
22303,Simpsons,the simpsons;simpsons;cartoon;tv show;yellow,gold;cyan;yellow
22304,Simpsons,the simpsons;simpsons;cartoon;tv show;yellow,gold;yellow;cyan
22305,Simpsons,the simpsons;simpsons;cartoon;tv show;yellow,blue;gold
22306,Beavis and Butt-Head,beavis and butt-head;mtv;cartoon;tv show,gray;orange
22348,[Na],anime;rei ayanami;evangelion;girl;blue hair;red eyes,white;blue;gray
22351,Tool,tool;band;music;rock;fire,black;gray;red
22352,mars volta,the mars volta;band;music;rock,gray;white;black;brown
22401,,blue;dark;abstract;tech,blue;black
22451,I <3 Britney Spears,britney spears;heart;pop;music;love,white;brown
22651,Apple Icons,apple;title;header;red,red
22751,,apple;white;mac;hardware;minimal,white
22752,Lick it,apple;apple logo;mac;aqua;blue,white;blue
22851,.mac,apple;apple logo;.mac;mac;white,white
22852,MAC,mac;finder;face;blue;apple,blue;white
22853,,green;button;aqua;mac os x;gray,white
22854,,red;button;aqua;mac os x;blue,blue
22951,Other Comp' & OS Icons,computers;os;title;header;red,red;white;gray
23001,digiOB,digital obsession;gold;metallic;tech,brown;yellow
23002,digiOB,digital obsession;green;dark;tech,gray;green;black;brown
23003,,digital obsession;face;blue;man;dark,blue;cyan;black;gray
23004,,digital obsession;face;orange;art,orange;brown
23005,,digital obsession;guitar;music;electric guitar,brown;white;gray
23006,,digital obsession;orange;face;art,red;orange;brown
23007,,digital obsession;marijuana;leaf;weed;purple,gray;blue
23008,,digital obsession;marijuana;leaf;weed;green,gray;green
23009,,digital obsession;red;dark;abstract,gray;red;black
23010,,digital obsession;orange;fire;abstract,brown;orange
23011,,digital obsession;green;glow;abstract,green;black
23012,,digital obsession;dark;gray;face,gray;black
23013,,digital obsession;orange;texture;rust,brown;orange
23014,,digital obsession;eyes;face;brown,brown;red;black
23015,,digital obsession;cyan;robot;tech,cyan;gray
23016,,digital obsession;red;blood;grunge,red
23017,,digital obsession;blue;dark;abstract,blue;gray;black;green
23018,,digital obsession;teal;abstract;glow,cyan;green
23019,,digital obsession;cyborg;robot;red eyes;metallic,gray;white;black;brown
23020,Digital Obsession,digital obsession;olive;metallic;tech,gold;yellow;gray;black
23021,,digital obsession;orange;green;abstract,red;yellow;orange;brown
23022,,digital obsession;blue;face;eyes,blue
23023,,digital obsession;brown;face;metallic,brown;red;black
23024,,digital obsession;green;glow;abstract,green
23025,,digital obsession;yellow;green;abstract,green;gold;yellow
23026,,digital obsession;purple;pink;abstract,pink
23027,,digital obsession;metallic;robot;gray,gray
23028,,digital obsession;metallic;silver;tech,gray;blue;white
23029,,digital obsession;teal;landscape;abstract,cyan;green;gray
23030,,digital obsession;skin;belly;navel;body,brown;gray;orange
23031,breathe it,digital obsession;senses;flowers;script,white;gray
23032,hear it,digital obsession;senses;ear;woman;sepia,brown;gray
23033,predict it,digital obsession;senses;eyes;blue;glowing eyes,blue
23034,see it,digital obsession;senses;eye;close-up,gray;red;brown
23035,taste it,digital obsession;senses;mouth;lips;tongue,blue;pink;gray
23036,touch it,digital obsession;senses;hand;skin;sepia,gray;white
23037,,digital obsession;purple;abstract;eye,purple;pink
23038,,digital obsession;skin;body;blue;photo,red;gray;blue;brown
23039,DO,digital obsession;comic;face;orange;art,orange;red;brown
23040,DO,digital obsession;comic;face;blue;art,blue
23041,DO,digital obsession;comic;green;helmet;art,green;black
23042,DO,digital obsession;comic;red;face;art,red;orange
23043,DO,digital obsession;comic;woman;eyes;pink hair,pink;red
23044,DO,digital obsession;comic;orange;face;art,orange;brown;red
23045,DO,digital obsession;comic;green skin;purple;art,purple;green;black
23046,DO,digital obsession;comic;white hair;yellow eyes;art,brown;gray;white
23047,DO,digital obsession;comic;woman;face;dark hair,blue;gray;black
23048,DO,digital obsession;comic;woman;face;art,brown;yellow;orange;gray
23049,,digital obsession;blue;biomechanical;abstract,blue;gray
23051,,digital obsession;biomechanical;giger;gray;texture,gray
23052,,digital obsession;biomechanical;giger;dark;texture,gray
23053,,digital obsession;biomechanical;giger;sepia;texture,gray;brown;white
23054,,digital obsession;green;glow;abstract,green
23055,,digital obsession;biomechanical;giger;blue;texture,gray;blue
23056,,digital obsession;biomechanical;giger;gray;texture,gray;white
23057,,digital obsession;biomechanical;giger;olive;texture,green;gray;yellow
23058,,digital obsession;teal;texture;abstract,gray;cyan;white
23059,,digital obsession;pink;texture;abstract,gray;pink;white
23060,,digital obsession;biomechanical;giger;purple;texture,gray
23061,,digital obsession;biomechanical;sepia;texture,brown
23062,,digital obsession;dark;teal;abstract,gray;black
23063,,digital obsession;purple;abstract;texture,gray;white;purple
23064,,digital obsession;biomechanical;gray;texture,gray;white
23066,,digital obsession;biomechanical;metallic;texture,gray;brown
23067,,x;teal;gradient;abstract,cyan;gray;blue
23068,,x;green;gradient;abstract,green;gray;cyan
23069,,x;abstract;gold;texture,gray;white;brown
23070,,x;teal;abstract;texture,cyan;gray
23071,,x;teal;white;abstract,cyan;white
23072,,x;blue;purple;glitch;abstract,blue;cyan;green
23073,,x;green;grunge;texture,green
23074,,x;red;orange;abstract,red;brown
23075,,x;purple;magenta;grunge,pink;purple
23076,,x;gray;abstract;texture,gray
23077,,x;purple;dark;texture,purple
23201,Complex,complex;cross;plus;blue;gradient,blue;white
23202,Complex,complex;cross;plus;teal;dark,blue;gray;cyan
23203,Complex,complex;cross;plus;metallic;teal,cyan;gray;white
23204,Complex,complex;cross;plus;blue;gray,white;blue;gray
23205,,complex;cross;plus;abstract;gray,white;cyan;gray
23206,,complex;cross;plus;metallic;blue,white;cyan;gray
23207,,complex;cross;plus;metallic;ring,gray;blue
23208,,complex;cross;plus;blue;plain,blue;white
23209,,complex;cross;plus;gray;abstract,gray
23210,,complex;cross;plus;blue;lines,blue;white
23211,,complex;cross;plus;beige;metallic,gray;yellow;white
23212,,complex;cross;plus;metallic;abstract,gray;white
23213,,complex;cross;plus;purple;smoke,blue;gray;white
23214,,complex;cross;plus;purple;smoke,white;blue;gray
23215,,complex;cross;plus;gray;swoosh,gray;cyan;white
23216,,complex;cross;plus;dark gray;swoosh,gray
23217,,complex;cross;plus;green;abstract,green
23218,,complex;cross;plus;mechanical;abstract,white;gray;cyan
23219,,complex;cross;plus;beige;abstract,white;brown;yellow
23220,,complex;cross;plus;white;glow,white
23221,,complex;cross;plus;white;cream,white
23222,,complex;cross;plus;cyan;abstract,white;gray;cyan
23223,,complex;cross;plus;abstract;face,white;gray;brown
23224,,complex;cross;plus;metallic;gray,gray;white
23225,,complex;cross;plus;light blue;abstract,blue;white;gray
23226,,complex;cross;plus;light blue;swoosh,blue;white;gray
23227,,complex;cross;plus;blue;metallic,blue;white;gray
23228,,complex;cross;plus;gray;orange,gray;white;brown
23229,,complex;cross;plus;blue;abstract,blue;gray
23230,,complex;cross;plus;gray;metallic,gray
23231,,complex;cross;plus;green;abstract,green;white;gray
23232,,complex;cross;plus;green;tech,white;gray
23233,,complex;cross;plus;green;abstract,white;green;gray
23234,,complex;cross;plus;green;face;glowing eyes,green;gray;white
23235,,stripes;light blue;gradient;lines,gray;white;cyan;blue
23236,,orange;fire;abstract;glow,orange;brown
23237,,digital obsession;orange;gold;stripes,brown;orange
23238,,digital obsession;blue;cyan;glow,blue;cyan;white
23239,,complex;cross;plus;gray;grid;tech,gray;blue
23240,,complex;cross;plus;gray;glow;abstract,gray;blue;white
23241,,complex;cross;plus;gray;glow;abstract,gray;white;blue
23242,Complex Ikons,complex;cross;plus;blue;tech,blue;gray
23243,Complex Ikons,complex;cross;plus;blue;tech,blue;gray
23244,,complex;cross;plus;purple;abstract,blue;purple
23245,,complex;cross;plus;green;gradient,green;gray
23246,,complex;cross;plus;green;gradient,gray;green;white
23247,,complex;cross;plus;eye;beige;tech,white
23248,,complex;cross;plus;brown;tech;abstract,gray;white
23249,,complex;cross;plus;blue;gradient,blue
23250,,fast forward;arrows;blue;gray;tech,blue;gray
23251,,complex;cross;plus;blue;tech;dark,blue
23252,,complex;cross;plus;blue;gray;abstract,blue
23253,,complex;cross;plus;blue;gray;tech,blue;gray
23254,,complex;cross;plus;blue;metallic;swoosh,blue;gray
23256,,complex;cross;plus;blue;purple;gradient,blue;gray
23257,iconvicts,iconvicts;eye;green;gradient,green
23258,,iconvicts;eye;yellow;honeycomb,gold;green
23259,,iconvicts;skull;white;glow,white;gray
23260,,iconvicts;metallic;blue;tech,blue;white
23261,,iconvicts;eye;purple;electric,purple
23262,,iconvicts;eye;purple;glowing eyes,purple;blue
23263,Mars,iconvicts;eye;mars;planet;red,red
23264,,iconvicts;eye;orange;fire;dark,black
23265,,iconvicts;eye;monster;demon;orange,orange;brown;black
23266,,iconvicts;eye;teal;silhouettes,cyan;blue;green
23267,,green;gradient;lines;tech,green;black
23268,,gray;white;abstract;tech,gray;white
23269,,black;gray;gradient;stripes,gray;black
23270,,blue;lightning;electric;tech,blue;white
23271,Redesign Ikons,redesign;brackets;sepia;logo,gray;white
23272,,redesign;brackets;peach;gradient,orange;pink;white;brown
23273,,redesign;brackets;peach;gradient,orange;pink;white;red
23274,,redesign;brackets;salmon;orange;tech,pink;white;orange
23275,,redesign;brackets;gray;tech;text,gray
23276,,redesign;brackets;taupe;gradient,gray
23277,,redesign;brackets;beige;tech;text,brown;white;gray
23278,,redesign;brackets;olive;gradient,gold;yellow
23279,,redesign;brackets;peach;abstract,brown;white;orange
23280,,redesign;brackets;blue;grunge,blue
23281,,redesign;brackets;light blue;grid,blue
23282,,redesign;brackets;olive;gold;swirl,brown;gold
23283,,redesign;brackets;olive;gold;gradient,brown;gold
23284,,redesign;brackets;gold;swoosh,yellow;gold
23285,::Complex Revisited::,complex;cross;plus;blue;dark;logo,blue;gray
23286,Complex Revisited,complex;cross;plus;blue;grid,blue
23287,::Complex::,complex;cross;plus;cyan;blue,blue
23288,::Complex::,complex;cross;plus;blue;gradient,blue;gray
23289,<<Complex Revisited::,complex;cross;plus;navy;blue;x,blue;gray
23290,,complex;cross;plus;blue;gray;gradient,blue;gray
23291,,complex;cross;plus;gray;abstract,gray;white
23292,,complex;cross;plus;purple;target;tech,white;blue;gray;purple
23293,,arrows;recycle;eye;peach;face,orange;brown
23340,Bad_Effect.Ikons 1.0,bad effect;pill;capsule;gray;logo,white;gray
23341,,bad effect;pill;capsule;blue;gradient,blue
23342,,bad effect;pill;capsule;blue;abstract;tech,blue;white
23343,,bad effect;pill;capsule;gray;white;abstract,white
23344,,bad effect;pill;capsule;gray;abstract,white;gray
23345,,bad effect;pill;capsule;light blue;gradient,blue
23346,,bad effect;pill;capsule;blue;swoosh,gray;white;blue
23347,,bad effect;pill;capsule;cyan;blue;abstract,blue;white;cyan
23348,,bad effect;pill;capsule;blue;gradient,blue;white;cyan
23349,,bad effect;pill;capsule;olive;abstract,gray;yellow
23350,,bad effect;pill;capsule;gray;faded;plain,white;gray
23351,,bad effect;pill;capsule;lime;green;gradient,green
23352,,bad effect;pill;capsule;light blue;lines,white;blue
23353,,bad effect;pill;capsule;light blue;lines,blue
23354,,bad effect;pill;capsule;white;swoosh;black,white;gray
23355,,bad effect;pill;capsule;white;swoosh;black,white;gray
23356,,bad effect;pill;capsule;blue;white;abstract,blue;gray;white
23357,,bad effect;pill;capsule;blue;texture,blue;white
23401,Syko Icons,syko icons;sepia;logo;gradient,orange;brown;gray
23402,Syko Icons,syko icons;si;orange;fire;gradient,orange;brown
23403,,syko icons;si;eye;face;green;dark,black;green;gray;brown
23404,,syko icons;si;gold;ornate;face,brown
23405,,syko icons;si;skull;dark;black and white,gray;black
23406,,syko icons;si;fire;explosion;orange,orange;brown;yellow;white
23407,,syko icons;si;face;green;blue;eyes,blue;gray;green;black
23408,,syko icons;si;green;silhouette;dark,black;green;gray
23409,,syko icons;si;red;abstract;paint,gray;red;black
23410,,syko icons;si;sepia;texture;dark,gray;brown;yellow;black
23411,,syko icons;si;eyes;face;green;woman,green
23412,,syko icons;si;fire;flames;orange,orange;brown;yellow
23413,,eye logo;eyes;face;teal;dark,cyan;black
23414,,eye logo;fire;purple;lightning,pink;black;yellow;orange
23415,,eye logo;water;ocean;waves;blue,blue;gray
23416,,eye logo;sand;desert;texture,brown;gray
23417,,eye logo;space;nebula;red,red
23418,,eye logo;olive;gradient;dark,brown;black
23419,,eye logo;tribal;pattern;black and white,gray
23420,,eye logo;cracks;purple;light blue,blue;cyan
23421,,eye logo;green;swirls;pattern,green;gray
23422,,eye logo;eyes;face;black and white,gray;black
23423,,eye logo;eyes;face;purple,gray;blue
23424,,eye logo;fire;explosion;car,brown;red;orange;black
23425,,clouds;sky;water;texture,blue;gray;white
23426,,space;stars;gradient;nebula,gray;orange;white
23427,,cartoon;face;red;blue;art,blue;black;red
23428,,blue eyes;face;creepy;art,gray;blue;orange;brown
23429,,eye;monster;dark red;creepy,black;pink;brown
23430,,teeth;mouth;grin;cyan,green;white;cyan
23431,,woman;face;art;gun,gray;brown
23432,,woman;face;art;colorful,brown;gray;orange
23433,,dark;blue;gradient;abstract,cyan;blue;black
23434,,blue;tech;grid;arrow,blue
23435,,blue;dark;plain;gradient,blue
23436,,black and white;smoke;abstract,gray;white
23437,,cigarette;smoking;gray,gray;black;brown
23438,,eye logo;dark blue;gradient,gray;blue;black
23439,,sepia;circles;rings;stains,brown
23440,,star;green;military;camo,black;green
23441,,star;green;military;camo,black;green
23442,Ikons,circle logo;purple;blue;gradient,blue;purple
23443,,circle logo;blue;lightning;abstract,blue;gray
23444,,circle logo;purple;fur;texture,purple;gray;pink;black
23445,,circle logo;eyes;face;woman,gray
23446,,circle logo;brown;abstract;sepia,gray;brown
23447,,circle logo;blue;white;abstract,blue;gray;white
23448,,circle logo;blue;purple;abstract,blue;gray
23449,,circle logo;green;abstract,gray;green
23450,,circle logo;orange;fire;texture,red;orange
23451,,circle logo;dark;green;grunge,brown;gray;green;black
23452,,circle logo;dark;green;grunge,gray;black;green
23453,,circle logo;black and white;grunge,gray;white
23454,,circle logo;black and white;grunge;texture,gray;black
23455,,circle logo;pink;maroon;abstract,pink;black;gray
23456,,circle logo;green;light;abstract,green;yellow
23457,,circle logo;blue;orange;abstract,blue;gray
23458,,circle logo;teal;blue;pattern,cyan;blue
23459,,circle logo;orange;grid;pattern,gray;brown;red;orange
23460,,circle logo;yellow;orange;abstract,yellow;orange
23601,Altered Perception Icons v5,altered perception;ap;logo;plants,gray;white;blue
23602,,altered perception;sky;blossoms;blue,cyan;white;blue
23603,,altered perception;eyes;blue eyes;face;photo,gray;cyan
23604,,altered perception;dark;plants;photo,black
23605,,altered perception;dark blue;abstract;photo,black;gray;brown;blue
23606,,altered perception;light trails;night;photo,gray;cyan
23607,,altered perception;lights;night;dark;photo,black
23608,,altered perception;tree bark;wood;texture;photo,gray;brown
23609,,altered perception;grass;green;nature;photo,green
23610,,altered perception;texture;orange;food;photo,orange;brown
23611,,altered perception;eyes;blue eyes;photo;close-up,cyan;white;gray
23612,AP,altered perception;purple;dark;logo,black;gray;purple
23613,,altered perception;eyes;woman;face;photo,gray;red;brown;black
23614,,altered perception;eyes;face;photo,red
23615,,altered perception;eye;eyelashes;dark;photo,red;black;brown;orange
23616,,altered perception;girls;faces;creepy;photo,brown;red
23617,,altered perception;dark;red;abstract;photo,black
23618,,altered perception;dark;abstract;photo,white;black
23619,,altered perception;lips;red;mouth;woman,pink;black;red;brown
23620,I wasn't born with enough middle fingers,altered perception;black and white;man;quote;photo,gray;black;white
23621,,altered perception;black and white;people;photo,gray;black
23622,AP,altered perception;ap;eye;dark;teal,black;cyan;gray
23623,keysandwings.com,altered perception;eyes;face;woman;cyan,black;cyan;gray
23624,keysandwings.com,altered perception;lips;purple lipstick;mouth;dark,gray;black;cyan
23625,AP,altered perception;ap;rose;flower;red,red
23626,www.keysandwings.com,altered perception;rose;flower;red,gray;black;white;red
23627,,altered perception;construction;barricade;stripes;photo,brown;gray;yellow
23628,AP,altered perception;ap;flowers;autumn;texture,brown;orange;gray
23629,,altered perception;eyes;woman;face;photo,black;red;orange;brown
23630,,altered perception;face;eye;dark;photo,gray
23631,AP,altered perception;ap;teal;texture;coral,cyan;gray;green
23632,AP,altered perception;ap;spikes;orange;gradient,brown;orange
23633,AP,altered perception;ap;eye;blue eye;close-up,cyan;white;gray;green
23634,AP,altered perception;ap;rock;stone;texture,gray;brown
23635,AP,altered perception;ap;rock;stone;texture,gray;brown
23636,AP,altered perception;ap;animal;eye;brown;close-up,brown
23637,AP,altered perception;ap;brown;texture;rust,red;brown
23638,AP,altered perception;ap;sunflower;flower;yellow;green,yellow;orange;gold
23639,AP,altered perception;ap;sunflower;flower;yellow,orange;yellow;black;brown
23640,AP,altered perception;ap;animal eye;cat;fur;close-up,brown;gray;orange
23641,AP,altered perception;ap;feathers;fur;texture,red;pink
23642,AP,altered perception;ap;wood;wood grain;orange,brown;orange
23643,AP,altered perception;ap;food;brown;texture,orange;red;brown
23644,AP,altered perception;ap;food;yellow;texture,orange;yellow;brown
23645,AP,altered perception;ap;water;cyan;waves,cyan
23646,AP,altered perception;ap;water;ice;cyan,cyan
23801,,purple;blue;light;abstract,blue;gray
23802,,leaves;plants;green;nature,green;cyan
23803,,biohazard;biohazard symbol;white;gray;abstract,white;gray
23804,,biohazard;biohazard symbol;dark;gray;abstract,gray
23805,,biohazard;biohazard symbol;blue;crystal;abstract,blue;gray
23806,,blue;light rays;glow;abstract,blue;white
23807,,space;stars;blue;glow,blue;black
23808,,biohazard;biohazard symbol;purple;pink;light,purple;pink;white;blue
23809,,biohazard;biohazard symbol;teal;blue;abstract,blue;cyan
23810,,biohazard;biohazard symbol;gray;texture;abstract,gray;white
23811,,biohazard;biohazard symbol;gray;texture;abstract,gray
23812,,biohazard;biohazard symbol;gray;pink;texture,gray;white;pink
23813,,biohazard;biohazard symbol;pink;teal;psychedelic,cyan;white;pink
23814,,biohazard;biohazard symbol;purple;blue;glow,blue;cyan
23815,,biohazard;biohazard symbol;purple;lightning;electric,purple;blue;gray
23816,,biohazard;biohazard symbol;purple;smoke;abstract,purple;blue
23817,,biohazard;biohazard symbol;purple;smoke;abstract,gray;purple
23818,インポートチューナー,japanese;katakana;import tuner;blue;phone,blue;black
23819,,black and white;swoosh;lines;abstract,gray;white
23920,インポートチューナー,japanese;katakana;import tuner;purple;gray,gray;blue
23921,,circle logo;green;abstract;dark,green;black
23922,,circle logo;pink;scratches;grunge,brown;pink;black;red
23923,,circle logo;pink;face;woman,pink
23924,Depression,circle logo;blue;sad;emo,blue
23925,alone,circle logo;face;eyes;sad;emo,blue;gray
24001,,white;light blue;abstract;minimal,blue;white
24002,,white;light blue;buildings;abstract,white;blue
24003,?!,gray;glitch;lines;tech,gray;blue
24005,,black and white;glitch;abstract;dark,blue;black;white
24006,,orange;red;grunge;tech,red;blue;white;gray
24007,,dark;blue;red;tech;lines,blue;black;gray
24008,,white;gray;abstract;lines,white;blue
24009,,white;gray;gradient;tech,white;gray
24010,,blue;gray;tech;lines,blue
24011,,blue;tech;abstract,blue
24012,,blue;texture;grunge,blue;black
24013,,cyan;blue;abstract,blue;cyan;black;white
24014,,cyan;blue;abstract,blue;cyan;white
24015,,blue;white;x;tech,white;cyan;black;blue
24016,,barcode;stripes;spider;black and white,black;gray;white
24017,Mech,gray;metallic;tech;logo,white;gray
24018,,blue;gradient;abstract,blue
24019,,black;dark;face;woman,black;gray;white
24020,,black and white;checkered;abstract,gray;black;white
24021,,gray;grid;tech;gradient,gray;white
24022,,blue;glitch;dark;abstract,blue;black
24023,useless technology,red;tech;glitch;white,white;gray;pink;red
24024,,light blue;swoosh;gray;abstract,blue
24201,,woman;face;eyes;orange;photo,red;black
24202,,blue;swoosh;gradient,blue
24203,,blue;swoosh;gradient,blue
24204,,cyan;blurry;text;tech,blue;gray;cyan
24205,,handwriting;manuscript;parchment;sepia,brown;gray;orange
24206,,fire;red;woman;face,red
24207,,orange;glow;face;fire,red;orange;black
24208,,grass;green;nature;photo,green
24209,,woman;face;photo;skin,red;gray
24210,,blue;lightning;electric;abstract,blue
24211,,star;sparkle;eyes;woman;red hair;face,orange;red
24212,,star;sparkle;eyes;woman;face;photo,orange;red
24213,,star;sparkle;eyes;woman;blonde;face,orange;brown
24214,,star;sparkle;eyes;woman;brunette;face,orange;brown
24215,,star;sparkle;eyes;woman;red hair;face,orange;red
24216,,star;sparkle;eyes;woman;face;photo,orange;brown
24217,,green;slime;texture;abstract,green
24220,TOCA,toca;racing;cars;video games;codemasters,black;gray
24401,,cyborg;robot;red eyes;sci-fi;pink,orange;pink;brown
24402,,blue;sci-fi;tech;green lights,blue
24403,,red;black;faces;pop art,red;black
24404,,woman;vampire;pale;dark;gothic,gray;brown;orange
24405,,eye;face;teal;art,gray
24406,,sepia;sketch;art;abstract,brown;black;yellow;gold
24407,,lightsaber;star wars;orange;weapon,orange;gray;red;brown
24408,,metallic;chrome;gray;robot,gray;white
24409,,green;face;alien;art,green;black
24410,,red;eye;abstract;art,red;brown
24411,,purple;psychedelic;abstract;art,purple
24412,,gray;texture;grunge;plain,gray
24413,,sepia;art;abstract;grunge,brown;yellow;black;gray
24414,,eyes;face;green eyes;close-up,gray;brown;white
24415,Bite Me,gray;texture;food;sepia,gray;red;brown
24416,,city;domes;architecture;fantasy,white;brown;yellow
24417,,earth;planet;globe;space;blue,blue
24418,,red;eye;abstract;art,red;brown
24419,,blue;orange;abstract;swirl,blue;gray;white
24420,,cookie;waffle;food;breakfast,white;orange
24421,Unnamed,finder;mac;face;blue;ui,blue;white
24422,Unnamed,finder;mac;face;blue;ui,blue;white;gray
24423,Smile :),smiley;smile;cartoon;blue;ui,blue;white
24424,Smile :),smiley;smile;cartoon;blue;ui,blue;white;yellow
24425,,yellow;orange;glow;sun,yellow;orange
24426,,ruler;measure;eye;gray,white;gray
24427,,cyborg;robot;red eyes;gray,gray;black
24428,,peace sign;peace;gray;sketch,gray;white
24429,,parchment;sepia;texture;grunge,gray;yellow
24430,help! I'm a server.,mac;computer;server;funny;white,white
24431,"<-for sale, cheap!",warning;caution;triangle;for sale;funny,white
24432,,gray;ui;slider;sketch,gray
24433,Strong Language,parental advisory;explicit content;warning;black and white,white;gray
25000,,face;man;eyes;cartoon;purple,blue;brown
25001,=D Happy. Ecstatic. Yay. Woo. Woo. Woot. Parfam.,emoticon;happy;mood;yellow,yellow;gold
25002,=/ So-so. OK. Blah. Feh. Whatever. Yeah.,emoticon;meh;mood;green,green
25003,=> Evil. Demonic. Manipulating. Satanic.,emoticon;evil;mood;orange,orange;brown
25004,=( Angry. Fuck you. Pissed off. Bite me. Mad.,emoticon;angry;mood;red;profanity,red
25005,^_^ Cute. Hot. Sexy. Angelic. Loveable.,emoticon;cute;mood;pink;kawaii,white;pink
25006,,dragon logo;blue;circuit;abstract;dark,blue;black
25007,,dragon logo;purple;pattern;dark,blue;purple;pink
25008,,dragon logo;blue;glow;abstract,blue;white
25009,Oni,oni;bungie;konoko;anime;video games,blue;black
25010,,cd;disc;orange;sticks;texture,red;orange
25011,,cd;disc;rainbow;gradient,blue;cyan;purple;gray
25012,It's Your Fault!,dragon logo;face;man;eyes closed;red,red;brown
25013,,owl;face;eye;gray;art,gray;brown;black
25014,,speakers;gold;metallic;audio,brown;gold;yellow
25015,,orange;gradient;glow;plain,orange
25016,,nsfw;nude;breasts;woman;emblem,brown;gray
25017,,gray;cracks;web;texture,gray
25018,,rainbow;holographic;pastel;colorful,blue;pink;green
25019,,skeleton;skull;bones;hand;cartoon,yellow;black;white
25020,,giger;alien;biomechanical;dark;horror,gray;black;yellow
25021,,penguins;snow;ice;antarctica;photo,white;blue;gray
25022,,bridge;stone;black and white;photo,gray;white
25023,,bird;green;orange;photo,green;orange
25024,,blue;stripes;plaid;dark,blue;black
25025,,gray;stone;texture;photo,gray
25026,,teal;hand;abstract;art,cyan;gray
25027,,black and white;glitch;abstract;grunge,gray;white
25028,,teal;face;art;abstract,gray;cyan
25029,,white;parchment;stain;sepia,white
25030,,parchment;sepia;stain;texture,brown
25031,,woman;eyes;face;brunette;photo,brown;gray
25032,,dragon logo;woman;eyes;blonde;face,blue;brown;red;gray
25033,,dragon logo;woman;eyes;blonde;face,white;red;pink
25034,Java is everywhere,java;coffee;mug;flags;usa flag;canada flag;australia flag;poland flag;sweden flag,white;gray
25035,,anime;blonde;girl;eyes;yellow,gold;yellow;blue
25036,"Osama, My Hero",osama bin laden;face;man;beard;political,gold;black
25037,,brown;face;dark;gradient,brown;red;black
25038,,biomechanical;giger;face;gray;horror,gray;black
25039,,biomechanical;giger;face;teal;horror,gray;cyan
25040,,red;demon;face;eyes;horror,red;brown
25041,,skull;eyes;face;sepia;horror,gray;black;gold
25042,,swirl;blue;veins;abstract,blue;cyan;gray
25043,,kaleidoscope;psychedelic;blue;orange,green;brown;blue
25044,,circle logo;gray;eyes;face;sketch,gray
25045,,digital obsession;yellow;green;psychedelic,yellow;gold;green
25046,,swirl;red;orange;texture,red;brown;pink;black
25047,,digital obsession;pink;magenta;abstract,pink
25048,,circle logo;green;gold;texture,green;gray;brown;gold
25049,,circle logo;black;orange;swirl,black;brown;gray
25050,,circle logo;pink;tribal;tattoo;pattern,pink;red;gray
25051,,digital obsession;eyes;faces;purple,gray;red
25052,,circle logo;anime;eyes;green;face,green;black;gray
25053,Don't Mess With Fire,fire;flames;anime;face;yellow,yellow;orange;brown;red
25054,,numbers;code;red;spiral,orange;brown;red;gray
25055,,circle logo;green eyes;face;cartoon;angry,green;gray
25056,,circle logo;painting;classical art;sepia;figures,brown;gray
25057,,circle logo;emoticons;smiley;purple;pink,purple;white;pink
25058,,circle logo;money;dollar bill;engraving;green,gray;black
25059,,circle logo;creation of adam;michelangelo;hands;painting;classical art,brown;white;gray
25060,,circle logo;sculpture;relief;classical art;beige,gray;brown;yellow
25061,,circle logo;eyes;engraving;money;teal,gray;green
25062,,eye;yellow;face;art;close-up,gray;gold
25063,,circle logo;lips;mouth;woman;face,brown;white;gray
25064,5465 = 874 / TR-8454 66654,numbers;code;blue;dark;tech,blue
25065,,circle logo;black and white;faces;photo,gray
25066,,circle logo;white;face;ghostly;art,white;gray
25067,,circle logo;blue;face;art;cartoon,blue;pink
25068,,circle logo;navy;branches;veins;white,blue;gray
25069,,sun logo;blue;swirl;dark,blue;black
25070,,sun logo;red;swirl;dark,red;brown;black
25071,,sun logo;blue;grid;glow,blue;cyan
25072,,sun logo;blue;yellow;texture,blue;gray
25073,,sun logo;eye;black and white;dark,gray;black
25074,,sun logo;dark;yellow;abstract,black;blue;gray
25075,,sun logo;teal;texture;green,gray;cyan;green
25076,,cracked earth;texture;desert;tiger stripes;abstract,brown;gray;orange
25077,,abstract;swirl;liquid;gradient;symbol,blue;white
25078,,abstract;metal;machine;chrome;symbol,gray;white
25079,,abstract;texture;sparkle;symbol;pattern,blue
25080,,dark;space;abstract;dragon;symbol,black;blue;gray
25081,email,email;at sign;@;chrome text;internet,blue;gray
25082,,face;eye;alien;abstract;dark,cyan;blue
25083,,dark;abstract;purple;wavy lines;glow,black;blue
25084,,equalizer;music;blue;digital;abstract,blue
25085,DIGITALLY IMPORTED,digitally imported;di.fm;radio;music;electronic,pink;gray;black
25086,,swirl;lightning;abstract;texture;spiral,white;gray;red;pink
25087,TRANCE,trance;digitally imported;radio;music;electronic,cyan
25088,,spiral;flower;soft;abstract;pastel,white;gray;purple
25089,,spiral;rose;flower;soft;pastel,gray;white;brown
25090,,spiral;rose;flower;peach;soft,brown
25091,,spiral;rose;flower;soft;abstract,brown;gray;red
25092,,spiral;rose;flower;soft;abstract,gray;brown;white
25093,,dark;tech;abstract;lines;metal,blue;gray;black
25094,,dark;gradient;abstract;plain,blue
25095,,dark;red;claw;abstract;scratches,gray;black;red
25096,,glitch;psychedelic;light burst;abstract;colorful,cyan
25097,,texture;plain;light;pattern;faded,gray;white
25098,,circuit;tech;abstract;pattern,blue;cyan
25099,,psychedelic;colorful;abstract;pattern;trippy,gray;green
25100,,green;texture;abstract;organic;symbol,green;gold
25101,,cigarette;smoking;tobacco;object,white;orange
25102,,dark;texture;wood;abstract;plus,black
25103,,halo;covenant;elite;alien;space;video game,purple;pink;blue
25104,,halo;master chief;spartan;soldier;video game;space,blue
25105,HALO,halo;video game;bungie;sci-fi;logo,gray;blue;black
25106,,halo;rocket launcher;gun;weapon;video game,blue;gray
25107,,halo;sniper rifle;gun;weapon;video game,blue;gray
25108,,halo;dark;space;planet;video game,black;blue
25109,HALO,halo;master chief;helmet;video game;bungie,blue;gray;black
25110,HALO,halo;warthog;vehicle;video game;bungie,gray;black
25111,bungie.org HALO,halo;bungie;video game;logo;website,black;gray
25112,,eyes;woman;face;photo;gradient,blue;brown;orange
25113,,eyes;woman;face;photo;gradient,cyan;blue
25114,,eyes;woman;face;photo;gradient,red;brown;orange
25115,,eyes;woman;face;photo;gradient,brown;gray;red;pink
25116,,eyes;woman;face;photo;green,green;orange;brown
25117,,eyes;woman;face;photo;red,red;pink;brown;black
25118,,anime;girl;eyes;face;blue hair,blue;gray
25119,,eyes;woman;face;photo;green,gray;green;brown;red
25120,,eyes;woman;face;photo;orange,orange;brown;red;gray
25121,,texture;blue;purple;abstract;pattern,blue;purple;black
25122,,dark;green;bar;abstract;texture,black;gray
25123,,orange;fire;gradient;texture;abstract,red;orange;yellow
25124,,blue;bar;texture;abstract,blue
25125,,blue;texture;plain;pattern,blue
25126,,anime;girl;red hair;face;yellow,yellow;gold;gray
25127,,anime;girl;silver hair;face;lavender,gray;red;purple;blue
25128,,plain;bar;red;simple,red;white
25129,,anime;face;eyes;bar;dark,white;blue
25130,,plain;bar;cyan;simple,cyan;white
25131,,anime;girl;pink hair;face;cute,pink;gray;purple;red
25132,,anime;face;eyes;bar;dark,white;gray;blue
25133,,anime;girl;face;red hair;blue,blue;black;cyan
25134,,anime;girl;green hair;face,brown;black;blue
25135,,anime;girl;green hair;face;teal,black;cyan
25136,,anime;face;eyes;blonde;gray,gray;brown
25137,,anime;face;eyes;green eyes;fire,brown;black;gold;red
25138,,anime;girl;face;elf;blue,blue;green
25139,,anime;girl;face;blonde;olive,gold;green
25140,,anime;face;eyes;bar;red,white;brown;green
25141,,anime;girl;face;orange hair;camo,cyan;black;brown
25142,,anime;girl;face;red hair;magenta,pink;blue
25143,,anime;girl;face;red hair;eyes,red;black
25144,,plain;bar;gray;simple,gray;white
25145,,eye;abstract;blue;green;surreal,cyan;green;gray
25146,,blue;lattice;pattern;bar;abstract,blue;cyan
25200,,sketch;drawing;fantasy;warrior;sepia,brown
25201,,sketch;drawing;fantasy;creatures;battle,brown;gray
25202,,sketch;drawing;fantasy;monster;sepia,orange;brown
25203,,sketch;drawing;fantasy;creatures;pencil,white;yellow;gray
25204,,sketch;drawing;fantasy;face;pencil,brown;gray
25205,,sketch;drawing;fantasy;creatures;battle,gray;yellow;white
25206,,sketch;drawing;fantasy;warrior;monster,yellow;gray;white
25207,,sketch;drawing;fantasy;creature;sepia,brown;gray
25208,,sketch;drawing;fantasy;warrior;spear,yellow;gray;white
25209,,dark;fantasy;creature;blue;night,blue;black
25210,,sketch;drawing;fantasy;creature;pencil,yellow;white;gray
25211,,sketch;fantasy;warrior;face;sepia,orange;brown
25212,,fire;explosion;battle;fantasy;myth,orange;yellow
25213,Myth@B.org,myth;bungie;video game;fantasy;website,brown;orange;gray
25214,Lh'owon,marathon;bungie;video game;sci-fi;lh'owon,cyan;black;gray
25215,Volunteers,marathon;bungie;video game;sci-fi,black;red;brown
25216,Garrison,marathon;bungie;video game;sci-fi,gray;black
25217,Citadel,marathon;bungie;video game;sci-fi,brown;red;orange;black
25218,Durandal,marathon;bungie;video game;durandal;ai,pink;red
25219,Captured,marathon;bungie;video game;sci-fi,black;gray
25220,Blake,marathon;bungie;video game;sci-fi;dark,black
25221,Simulacrums,marathon;bungie;video game;sci-fi,black;gray
25222,S'pht'Kr,marathon;bungie;video game;sci-fi;alien,cyan;green
25224,Despair,marathon;bungie;video game;sci-fi,brown
25225,Rage,marathon;bungie;video game;sci-fi,red;black;brown
25226,Envy,marathon;bungie;video game;sci-fi,black
25227,Fin,marathon;bungie;video game;red;dragon,red;orange;black
25228,,marathon;bungie;bobs;crew;video game;people,gray;brown;red
25229,,marathon;cyborg;red;sci-fi;video game,red;black
25230,,marathon;cyborg;red;sci-fi;video game,red;black
25231,,marathon;cyborg;robot;sci-fi;video game,gray;black
25232,,marathon;aliens;monsters;pixel art;video game,brown;black
25233,,marathon;cyborg;gradient;sci-fi;video game,gray;white;black
25234,,marathon;alien;creature;sci-fi;video game,gray;white;black
25235,,marathon;alien;creature;sci-fi;video game,red;white;pink
25236,,marathon;alien;tribal;sci-fi;video game,gray;black
25237,,marathon;gun;weapon;sci-fi;video game,gray;white;blue
25238,,marathon;alien;sci-fi;video game,gray;black
25239,bungie.org MARATHON,marathon;bungie;video game;logo;website,gray;black
25240,,marathon;ruins;wreckage;sci-fi;video game,pink;red
25241,,marathon;face;dark;sci-fi;video game,gray;black
25242,,marathon;logo;red;alien;video game,red;black
25243,,marathon;logo;black;alien;video game,black
25244,,water;texture;cyan;abstract;marathon,cyan
25245,,marathon;soldier;gun;sci-fi;video game,yellow;brown;orange
25300,,marathon;cyborg;gradient;sci-fi;video game,gray;white;black
25301,,marathon;ruins;wreckage;sci-fi;video game,pink;red
25302,,marathon;cyborg;ruins;sci-fi;video game,orange;brown;red
25303,Tycho,marathon;tycho;logo;sci-fi;video game,gray;blue
25304,Tycho,marathon;tycho;logo;sci-fi;video game,blue
25305,,marathon;aliens;monsters;pixel art;video game,black;brown
25306,,marathon;dark;cyborg;sci-fi;video game,blue;black
25307,,marathon;cyborg;red eye;dark;video game,gray;black
25308,,marathon;aliens;monsters;pixel art;video game,brown;black
25309,,marathon;alien;sci-fi;video game,gray;black
25310,,marathon;bobs;crew;people;video game,gray;brown;red
25311,,marathon;cyborg;red eye;dark;video game,gray;black
25400,XBOX,xbox;microsoft;console;video game;logo,gray;white;green
25401,3dfx,3dfx;graphics card;logo;tech;computer,blue
25402,COM,map;parchment;logo;old paper,orange;brown
25403,COM,logo;texture;gray;old paper,gray;white
25404,,face;mask;star emblem;sci-fi;video game,blue;gray
25405,,face;mask;glowing eyes;sci-fi;video game,blue
25406,,kanji;chinese character;asian;magenta;bar,pink;white;gray
25407,,kanji;chinese character;asian;red;bar,gray;white
25408,,kanji;chinese character;asian;olive;bar,gray;white;yellow
25409,,kanji;chinese character;asian;green;bar,gray;green;white
25410,,kanji;chinese character;asian;plain;white,gray;red;yellow;orange
25411,,cartoon;character;logo;space;video game,blue;cyan
25412,If you can read this you are toast,toast;joke;sketch;woman;pin-up,brown;gray;white
25413,Jinn,parchment;logo;sepia;texture,brown
25414,BUNGIE,bungie;logo;video game;company,black;gray
25415,,pac-man;pacman;arcade;retro;video game,black
25416,,pac-man;pacman;arcade;retro;video game;green,black
25417,,unreal;epic games;logo;face;video game,brown
25418,,unreal;epic games;logo;face;video game,brown;orange;black
25419,,unreal;epic games;logo;video game;gradient,blue;black
25420,Vista,logo;gradient;metallic,gray;white;blue
25421,Dynasty,dynasty;chinese characters;warriors;asian;video game,gray;red
25422,,logo;emblem;armor;blue;sci-fi,blue
25423,Sphidia,kanji;chinese character;asian;green;gradient,white;gray
25424,,faces;collage;horror;dark;art,gray;white;black
25425,,eyes;dark;horror;face;glowing eyes,black
25500,OtherGamesIcons,other games;games;logo;video game,gray;brown;white;black
25501,GNOP!,pong;gnop;retro;video game;ball;paddle,white;gray
25502,,mega man;robot;red;video game;cartoon,red;white
25503,,mega man;sonic;video game;blue;cartoon,blue;white
25504,,mega man;anime;video game;robot;cartoon,yellow;blue;white;orange
25505,PID,logo;dark;video game;sci-fi,green;gray;black
25506,,faces;collage;horror;dark;art,gray;white;black
25508,,dark;logo;blue;sci-fi;night,black;blue
25509,NIGHTMARE,nightmare;horror;metal text;dark,gray;black
25510,Dynasty,dynasty;chinese characters;warriors;asian;video game,gray;red
25511,,kanji;chinese character;asian;plain;white,gray;red;orange;yellow
25524,i4RG,logo;white;plain;emblem,white
25525,i4RG,logo;black;plain;emblem,black
25526,,city;buildings;isometric;simcity;video game,gray;white
25527,,mega man;kirby;nintendo;video game;cartoon,blue;white
25600,1984 Freedom is Slavery,1984;orwell;big brother;dystopia;movie,blue
25601,1984 Ignorance is Strength,1984;orwell;big brother;dystopia;movie,blue;gray
25602,1984 War is Peace,1984;orwell;big brother;dystopia;movie,blue;gray
25603,,boy;face;photo;desert;movie,green;yellow;brown;gray
25604,,axe;red;curtain;weapon,red;gray
25605,OrbitalArm,logo;gradient;blue;space,blue;gray
25606,,pixel art;character;sprite;blue;plain,blue
25607,sChnOOgiNs,eyes;face;man;photo;schnoogins,white;gray
25608,,hammer and sickle;communism;soviet;ussr;red;flag,red
25609,,hammer and sickle;communism;soviet;ussr;red;flag,red
25610,,sky;clouds;spaceship;blue;sci-fi,blue;cyan
25611,,sword;blade;weapon;quake;logo,brown;orange;red
25612,,space;sun;star;planet;orange,red;black
25613,,pi;eye;red;movie;dark,red;brown;black
25614,DUNE,dune;sci-fi;planet;movie;eyes,pink;orange;red
25615,DUNE,dune;desert;sci-fi;movie;sand,brown;black;orange
25616,,space;earth;astronaut;blue;sci-fi,blue
25617,,space;planet;moon;sphere;purple,white;blue;gray
25618,Farscape,farscape;tv show;sci-fi;spaceship;moya,white;brown
25619,Farscape,farscape;tv show;sci-fi;cast;faces,black
25620,Farscape,farscape;tv show;sci-fi;alien;rygel,black;brown
25621,First Wave,first wave;tv show;sci-fi;cast,gray
25622,Frogblast!,frogblast;marathon;bungie;pixel art;character,white;gray
25623,Frogblast!,frogblast;marathon;bungie;bomb;pixel art,white;gray
25624,HAL 9000,hal 9000;2001 a space odyssey;red eye;computer;movie,black;brown;blue;red
25625,Slytherin,slytherin;harry potter;hogwarts;parchment,orange;green
25626,invisibleman,invisible man;tv show;eye;face;sci-fi,gray;blue;white
25627,,man;face;photo;green;logo,green
25628,Loves Jesus!,jesus;christian;cross;religion,black;white;gray
25629,,japanese;katakana;anime;fantasy;video game,brown;orange
25630,,garfield;cat;cartoon;comic;purple,pink
25631,,desert;landscape;sepia;sci-fi,orange;yellow;gray;brown
25632,,cartoon;man;glasses;face;blue,blue;gray
25633,,cartoon;man;glasses;face;blue,blue
25634,,cartoon;man;face;blue,blue
25635,,cartoon;man;glasses;face;orange,orange;brown
25636,,cartoon;man;glasses;face;orange,orange;brown
25637,,cartoon;man;face;orange,orange;brown
25638,,cartoon;man;sunglasses;face;red,red;orange
25639,,cartoon;man;sunglasses;face;red,red
25640,,cartoon;man;face;red,red
25641,,cartoon;man;headphones;face;yellow,yellow
25642,,cartoon;man;glasses;face;yellow,yellow;gold
25643,,cartoon;man;angry;face;yellow,yellow;gold
25644,,cartoon;man;sunglasses;face;red,white;pink
25645,7777777,marathon;bungie;seven;7;logo,white
25646,,zeppelin;airship;cast;movie;gray,gray;white
25647,,sword;lightning;purple;weapon;dark,gray;pink
25648,~B.org~,bungie;bungie.org;logo;website,brown;gray
25649,,military;rank;insignia;star;leaf,gray;black;yellow
25650,PvP,pvp;webcomic;comic;monster;cartoon,yellow;orange
25651,Think Scooby-Doo!,scooby-doo;dog;cartoon;hanna-barbera,blue
25652,Scooby-Doo!,scooby-doo;dog;cartoon;hanna-barbera,pink
25653,,landscape;castle;ruins;fantasy;gray,gray
25654,,alien;pixel art;sky;green alien,blue
25655,,silent bob;kevin smith;man;beard;movie,green
25656,Sinfest,sinfest;webcomic;comic;cartoon;girl,cyan
25657,Sinfest,sinfest;webcomic;comic;cartoon;sunglasses,gray;yellow
25658,,space;stars;purple;night sky;nebula,blue;purple
25659,,garfield;cat;spider;cartoon;comic,blue
25660,,red;texture;car;racing;abstract,red
25661,,logo;blue;tech;abstract,blue
25662,,robot;red eye;tech;dark;sci-fi,black
25663,SUBNOVA,subnova;space;logo;sci-fi;glow,black;red
25664,SUBNOVA,subnova;space;logo;sci-fi;glow,black;red
25665,SUBNOVA,subnova;eye of horus;egyptian;logo;sci-fi,black;red
25666,SUBNOVA,subnova;star;logo;sci-fi;glow,black;red
25667,SUBNOVA,subnova;emblem;logo;sci-fi;glow,black;red
25668,SUBNOVA,subnova;logo;sci-fi;glow;dark,black;red
25669,,desert;landscape;sunset;orange;mountains,brown;orange;black
25670,,cast;people;movie;gray;sci-fi,gray;white;blue
25671,,briefcase;cast;people;movie;gray,gray;white;blue
25672,,star trek;federation;starship;space;sci-fi,blue;black
25673,Weasel,weasel;logo;red;trademark,red;gray;black
25674,Weasel,weasel;animal;logo,white;gray
25675,,cartoon;comic;man;money;faces,gray;blue;white
25676,Weasel,weasel;animal;logo,white;gray
25677,STAR WARS,star wars;yoda;jedi;movie;logo,gray;white
25678,The Snowman Cometh,snowman;christmas;winter;holiday;cartoon,white;pink;blue
25679,,christmas;garland;star;holiday;ornaments,gray;green;pink
25680,The Jolly Fat Man,santa claus;christmas;holiday;cartoon,white;pink
25681,Ho! Ho! Ho!,santa;sleigh;reindeer;christmas;holiday,white
25682,Merry Christmas,rudolph;reindeer;christmas;holiday;cartoon,white;pink
25683,Bah! Humbug!,scrooge;christmas;holiday;old man;cartoon,white;pink
25684,,sword;blade;weapon;gold,brown;yellow;red;orange
25685,You know these people...,face;cartoon;sepia;man,brown;orange;gray
25686,,green;icon;gray;smiley,white;gray
25687,NO LOGO,no logo;naomi klein;book;anti-brand,white
25688,,bomb;frogblast;marathon;gray;pixel art,white;gray
25689,,smiley;orange;sunglasses;gray,white;gray
25690,,smiley;gun;orange;gray;pixel art,white;gray
25691,?#@!,swearing;cursing;symbols;grawlix;gray,white;gray
25692,a perfect circle,a perfect circle;band;rock;music;dark,black;gray
25693,"fuck you, buddy TOOL",tool;band;rock;music;aenima;profanity,gray;white
25694,Frogblast the Ventcore,frogblast the vent core;marathon;bungie;logo,white;gray
25695,tVC,frogblast the vent core;tvc;marathon;bungie;logo,white
25696,,faces;sepia;art;collage;painting,orange;brown;yellow
25697,,rain;sci-fi;gun;dark;storm,gray;white;blue
25698,NIGHTMARE,nightmare;horror;metal text;dark,gray;black
25699,AirPort,airport;apple;wifi;wireless;mac,white
25700,,military;sergeant;rank;chevron;green,green;white;gray
25701,,icq;flower;messenger;logo;white,white
25702,N XCIII,roman numerals;metal;gradient;chrome,gray;white
25703,STAR TREK,star trek;starfleet;delta;logo;sci-fi,white;gray;black
25704,Ti,powerbook;titanium;apple;laptop;mac,white;gray
25705,,flag;american flag;usa;star;stripes,white;red
25706,,pixel art;cartoon;wink;characters;yellow,orange
25707,I'll be back (probably),terminator;arnold schwarzenegger;movie;quote;sunglasses,white;gray
25708,:D he defies you. :D :D :D,smiley;:d;emoticon;joke;text,white
25709,DRACULA,dracula;vampire;horror;movie;black and white,gray;black
25710,dusty cats,cats;psychedelic;colorful;pink,pink;red
25711,effigy,8 ball;eight ball;billiards;black and white;art,white;gray
25712,is controlled by gamma light,psychedelic;arrow;speaker;trippy;abstract,gray;gold;brown
25713,bizatch got my money,gun;pistol;money;joke;dark,black;pink
25714,guapple,rainbow;gradient;fruit;colorful,green;cyan;blue
25715,EAT BABIES :D hotandtasty,joke;smiley;black;text,black;gray
25716,LESHIK,hand;black and white;drawing;abstract,white;gray
25717,Zzzz NOW GO SLEEPING! -LEVI GENIUS,sleep;zzz;quote;orange;joke,orange;red;black;gray
25718,LOBSTER STICKS MAGNET,lobster;joke;gray;drawing,white
25719,graveyard smash,pixel art;monsters;halloween;ghost;gray,gray
25720,supanuke3000,radiation;nuclear;hazard symbol;orange,orange;brown
25721,,knife;blade;drawing;weapon;gray,gray
25722,,dark;brown;gradient;figure,brown;black
25723,oogaswinblade,dark;green;branches;texture,green;gold
25724,Broken Arm Man,anime;red hair;face;man,white;gray
25725,CS-20- The Budget Skul,skull;hat;joke;gray,white;gray
25726,Resistance is Futile,rubber duck;duck;borg;star trek;joke,white;orange
25727,MARX ALL HAIL LENNON,john lennon;karl marx;beatles;communism;black and white,white;gray
25728,What's in your head? HAHAHAHA,japanese;joke;text;white,white;gray
25729,.7 FIRING RANGE,bullets;ammo;firing range;gun;marathon,gray;blue
25730,STARTREK.COM,star trek;starfleet;space;website;logo,blue;gray
25731,WWW.STARTREK.COM,star trek;space;website;logo,brown;orange;gray;black
25732,WWW.STARTREK.COM,star trek;space;website;logo,cyan;gray;black
25733,,texture;abstract;gold;pattern;silhouette,gray;brown;gold
25734,,cat;kitten;green;photo;cute,green
25741,,manga;anime;black and white;face;mask,gray;white;black;red
25742,Gawyn,anime;girl;japanese;teal hair;face,white;cyan;gray
25900,Misc. Icons,misc icons;miscellaneous;logo;gradient,gray;black;white
25901,,icq;flower;messenger;logo;white,white
25902,,fire;lava;texture;abstract;red,red;gold
25903,,camouflage;camo;military;texture;green,green;gray
25904,,blue;texture;plain;pattern,blue
25905,,marble;swirl;black and white;texture;abstract,gray;black
25906,,camouflage;camo;texture;abstract;dark,black;gray;green
25907,,santa;christmas;red;gradient,red;blue;gray;white
25908,Ti,powerbook;titanium;apple;laptop;mac,white;gray
25909,,apple;rainbow apple;imac;mac;computers,white;gray;pink
25910,"fuck you, buddy TOOL",tool;band;rock;music;aenima;profanity,gray;white
25911,a perfect circle,a perfect circle;band;rock;music;dark,black;gray
25912,Vista,logo;gradient;metallic,gray;white;blue
25913,Broken Arm Man,anime;red hair;face;man,white;gray;red
25914,,capcom;pixel art;fighting game;sprites;video game;anime,blue;white
25915,Fender,fender;guitar;music;instrument;logo,white;gray;yellow
25916,Made With A Mac,apple;rainbow apple;mac;logo;macintosh,white;black;gray
25917,,blurry;green;purple;gradient;abstract,green;gray;purple
25918,,blue;abstract;sky;texture,blue;white
25919,,plants;silhouette;pale;abstract,yellow;green;gray
25920,,blurry;green;purple;gradient;abstract,blue;gray;green
25921,,blue;clouds;sky;abstract;dark,blue;black
25922,,blue;clouds;sky;abstract;light,blue;cyan;white
25923,,blue;clouds;sky;abstract,blue
25924,,teal;abstract;texture;clouds,cyan;gray
25925,,jet;fighter plane;aircraft;military;sky,blue;black
25926,sChnOOgiNs,eyes;face;man;photo;schnoogins,white;gray
25927,,logo;blue;tech;abstract,blue
25928,Atomic Jesus,jesus;atomic;green;religion,green;white
25929,CHOKE,choke;red;collage;band,red;white;gray;pink
25930,MOOF!,dogcow;clarus;moof;apple;mac;pixel art,white;gray
25931,,eyes;woman;face;blonde;photo,yellow;orange;white
25932,I'm With STUPID!,i'm with stupid;arrow;joke;funny,red;white
25933,DISHWASHER,monkey;chimp;dishwasher;joke,white;brown;gray
25934,MONKEY,monkey;joke;appliance,white;gray;blue
25942,LEXX,lexx;tv show;sci-fi;space;laser,pink;white;gray;red
25944,,faces;sepia;art;collage;painting,orange;brown;yellow
25945,1984 Freedom is Slavery,1984;orwell;big brother;dystopia;movie,blue
25946,1984 Ignorance is Strength,1984;orwell;big brother;dystopia;movie,blue;gray
25947,1984 War is Peace,1984;orwell;big brother;dystopia;movie,blue;gray
25948,,pale;green;abstract;code;faded,white;green
25949,,pale;green;abstract;code;faded,white
25950,,code;logo;sphere;tech;abstract;teal,white;cyan
25951,,code;logo;sphere;tech;abstract;teal,cyan;white;gray
25952,,code;logo;sphere;tech;abstract;teal,cyan;white;black;gray
25953,,code;logo;sphere;tech;abstract;teal,cyan;black;white;green
25954,,code;logo;sphere;tech;abstract;teal,gray;cyan;black;green
25955,,code;logo;sphere;tech;abstract;teal,gray;white;cyan
25956,,code;logo;sphere;tech;abstract;teal,white;gray;black
25961,,green;glow;arrows;media controls;dark,green;black
25999,0wn3d,owned;pwned;leet;smiley;key;gamer,blue
26000,,eyes;glowing eyes;face;dark;blue,black;gray;brown
26001,,fire;orange;abstract;logo;light,red;orange
26002,,purple;abstract;logo;light;dark,gray;purple
26003,DO sykotik,name banner;teal;abstract;gradient,blue;cyan
26004,,eyes;face;alien;teal;surreal,white;cyan
26005,KRAZY,name banner;gray;metal;logo,gray;white
26006,ruthless.,orange;gradient;cross;name banner,orange;brown
26007,isabelle,name banner;gray;collage;red,gray;white
26008,isabelle,name banner;purple;green;abstract,purple;green
26009,,orange;gradient;logo;clouds,red;orange
26010,,cartoon;man;beard;long hair;face,brown;orange
26011,CAMEL,name banner;blue;pattern;abstract,blue
26012,,cartoon;man;beard;long hair;face,brown;black
26013,Jafar,name banner;gray;clouds;texture,gray;white
26014,BONGMAN,cartoon;face;green;drugs;name banner,green
26015,morph,name banner;blue;tech;stripes,blue;gray
26016,,eye;eyes;dark;face;photo,black;gray
26017,do,name banner;gray;metal;leet,gray;white
26018,,moon;crescent;space;dark;light,black;gray;red
26019,AP a teardrop for every day,eyes;closed eyes;woman;sad;quote,gray;white
26020,,cat;eyes;night;moon;silhouette;red,black
26021,,eyes;face;fire;explosion;dark,red;orange
26022,,space;stars;spaceship;planet;sci-fi,blue;brown
26023,HALO,halo;bungie;tree;purple;video game,purple;gray
26024,mitb,glasses;eyes;face;photo;dark,black;brown;gray
26025,Irish GUINNESS,guinness;beer;irish;ireland;shamrock,green;gray;black
26026,,shamrock;clover;irish;green;woman,gray;green;black
26027,182 Red Devil,red devil;devil;billiard balls;red,red;brown
26028,Red Devil,devil;red devil;cartoon;red,red;gray;brown
26029,Tank VorTech Productions,tank;vortech;green;logo,black;green;gray
26030,,eyes;woman;face;dark;photo,black
26031,,gray;abstract;metal;tribal;logo,gray
26032,,dark;green;forest;trees;abstract,gray;green;black
26033,MERRE,name banner;blue;globe;logo,blue;gray
26034,Steven,binary;code;matrix;name banner;red,black;gray
26035,TEKC,name banner;teal;abstract;logo,cyan;blue
26036,,space;nebula;blue;pink;stars,blue;gray
26037,NERO,fire;flames;name banner;orange,red;orange;black
26038,,eyes;face;man;orange;photo,orange
26039,,man;photo;office;computer;white,gray;white
26040,Atlantis Crew,anime;man;face;atlantis;drawing,white;gray
26041,ATLAS,atlas;honeycomb;yellow;name banner,yellow
26042,HALO,halo;bungie;tree;purple;video game,purple;gray
26043,BlueHelios,water;blue;swimmer;name banner,blue
26044,BlueHelios,water;blue;swimmer;name banner,blue
26045,cap,teal;water;texture;name banner,cyan
26046,Tee,apple;metal;bar;name banner,gray;white
26047,,swan;bird;red;collage,white;pink;red;gray
26048,antwan the swan,swan;bird;black swan;name banner,blue;white;cyan;gray
26049,,red ball;black and white;abstract;face,gray;white;red
26050,,red ball;black;abstract;pattern,black;gray;white
26051,SYSYPHYSYS,abstract;blue;gold;symbols,gray;blue
26052,,gun;rifle;weapon;grass;green,black;green;gray;gold
26053,,blue;spiral;man;face;gradient,blue
26054,,wing;angel;feathers;dark;purple,gray;green;purple
26055,javaguy,java;coffee;mug;programming;name banner,white
26057,HOS,metal;chrome;logo;gray,gray;white;blue
26059,,chrome;metal;robot;gray;logo,gray;white
26061,Tee,apple;metal;bar;name banner,gray;white
26100,mine Personal Icons,personal icons;logo;black;red,black;red;gray
26101,,spongebob;cartoon;eyes;yellow;purple,purple;white;blue
26102,JERKCITY,jerkcity;webcomic;comic;pixel art,white;black;gray
26103,,stone;torch;dungeon;fire;medieval,brown;black;red
26104,AlphaNumeric,swirl;dreamcast;spiral;blue;name banner,white;blue
26105,TOMEONE,anime;sketch;face;gray;name banner,gray;white
26106,Guild Of Deram,guild;purple;fantasy;dark,purple;black;blue
26107,,cat;cartoon;pattern;gray;circles,white;gray
26108,,cartoon;face;rainbow;pixel art;yellow,white
26109,,line;graph;green;minimal;arrow,green;blue
26110,,cartoon;man;sunglasses;face;red,red;orange
26111,,cartoon;man;sunglasses;face;red,red
26112,,cartoon;man;face;red,red
26113,,cartoon;man;headphones;face;yellow,yellow
26114,,cartoon;man;glasses;face;yellow,yellow;gold
26115,,cartoon;man;angry;face;yellow,yellow;gold
26116,,cartoon;man;glasses;face;orange,orange;brown
26117,,cartoon;man;glasses;face;orange,orange;brown
26118,,cartoon;man;face;orange,orange;brown
26119,,cartoon;man;glasses;face;blue,blue;gray
26120,,cartoon;man;glasses;face;blue,blue
26121,,cartoon;man;face;blue,blue
26501,SCC,space;planet;horizon;dark;light,gray;black
26502,Sanctuary,sanctuary;red;texture;abstract,gray;red;brown;black
26503,nbslim networks,network;logo;blue;stripes,blue;gray;black
26504,tolkien_ring,tolkien;ring;lord of the rings;green;name banner,green;gray
27000,PERSONAL,personal;gray;texture;logo,gray
27001,PSi DANGER,psi;danger;warning;orange;splatter,orange;yellow;red
27002,PSi,psi;road;landscape;blue;photo,blue;cyan;gray
27003,PSi,psi;barbed wire;green;grass;photo,green;gray
27004,PSi WARNING,psi;warning;yellow;splatter,yellow;orange
27005,PSi,psi;abstract;green;splatter,yellow;green;black
27006,PSi,psi;blue;abstract;water,blue
27007,PSi,psi;red;abstract;gradient,red;black
27008,PSi,psi;metal;chrome;dark;curve,gray;black
27009,PSi,psi;fire;orange;abstract,red;orange
27010,PSi,psi;eye;face;glitch;green,gold;yellow;black;gray
27011,PSi,psi;orange;ball;abstract,orange
27012,PSi,psi;road;asphalt;photo;dark,gray;green;gold
27013,THEY MIGHT BE GIANTS,they might be giants;tmbg;band;music;yellow,white;yellow
27014,ENDOR,endor;star wars;white;plain,white
27015,,cyan;tech;glitch;abstract,white;cyan
27016,Funner than listening to corn grow,smiley;joke;blue;sky,cyan;gray
27101,PSi,psi;blue;tech;lines;dark,blue;black
27102,PSi,psi;woman;face;eye;photo,white;green;brown;orange
27103,PSi,psi;space;planet;eclipse;orange,black;orange;brown;gray
27104,PSi,psi;dark;gray;abstract,gray;black
27105,PSi,psi;space;purple;light;nebula,blue;gray;white
27106,PSi,psi;blue;geometric;light,blue
27107,PSi,psi;blue;geometric;light,blue;gray
27108,PSi,psi;beach;ocean;island;tropical,blue;green
27109,PSi,psi;blue;text;abstract;photo,blue;red
27110,PSi,psi;space;stars;orange;dark,red;black;brown
27111,PSi,psi;woman;face;black and white;photo,white;gray
27112,PSi,psi;dark;blue;abstract,black;blue
27113,PSi eSCAPE,psi;escape;dark;blue,blue;black
27114,PSi,psi;eye;face;photo;close-up,white;gray
27115,PSi,psi;blue;geometric;light,blue;gray
27116,PSi,psi;lips;red lips;mouth;woman,gray;black;red
27117,PSi,psi;nsfw;woman;breasts;beach;sand,gray;brown
27118,PSi Some Kind of Monster,psi;metallica;some kind of monster;band;music,gray;black
27119,PSi,psi;dark;gray;abstract;blade,gray
27120,PSi,psi;speaker;audio;black and white,white;gray
27121,PSi,psi;gray;texture;plain,gray
27122,PSi,psi;lines;abstract;dark;tech,black;blue;gray
27123,PSi,psi;lines;abstract;dark;tech,black;blue;gray
27124,PSi,psi;dark;sepia;photo;abstract,brown;black;gray
27125,PSi,psi;blue;light;gradient,blue
27126,PSi,psi;blue;ice;abstract;photo,blue;black
27127,PSi who the fuck am i?,psi;green;dark;profanity;quote,gray;black
27128,PSi,psi;blue;tech;geometric;dark,blue;gray
27129,PSi,psi;blue;tech;geometric;gray,gray;blue
27130,PSi,psi;tech;lines;gray;light,gray
27131,PSi,psi;tech;lines;gray;light,white;gray
27132,PSi,psi;woman;smile;lips;red hair,white;orange;red;gray
27133,PSi PSEUDO ICONS,psi;pseudo icons;sky;blue;logo,blue;gray
27134,PSi,psi;woman;face;lips;black and white,gray;black
27135,psi,psi;neck;chain;black and white;photo,gray;black
27136,PSi,psi;sepia;star;spur;minimal,brown;white;gray
27137,PSi,psi;dark;cat;photo;gray,gray;black
27138,PSi,psi;gray;geometric;abstract;tech,gray;white
27139,PSi,psi;blue;dark;abstract;gradient,blue;black
27140,PSi,psi;gray;gradient;text;minimal,gray
27141,PSi,psi;dark;red;fire;creature,black;gray
27142,PSi,psi;robot;armor;helmet;sci-fi,gray;cyan;white
27143,PSi,psi;teeth;monster;mouth;sepia,brown;yellow
27144,PSi PSEUDO ICONS,psi;pseudo icons;blue;tech;logo,blue
27145,PSi,psi;woman;curly hair;orange;photo,brown;black
27146,PSi,psi;blue;text;pattern;tech,cyan
27147,PSi,psi;nsfw;nude;woman;breasts;sepia;photo,brown;gray
27148,PSi,psi;smoke;purple;abstract,pink;purple;white;gray
27149,PSi,psi;blue;dots;pattern;light,blue
27150,PSi,psi;blue;grid;pattern;light,blue;white
27151,PSi,psi;blue;dots;pattern;light,blue;white
27152,PSi,psi;red;numbers;text;dark,brown;pink;red
27153,PSi,psi;car;sports car;gray;logo,gray;white
27154,PSi,psi;orange;cubes;3d;light,red;orange;brown;yellow
27155,PSi,psi;green;cartoon;face;black and white,green;gray
27156,PSi,psi;blood;splatter;red;white,white;red;gray
27157,PSi,psi;red;plain;dark red,red
27158,PSi BUTTERFLY,psi;butterfly;sepia;text,gray;brown
27159,PSi,psi;green;text;pale;faded,gray
27160,PSi,psi;green;text;pale;faded,gray;green;white
27161,PSi,psi;lightning;purple;energy;dark,blue;purple;gray;black
27162,PSi,psi;jet;airplane;aircraft;sky,blue;gray
27163,PSi,psi;smiley;yellow;gradient;face,gray;yellow
27165,PSi,psi;man;face;eyes;photo,white;gray;red;brown
27166,PSi,psi;black and white;glitch;noise;explosion,gray;black;white
27167,PSi MARIJUANA,psi;marijuana;weed;cannabis;leaves;drugs,green
27168,PSi,psi;sketch;mouse;cartoon;white,white;gray
27169,PSi #0005 +basics+ | kjon,psi;blue;minimal;pen,blue
27170,PSi MARIJUANA,psi;marijuana;weed;cannabis;leaf;drugs,gold;black
27171,PSi,psi;blue;smoke;abstract;clouds,blue;black;cyan;gray
27173,PSi,psi;draplin;logos;stickers;gray;design,gray;white
27174,PSi,psi;green;monster;glow;creature,green;brown
27175,PSi,psi;draplin;logos;stickers;gray;design,gray;white
27176,PSi Support stolen marijuana,psi;marijuana;weed;drugs;joke,gray;yellow;white
27177,PSi,psi;draplin;logos;stickers;gray;design,gray;white
27178,PSi,psi;green;animal;fur;photo,green;brown;gray
27179,PSi DRAPLIN INDUSTRIES,psi;draplin;logos;stickers;gray;design,gray
27180,PSi,psi;draplin;logos;stickers;gray;design,gray;white;black
27181,PSi,psi;draplin;logos;stickers;gray;design,gray;white
27182,PSi,psi;tiger;drawing;black and white;sketch,white;gray
27183,PSi,psi;draplin;logos;stickers;gray;design,gray;white
27185,PSi,psi;white;sketch;faded;minimal,white;gray
27186,PSi MARIJUANA,psi;marijuana;weed;cannabis;leaves;drugs,green
27187,PSi,psi;fire;flames;orange,orange;brown
27189,PSi,psi;green;monster;glow;creature,green;black;brown
27190,PSi,psi;blue;abstract;photo;dark,blue;gray;white
27201,PSi,psi;psychedelic;red;colorful;trippy,red;pink
27301,,blue;smoke;abstract;light,blue
27302,,blue;smoke;abstract;dark,blue;black
27303,BEDHEAD,bedhead;stars;purple;name banner,purple
27401,,blue;smoke;abstract;gray,gray;blue
27501,PSi Happy Happy Joy Joy,psi;ren and stimpy;stimpy;cartoon;nickelodeon,gray;black;blue;green
27502,PSi ilikebigbudsandicannotlie,psi;marijuana;weed;drugs;joke,gray;black;white
27503,PSi,psi;marijuana;weed;drugs;green,gray;brown;green
27801,debian,debian;linux;logo;swirl;operating system,white
27802,SuSE,suse;linux;chameleon;logo;operating system,white;cyan
27803,Mandrakelinux,mandrake;linux;star;logo;operating system,white;blue
27804,G5,power mac g5;apple;mac;computer;metal,gray;black
27805,gentoo,gentoo;linux;logo;operating system,blue
27806,redhat,red hat;linux;logo;shadowman;operating system,red
27810,LINUXCHICK,linux;tux;penguin;woman;torso;black and white,white;gray
27811,LINUXCHICK,linux;tux;penguin;woman;face;blonde,white;orange
28000,LOOPY,loopy;gray;texture;logo,gray
28001,,plain;white;line;minimal;blank,white
28002,,gray;circuit;lines;texture,gray
28003,,grid;cells;light blue;plain;minimal,white;cyan
28004,,rainbow;spectrum;gradient;colorful,green;blue;pink
28005,,purple;tiles;texture;pattern,purple
28006,Macintosh,apple;rainbow apple;mac;macintosh;logo,white;gray
28007,Bondi,apple;imac;bondi blue;mac;logo,white
28008,Blueberry,apple;imac;blueberry;mac;logo,white;gray
28009,Grape,apple;imac;grape;purple;mac,white
28010,Lime,apple;imac;lime;green;mac,white
28011,Strawberry,apple;imac;strawberry;red;mac,white;gray
28012,Tangerine,apple;imac;tangerine;orange;mac,white;gray
28013,Graphite,apple;imac;graphite;gray;mac,white;gray
28014,Indigo,apple;imac;indigo;blue;mac,white
28015,Ruby,apple;imac;ruby;red;mac,white
28016,Sage,apple;imac;sage;green;mac,white
28017,Snow,apple;imac;snow;white;mac,white
29000,PICTICON,picticon;gray;texture;logo,gray
29001,,baby;headphones;black and white;photo;bar,gray;white
29002,,baby;headphones;black and white;photo;bar,white;gray
29003,,baby;headphones;black and white;photo;bar,white;gray
29004,,baby;headphones;black and white;photo;bar,white;gray
29005,Building,building the future;green;dark;logo,black;gray;green
29006,LLLIL,building the future;green;dark;logo,black;gray;green
29007,the,building the future;green;dark;logo,black;green
29008,the Future,building the future;green;dark;logo,black;green;gold
29009,,anime;girl;purple hair;face;cyan,cyan;pink
29010,,anime;girl;purple hair;eyes;cyan,cyan;pink
29011,,anime;girl;purple hair;face;cyan,cyan;pink
29012,,cyan;swirl;abstract;pattern;liquid,blue;white
29013,,cyan;swirl;abstract;pattern;liquid,blue;white
29014,,blue;kaleidoscope;abstract;pattern;symmetry,blue;gray;white
29015,,blue;kaleidoscope;abstract;pattern;symmetry,blue;gray
29016,,blue;kaleidoscope;abstract;pattern;symmetry,blue;gray;white
29020,,car;subaru;wrx;photo;sports car,gray;blue;white
29021,,car;subaru;wrx;hood scoop;photo,gray;black;blue;white
29022,,car;subaru;wrx;hood;photo,white;gray
29023,,car;subaru;wrx;headlight;photo,gray;blue;black
29024,,car;subaru;wrx;bumper;photo,black;blue;gray
30000,,cartoon;face;black and white;pixel art;small icon,white;black;gray
30001,,face;pixel art;green;logo;trademark,gray;green
30002,The Hawk's Nest,hawk's nest;pixel art;face;eyes;name banner,red;white;yellow;pink
30003,,pixel art;face;eyes;white;bar,white;yellow
30004,EVIL,evil;skull;gray;minimal,white
30005,PARA,para;texture;green;purple;name banner,yellow;red;gold;blue
30006,420,420;marijuana;crown;green;bar,black;white
30007,MTN TUNCER,mtn;name banner;red;gradient,black;white;gray;red
30008,MTN NH,mtn;name banner;gradient;face,gray
30009,name nothingmuch leeching upping DRD idle afk mode,status;afk;idle;leeching;text;white,white;gray
31337,TET,31337;elite;leet;tech;blue;pixel art,black;blue
31338,THE AGENCY,the agency;cassette;tape;gray;pixel,gray
31339,HACK THE PLANET.,hack the planet;hackers;cassette;purple;movie quote,purple;gray
31340,,mask;face;dark;logo;video game,black
31341,,the agency;city;skyline;bars;dark,black
31342,,the agency;city;skyline;bars;dark,black;white;blue
31343,THE AGENCY.,the agency;dark;logo;blue,blue;gray;black
31344,,the agency;city;skyline;night;moon;stars,black
31345,,the agency;city;skyline;night;stars,black;blue;white
31346,THE AGENCY.,the agency;night;stars;logo,gray;blue;black
31347,TD,td;eyes;woman;face;photo,brown;gray;black
31348,TD,td;eyes;woman;face;black and white,gray;black
31349,TD,td;eyes;woman;face;photo,brown;black;orange
31350,TD,td;eyes;woman;face;blue eyes,brown;black
31351,TD,td;closed eyes;woman;face;photo,brown;gray;red
31352,TD,td;eyes;woman;face;makeup,brown;orange;red
31353,TD,td;eyes;woman;face;photo,brown;gray;orange
31354,TD,td;eyes;woman;face;pink,red;brown;pink
31355,TD,td;woman;face;pink;purple,pink
31356,TD,td;anime;eyes;blue eyes;face,white;blue;gray
31357,TD,td;pink floyd;dark side of the moon;prism;rainbow;band,gray;brown
31358,TD,td;eye;woman;face;white,white;gray
32000,NOT BAD,not bad;meme;rage face;obama;funny,black;gray;white
32001,POWERRR!,meme;rage face;funny;power,black;gray;white
32002,Nostalgia,nostalgia;globe;sepia;meme,brown;gray
32003,POWERRR!,meme;rage face;funny;power;blue,blue;white;gray
32004,NOT BAD,not bad;meme;rage face;obama;blue,blue;white
32051,Rest In Peace Epo,rip;rest in peace;memorial;globe;gray,gray;white
32052,Rip Epo,rip;rest in peace;memorial;globe;gray,gray
59490,,folder;file;mac;small icon;purple,blue;white;black
